[2026.10.01 00:15:22][Info][Editor] ModCooker: Step Clean has been started!
[2026.10.01 00:15:22][Info][Editor] ModCooker: Step Clean has finished!
[2026.10.01 00:15:22][Info][Core] Reachability		 35.98 ms
[2026.10.01 00:15:22][Info][Core] Collecting unreachables 0.19 ms
[2026.10.01 00:15:22][Info][Core] GC 101084->101084, 832 roots, 36.21 ms
[2026.10.01 00:15:22][Info][Editor] ModCooker: Step Analyze has been started!
[2026.10.01 00:15:22][Info][Editor] ModCooker: Step Analyze has finished!
[2026.10.01 00:15:22][Info][Editor] ModCooker: Step CompileShaders has been started!
[2026.10.01 00:15:22][Info][Editor] ModCooker: Step CompileShaders has finished!
[2026.10.01 00:15:22][Info][WCC] Parsed seed list 'in memory', found 881 seed files to cook, skipped 0
[2026.10.01 00:15:22][Info][WCC] Loading cooker data base...
[2026.10.01 00:15:22][Error][Core] CreateFile failed to open 'd:\games\_modding\w3modding\redkit\projects\witcher3-value-weight\cooked\cook.db' for reading. GetLastError() returned 0x2
[2026.10.01 00:15:22][Warning][WCC] Failed to load existing cooking data base from 'd:\games\_modding\w3modding\redkit\projects\witcher3-value-weight\cooked\cook.db'. New one will be generated.
[2026.10.01 00:15:22][Info][Cooker] Initializing texture cache...
[2026.10.01 00:15:22][Info][WCC] Found 881 files in the initial cooking list
[2026.10.01 00:15:22][Info][Game] CDLCManager::Scan started with scanType=Normal
[2026.10.01 00:15:22][Info][Game] Found reddlc file 'dlc\bob\activation_bob.reddlc', isRuntimeAttached=0; addDlcFile=1, scanType=Normal, requiredContent='None'
[2026.10.01 00:15:22][Info][Game] Found reddlc file 'dlc\bob\bob.reddlc', isRuntimeAttached=0; addDlcFile=1, scanType=Normal, requiredContent='None'
[2026.10.01 00:15:22][Info][Game] Found reddlc file 'dlc\dlc1\dlc1.reddlc', isRuntimeAttached=0; addDlcFile=1, scanType=Normal, requiredContent='None'
[2026.10.01 00:15:22][Info][Game] Found reddlc file 'dlc\dlc2\dlc2.reddlc', isRuntimeAttached=0; addDlcFile=1, scanType=Normal, requiredContent='None'
[2026.10.01 00:15:22][Info][Game] Found reddlc file 'dlc\dlc3\dlc3.reddlc', isRuntimeAttached=0; addDlcFile=1, scanType=Normal, requiredContent='None'
[2026.10.01 00:15:22][Info][Game] Found reddlc file 'dlc\dlc4\dlc4.reddlc', isRuntimeAttached=0; addDlcFile=1, scanType=Normal, requiredContent='None'
[2026.10.01 00:15:22][Info][Game] Found reddlc file 'dlc\dlc5\dlc5.reddlc', isRuntimeAttached=0; addDlcFile=1, scanType=Normal, requiredContent='None'
[2026.10.01 00:15:22][Info][Game] Found reddlc file 'dlc\dlc6\dlc6.reddlc', isRuntimeAttached=0; addDlcFile=1, scanType=Normal, requiredContent='None'
[2026.10.01 00:15:22][Info][Game] Found reddlc file 'dlc\dlc7\dlc7.reddlc', isRuntimeAttached=0; addDlcFile=1, scanType=Normal, requiredContent='None'
[2026.10.01 00:15:22][Info][Game] Found reddlc file 'dlc\dlc8\dlc8.reddlc', isRuntimeAttached=0; addDlcFile=1, scanType=Normal, requiredContent='None'
[2026.10.01 00:15:22][Info][Game] Found reddlc file 'dlc\dlc9\dlc9.reddlc', isRuntimeAttached=0; addDlcFile=1, scanType=Normal, requiredContent='None'
[2026.10.01 00:15:22][Info][Game] Found reddlc file 'dlc\dlc10\dlc10.reddlc', isRuntimeAttached=0; addDlcFile=1, scanType=Normal, requiredContent='None'
[2026.10.01 00:15:22][Info][Game] Found reddlc file 'dlc\dlc11\dlc11.reddlc', isRuntimeAttached=0; addDlcFile=1, scanType=Normal, requiredContent='None'
[2026.10.01 00:15:22][Info][Game] Found reddlc file 'dlc\dlc11\off_dlc11.reddlc', isRuntimeAttached=0; addDlcFile=1, scanType=Normal, requiredContent='None'
[2026.10.01 00:15:22][Info][Game] Found reddlc file 'dlc\dlc12\dlc12.reddlc', isRuntimeAttached=0; addDlcFile=1, scanType=Normal, requiredContent='None'
[2026.10.01 00:15:22][Info][Game] Found reddlc file 'dlc\dlc13\dlc13.reddlc', isRuntimeAttached=0; addDlcFile=1, scanType=Normal, requiredContent='None'
[2026.10.01 00:15:22][Info][Game] Found reddlc file 'dlc\dlc14\dlc14.reddlc', isRuntimeAttached=0; addDlcFile=1, scanType=Normal, requiredContent='None'
[2026.10.01 00:15:22][Info][Game] Found reddlc file 'dlc\dlc15\dlc15.reddlc', isRuntimeAttached=0; addDlcFile=1, scanType=Normal, requiredContent='None'
[2026.10.01 00:15:22][Info][Game] Found reddlc file 'dlc\dlc16\dlc16.reddlc', isRuntimeAttached=0; addDlcFile=1, scanType=Normal, requiredContent='None'
[2026.10.01 00:15:22][Info][Game] Found reddlc file 'dlc\dlc17\dlc17.reddlc', isRuntimeAttached=0; addDlcFile=1, scanType=Normal, requiredContent='None'
[2026.10.01 00:15:22][Info][Game] Found reddlc file 'dlc\dlc18\dlc18.reddlc', isRuntimeAttached=0; addDlcFile=1, scanType=Normal, requiredContent='None'
[2026.10.01 00:15:22][Info][Game] Found reddlc file 'dlc\dlc20\dlc20.reddlc', isRuntimeAttached=0; addDlcFile=1, scanType=Normal, requiredContent='None'
[2026.10.01 00:15:22][Info][Game] Found reddlc file 'dlc\ep1\ep1.reddlc', isRuntimeAttached=0; addDlcFile=1, scanType=Normal, requiredContent='None'
[2026.10.01 00:15:22][Info][Game] [DLC] Found 23 DLC definition files
[2026.10.01 00:15:22][Info][Game] [DLC] No new DLCs found since last scan
[2026.10.01 00:15:22][Info][WCC] PagefileUsage: 6.6 GB
[2026.10.01 00:15:22][Info][WCC] PeakPagefileUsage: 6.7 GB
[2026.10.01 00:15:22][Info][WCC] WorkingSetSize: 3.8 GB
[2026.10.01 00:15:22][Info][WCC] PeakWorkingSetSize: 3.8 GB
[2026.10.01 00:15:22][Info][WCC] Start cooking 'gameplay\gui_new\actionscript\asconfig.json' (isSeedFile: 1)
[2026.10.01 00:15:22][Error][WCC] Failed to load 'gameplay\gui_new\actionscript\asconfig.json' - is this a resource
[2026.10.01 00:15:22][Error][WCC] Failed to cook 'gameplay\gui_new\actionscript\asconfig.json' !
[2026.10.01 00:15:22][Info][WCC] Start cooking 'gameplay\gui_new\actionscript\clik_as3.as3proj' (isSeedFile: 1)
[2026.10.01 00:15:22][Error][WCC] Failed to load 'gameplay\gui_new\actionscript\clik_as3.as3proj' - is this a resource
[2026.10.01 00:15:22][Error][WCC] Failed to cook 'gameplay\gui_new\actionscript\clik_as3.as3proj' !
[2026.10.01 00:15:22][Info][WCC] Start cooking 'gameplay\gui_new\actionscript\com\gskinner\geom\colormatrix.as' (isSeedFile: 1)
[2026.10.01 00:15:22][Error][WCC] Failed to load 'gameplay\gui_new\actionscript\com\gskinner\geom\colormatrix.as' - is this a resource
[2026.10.01 00:15:22][Error][WCC] Failed to cook 'gameplay\gui_new\actionscript\com\gskinner\geom\colormatrix.as' !
[2026.10.01 00:15:22][Info][WCC] Start cooking 'gameplay\gui_new\actionscript\com\gskinner\motion\easing\back.as' (isSeedFile: 1)
[2026.10.01 00:15:22][Error][WCC] Failed to load 'gameplay\gui_new\actionscript\com\gskinner\motion\easing\back.as' - is this a resource
[2026.10.01 00:15:22][Error][WCC] Failed to cook 'gameplay\gui_new\actionscript\com\gskinner\motion\easing\back.as' !
[2026.10.01 00:15:22][Info][WCC] Start cooking 'gameplay\gui_new\actionscript\com\gskinner\motion\easing\bounce.as' (isSeedFile: 1)
[2026.10.01 00:15:22][Error][WCC] Failed to load 'gameplay\gui_new\actionscript\com\gskinner\motion\easing\bounce.as' - is this a resource
[2026.10.01 00:15:22][Error][WCC] Failed to cook 'gameplay\gui_new\actionscript\com\gskinner\motion\easing\bounce.as' !
[2026.10.01 00:15:22][Info][WCC] Start cooking 'gameplay\gui_new\actionscript\com\gskinner\motion\easing\circular.as' (isSeedFile: 1)
[2026.10.01 00:15:22][Error][WCC] Failed to load 'gameplay\gui_new\actionscript\com\gskinner\motion\easing\circular.as' - is this a resource
[2026.10.01 00:15:22][Error][WCC] Failed to cook 'gameplay\gui_new\actionscript\com\gskinner\motion\easing\circular.as' !
[2026.10.01 00:15:22][Info][WCC] Start cooking 'gameplay\gui_new\actionscript\com\gskinner\motion\easing\cubic.as' (isSeedFile: 1)
[2026.10.01 00:15:22][Error][WCC] Failed to load 'gameplay\gui_new\actionscript\com\gskinner\motion\easing\cubic.as' - is this a resource
[2026.10.01 00:15:22][Error][WCC] Failed to cook 'gameplay\gui_new\actionscript\com\gskinner\motion\easing\cubic.as' !
[2026.10.01 00:15:22][Info][WCC] Start cooking 'gameplay\gui_new\actionscript\com\gskinner\motion\easing\elastic.as' (isSeedFile: 1)
[2026.10.01 00:15:22][Error][WCC] Failed to load 'gameplay\gui_new\actionscript\com\gskinner\motion\easing\elastic.as' - is this a resource
[2026.10.01 00:15:22][Error][WCC] Failed to cook 'gameplay\gui_new\actionscript\com\gskinner\motion\easing\elastic.as' !
[2026.10.01 00:15:22][Info][WCC] Start cooking 'gameplay\gui_new\actionscript\com\gskinner\motion\easing\exponential.as' (isSeedFile: 1)
[2026.10.01 00:15:22][Error][WCC] Failed to load 'gameplay\gui_new\actionscript\com\gskinner\motion\easing\exponential.as' - is this a resource
[2026.10.01 00:15:22][Error][WCC] Failed to cook 'gameplay\gui_new\actionscript\com\gskinner\motion\easing\exponential.as' !
[2026.10.01 00:15:22][Info][WCC] Start cooking 'gameplay\gui_new\actionscript\com\gskinner\motion\easing\linear.as' (isSeedFile: 1)
[2026.10.01 00:15:22][Error][WCC] Failed to load 'gameplay\gui_new\actionscript\com\gskinner\motion\easing\linear.as' - is this a resource
[2026.10.01 00:15:22][Error][WCC] Failed to cook 'gameplay\gui_new\actionscript\com\gskinner\motion\easing\linear.as' !
[2026.10.01 00:15:22][Info][WCC] Start cooking 'gameplay\gui_new\actionscript\com\gskinner\motion\easing\quadratic.as' (isSeedFile: 1)
[2026.10.01 00:15:22][Error][WCC] Failed to load 'gameplay\gui_new\actionscript\com\gskinner\motion\easing\quadratic.as' - is this a resource
[2026.10.01 00:15:22][Error][WCC] Failed to cook 'gameplay\gui_new\actionscript\com\gskinner\motion\easing\quadratic.as' !
[2026.10.01 00:15:22][Info][WCC] Start cooking 'gameplay\gui_new\actionscript\com\gskinner\motion\easing\quartic.as' (isSeedFile: 1)
[2026.10.01 00:15:22][Error][WCC] Failed to load 'gameplay\gui_new\actionscript\com\gskinner\motion\easing\quartic.as' - is this a resource
[2026.10.01 00:15:22][Error][WCC] Failed to cook 'gameplay\gui_new\actionscript\com\gskinner\motion\easing\quartic.as' !
[2026.10.01 00:15:22][Info][WCC] Start cooking 'gameplay\gui_new\actionscript\com\gskinner\motion\easing\quintic.as' (isSeedFile: 1)
[2026.10.01 00:15:22][Error][WCC] Failed to load 'gameplay\gui_new\actionscript\com\gskinner\motion\easing\quintic.as' - is this a resource
[2026.10.01 00:15:22][Error][WCC] Failed to cook 'gameplay\gui_new\actionscript\com\gskinner\motion\easing\quintic.as' !
[2026.10.01 00:15:22][Info][WCC] Start cooking 'gameplay\gui_new\actionscript\com\gskinner\motion\easing\sine.as' (isSeedFile: 1)
[2026.10.01 00:15:22][Error][WCC] Failed to load 'gameplay\gui_new\actionscript\com\gskinner\motion\easing\sine.as' - is this a resource
[2026.10.01 00:15:22][Error][WCC] Failed to cook 'gameplay\gui_new\actionscript\com\gskinner\motion\easing\sine.as' !
[2026.10.01 00:15:22][Info][WCC] Start cooking 'gameplay\gui_new\actionscript\com\gskinner\motion\gtween.as' (isSeedFile: 1)
[2026.10.01 00:15:22][Error][WCC] Failed to load 'gameplay\gui_new\actionscript\com\gskinner\motion\gtween.as' - is this a resource
[2026.10.01 00:15:22][Error][WCC] Failed to cook 'gameplay\gui_new\actionscript\com\gskinner\motion\gtween.as' !
[2026.10.01 00:15:22][Info][WCC] Start cooking 'gameplay\gui_new\actionscript\com\gskinner\motion\gtweener.as' (isSeedFile: 1)
[2026.10.01 00:15:22][Error][WCC] Failed to load 'gameplay\gui_new\actionscript\com\gskinner\motion\gtweener.as' - is this a resource
[2026.10.01 00:15:22][Error][WCC] Failed to cook 'gameplay\gui_new\actionscript\com\gskinner\motion\gtweener.as' !
[2026.10.01 00:15:22][Info][WCC] Start cooking 'gameplay\gui_new\actionscript\com\gskinner\motion\gtweentimeline.as' (isSeedFile: 1)
[2026.10.01 00:15:22][Error][WCC] Failed to load 'gameplay\gui_new\actionscript\com\gskinner\motion\gtweentimeline.as' - is this a resource
[2026.10.01 00:15:22][Error][WCC] Failed to cook 'gameplay\gui_new\actionscript\com\gskinner\motion\gtweentimeline.as' !
[2026.10.01 00:15:22][Info][WCC] Start cooking 'gameplay\gui_new\actionscript\com\gskinner\motion\plugins\autohideplugin.as' (isSeedFile: 1)
[2026.10.01 00:15:22][Error][WCC] Failed to load 'gameplay\gui_new\actionscript\com\gskinner\motion\plugins\autohideplugin.as' - is this a resource
[2026.10.01 00:15:22][Error][WCC] Failed to cook 'gameplay\gui_new\actionscript\com\gskinner\motion\plugins\autohideplugin.as' !
[2026.10.01 00:15:22][Info][WCC] Start cooking 'gameplay\gui_new\actionscript\com\gskinner\motion\plugins\blurplugin.as' (isSeedFile: 1)
[2026.10.01 00:15:22][Error][WCC] Failed to load 'gameplay\gui_new\actionscript\com\gskinner\motion\plugins\blurplugin.as' - is this a resource
[2026.10.01 00:15:22][Error][WCC] Failed to cook 'gameplay\gui_new\actionscript\com\gskinner\motion\plugins\blurplugin.as' !
[2026.10.01 00:15:22][Info][WCC] Start cooking 'gameplay\gui_new\actionscript\com\gskinner\motion\plugins\coloradjustplugin.as' (isSeedFile: 1)
[2026.10.01 00:15:22][Error][WCC] Failed to load 'gameplay\gui_new\actionscript\com\gskinner\motion\plugins\coloradjustplugin.as' - is this a resource
[2026.10.01 00:15:22][Error][WCC] Failed to cook 'gameplay\gui_new\actionscript\com\gskinner\motion\plugins\coloradjustplugin.as' !
[2026.10.01 00:15:22][Info][WCC] Start cooking 'gameplay\gui_new\actionscript\com\gskinner\motion\plugins\colortransformplugin.as' (isSeedFile: 1)
[2026.10.01 00:15:22][Error][WCC] Failed to load 'gameplay\gui_new\actionscript\com\gskinner\motion\plugins\colortransformplugin.as' - is this a resource
[2026.10.01 00:15:22][Error][WCC] Failed to cook 'gameplay\gui_new\actionscript\com\gskinner\motion\plugins\colortransformplugin.as' !
[2026.10.01 00:15:22][Info][WCC] Start cooking 'gameplay\gui_new\actionscript\com\gskinner\motion\plugins\currentframeplugin.as' (isSeedFile: 1)
[2026.10.01 00:15:22][Error][WCC] Failed to load 'gameplay\gui_new\actionscript\com\gskinner\motion\plugins\currentframeplugin.as' - is this a resource
[2026.10.01 00:15:22][Error][WCC] Failed to cook 'gameplay\gui_new\actionscript\com\gskinner\motion\plugins\currentframeplugin.as' !
[2026.10.01 00:15:22][Info][WCC] Start cooking 'gameplay\gui_new\actionscript\com\gskinner\motion\plugins\igtweenplugin.as' (isSeedFile: 1)
[2026.10.01 00:15:22][Error][WCC] Failed to load 'gameplay\gui_new\actionscript\com\gskinner\motion\plugins\igtweenplugin.as' - is this a resource
[2026.10.01 00:15:22][Error][WCC] Failed to cook 'gameplay\gui_new\actionscript\com\gskinner\motion\plugins\igtweenplugin.as' !
[2026.10.01 00:15:22][Info][WCC] Start cooking 'gameplay\gui_new\actionscript\com\gskinner\motion\plugins\matrixplugin.as' (isSeedFile: 1)
[2026.10.01 00:15:22][Error][WCC] Failed to load 'gameplay\gui_new\actionscript\com\gskinner\motion\plugins\matrixplugin.as' - is this a resource
[2026.10.01 00:15:22][Error][WCC] Failed to cook 'gameplay\gui_new\actionscript\com\gskinner\motion\plugins\matrixplugin.as' !
[2026.10.01 00:15:22][Info][WCC] Start cooking 'gameplay\gui_new\actionscript\com\gskinner\motion\plugins\motionblurplugin.as' (isSeedFile: 1)
[2026.10.01 00:15:22][Error][WCC] Failed to load 'gameplay\gui_new\actionscript\com\gskinner\motion\plugins\motionblurplugin.as' - is this a resource
[2026.10.01 00:15:22][Error][WCC] Failed to cook 'gameplay\gui_new\actionscript\com\gskinner\motion\plugins\motionblurplugin.as' !
[2026.10.01 00:15:22][Info][WCC] Start cooking 'gameplay\gui_new\actionscript\com\gskinner\motion\plugins\smartrotationplugin.as' (isSeedFile: 1)
[2026.10.01 00:15:22][Error][WCC] Failed to load 'gameplay\gui_new\actionscript\com\gskinner\motion\plugins\smartrotationplugin.as' - is this a resource
[2026.10.01 00:15:22][Error][WCC] Failed to cook 'gameplay\gui_new\actionscript\com\gskinner\motion\plugins\smartrotationplugin.as' !
[2026.10.01 00:15:22][Info][WCC] Start cooking 'gameplay\gui_new\actionscript\com\gskinner\motion\plugins\snappingplugin.as' (isSeedFile: 1)
[2026.10.01 00:15:22][Error][WCC] Failed to load 'gameplay\gui_new\actionscript\com\gskinner\motion\plugins\snappingplugin.as' - is this a resource
[2026.10.01 00:15:22][Error][WCC] Failed to cook 'gameplay\gui_new\actionscript\com\gskinner\motion\plugins\snappingplugin.as' !
[2026.10.01 00:15:22][Info][WCC] Start cooking 'gameplay\gui_new\actionscript\com\gskinner\motion\plugins\soundtransformplugin.as' (isSeedFile: 1)
[2026.10.01 00:15:22][Error][WCC] Failed to load 'gameplay\gui_new\actionscript\com\gskinner\motion\plugins\soundtransformplugin.as' - is this a resource
[2026.10.01 00:15:22][Error][WCC] Failed to cook 'gameplay\gui_new\actionscript\com\gskinner\motion\plugins\soundtransformplugin.as' !
[2026.10.01 00:15:22][Info][WCC] Start cooking 'gameplay\gui_new\actionscript\description.txt' (isSeedFile: 1)
[2026.10.01 00:15:22][Error][WCC] Failed to load 'gameplay\gui_new\actionscript\description.txt' - is this a resource
[2026.10.01 00:15:22][Error][WCC] Failed to cook 'gameplay\gui_new\actionscript\description.txt' !
[2026.10.01 00:15:22][Info][WCC] Start cooking 'gameplay\gui_new\actionscript\red\core\constants\keycode.as' (isSeedFile: 1)
[2026.10.01 00:15:22][Error][WCC] Failed to load 'gameplay\gui_new\actionscript\red\core\constants\keycode.as' - is this a resource
[2026.10.01 00:15:22][Error][WCC] Failed to cook 'gameplay\gui_new\actionscript\red\core\constants\keycode.as' !
[2026.10.01 00:15:22][Info][WCC] Start cooking 'gameplay\gui_new\actionscript\red\core\corecomponent.as' (isSeedFile: 1)
[2026.10.01 00:15:22][Error][WCC] Failed to load 'gameplay\gui_new\actionscript\red\core\corecomponent.as' - is this a resource
[2026.10.01 00:15:22][Error][WCC] Failed to cook 'gameplay\gui_new\actionscript\red\core\corecomponent.as' !
[2026.10.01 00:15:22][Info][WCC] Start cooking 'gameplay\gui_new\actionscript\red\core\corehud.as' (isSeedFile: 1)
[2026.10.01 00:15:22][Error][WCC] Failed to load 'gameplay\gui_new\actionscript\red\core\corehud.as' - is this a resource
[2026.10.01 00:15:22][Error][WCC] Failed to cook 'gameplay\gui_new\actionscript\red\core\corehud.as' !
[2026.10.01 00:15:22][Info][WCC] Start cooking 'gameplay\gui_new\actionscript\red\core\corehudmodule.as' (isSeedFile: 1)
[2026.10.01 00:15:22][Error][WCC] Failed to load 'gameplay\gui_new\actionscript\red\core\corehudmodule.as' - is this a resource
[2026.10.01 00:15:22][Error][WCC] Failed to cook 'gameplay\gui_new\actionscript\red\core\corehudmodule.as' !
[2026.10.01 00:15:22][Info][WCC] Start cooking 'gameplay\gui_new\actionscript\red\core\coremenu.as' (isSeedFile: 1)
[2026.10.01 00:15:22][Error][WCC] Failed to load 'gameplay\gui_new\actionscript\red\core\coremenu.as' - is this a resource
[2026.10.01 00:15:22][Error][WCC] Failed to cook 'gameplay\gui_new\actionscript\red\core\coremenu.as' !
[2026.10.01 00:15:22][Info][WCC] Start cooking 'gameplay\gui_new\actionscript\red\core\coremenumodule.as' (isSeedFile: 1)
[2026.10.01 00:15:22][Error][WCC] Failed to load 'gameplay\gui_new\actionscript\red\core\coremenumodule.as' - is this a resource
[2026.10.01 00:15:22][Error][WCC] Failed to cook 'gameplay\gui_new\actionscript\red\core\coremenumodule.as' !
[2026.10.01 00:15:22][Info][WCC] Start cooking 'gameplay\gui_new\actionscript\red\core\corepopup.as' (isSeedFile: 1)
[2026.10.01 00:15:22][Error][WCC] Failed to load 'gameplay\gui_new\actionscript\red\core\corepopup.as' - is this a resource
[2026.10.01 00:15:22][Error][WCC] Failed to cook 'gameplay\gui_new\actionscript\red\core\corepopup.as' !
[2026.10.01 00:15:22][Info][WCC] Start cooking 'gameplay\gui_new\actionscript\red\core\data\inputaxisdata.as' (isSeedFile: 1)
[2026.10.01 00:15:22][Error][WCC] Failed to load 'gameplay\gui_new\actionscript\red\core\data\inputaxisdata.as' - is this a resource
[2026.10.01 00:15:22][Error][WCC] Failed to cook 'gameplay\gui_new\actionscript\red\core\data\inputaxisdata.as' !
[2026.10.01 00:15:22][Info][WCC] Start cooking 'gameplay\gui_new\actionscript\red\core\events\gameevent.as' (isSeedFile: 1)
[2026.10.01 00:15:22][Error][WCC] Failed to load 'gameplay\gui_new\actionscript\red\core\events\gameevent.as' - is this a resource
[2026.10.01 00:15:22][Error][WCC] Failed to cook 'gameplay\gui_new\actionscript\red\core\events\gameevent.as' !
[2026.10.01 00:15:22][Info][WCC] Start cooking 'gameplay\gui_new\actionscript\red\core\events\gestureeventex.as' (isSeedFile: 1)
[2026.10.01 00:15:22][Error][WCC] Failed to load 'gameplay\gui_new\actionscript\red\core\events\gestureeventex.as' - is this a resource
[2026.10.01 00:15:22][Error][WCC] Failed to cook 'gameplay\gui_new\actionscript\red\core\events\gestureeventex.as' !
[2026.10.01 00:15:22][Info][WCC] Start cooking 'gameplay\gui_new\actionscript\red\core\events\transformgestureeventex.as' (isSeedFile: 1)
[2026.10.01 00:15:22][Error][WCC] Failed to load 'gameplay\gui_new\actionscript\red\core\events\transformgestureeventex.as' - is this a resource
[2026.10.01 00:15:22][Error][WCC] Failed to cook 'gameplay\gui_new\actionscript\red\core\events\transformgestureeventex.as' !
[2026.10.01 00:15:22][Info][WCC] Start cooking 'gameplay\gui_new\actionscript\red\core\igameadapter.as' (isSeedFile: 1)
[2026.10.01 00:15:22][Error][WCC] Failed to load 'gameplay\gui_new\actionscript\red\core\igameadapter.as' - is this a resource
[2026.10.01 00:15:22][Error][WCC] Failed to cook 'gameplay\gui_new\actionscript\red\core\igameadapter.as' !
[2026.10.01 00:15:22][Info][WCC] Start cooking 'gameplay\gui_new\actionscript\red\core\overlay\blackscreen.as' (isSeedFile: 1)
[2026.10.01 00:15:22][Error][WCC] Failed to load 'gameplay\gui_new\actionscript\red\core\overlay\blackscreen.as' - is this a resource
[2026.10.01 00:15:22][Error][WCC] Failed to cook 'gameplay\gui_new\actionscript\red\core\overlay\blackscreen.as' !
[2026.10.01 00:15:22][Info][WCC] Start cooking 'gameplay\gui_new\actionscript\red\core\overlay\loadingoverlay.as' (isSeedFile: 1)
[2026.10.01 00:15:22][Error][WCC] Failed to load 'gameplay\gui_new\actionscript\red\core\overlay\loadingoverlay.as' - is this a resource
[2026.10.01 00:15:22][Error][WCC] Failed to cook 'gameplay\gui_new\actionscript\red\core\overlay\loadingoverlay.as' !
[2026.10.01 00:15:22][Info][WCC] Start cooking 'gameplay\gui_new\actionscript\red\core\overlay\loadingscreen.as' (isSeedFile: 1)
[2026.10.01 00:15:22][Error][WCC] Failed to load 'gameplay\gui_new\actionscript\red\core\overlay\loadingscreen.as' - is this a resource
[2026.10.01 00:15:22][Error][WCC] Failed to cook 'gameplay\gui_new\actionscript\red\core\overlay\loadingscreen.as' !
[2026.10.01 00:15:22][Info][WCC] Start cooking 'gameplay\gui_new\actionscript\red\core\overlay\savingoverlay.as' (isSeedFile: 1)
[2026.10.01 00:15:22][Error][WCC] Failed to load 'gameplay\gui_new\actionscript\red\core\overlay\savingoverlay.as' - is this a resource
[2026.10.01 00:15:22][Error][WCC] Failed to cook 'gameplay\gui_new\actionscript\red\core\overlay\savingoverlay.as' !
[2026.10.01 00:15:22][Info][WCC] Start cooking 'gameplay\gui_new\actionscript\red\core\utils\debug.as' (isSeedFile: 1)
[2026.10.01 00:15:22][Error][WCC] Failed to load 'gameplay\gui_new\actionscript\red\core\utils\debug.as' - is this a resource
[2026.10.01 00:15:22][Error][WCC] Failed to cook 'gameplay\gui_new\actionscript\red\core\utils\debug.as' !
[2026.10.01 00:15:22][Info][WCC] Start cooking 'gameplay\gui_new\actionscript\red\core\utils\inpututils.as' (isSeedFile: 1)
[2026.10.01 00:15:22][Error][WCC] Failed to load 'gameplay\gui_new\actionscript\red\core\utils\inpututils.as' - is this a resource
[2026.10.01 00:15:22][Error][WCC] Failed to cook 'gameplay\gui_new\actionscript\red\core\utils\inpututils.as' !
[2026.10.01 00:15:22][Info][WCC] Start cooking 'gameplay\gui_new\actionscript\red\game\witcher3\constants\aspectratio.as' (isSeedFile: 1)
[2026.10.01 00:15:22][Error][WCC] Failed to load 'gameplay\gui_new\actionscript\red\game\witcher3\constants\aspectratio.as' - is this a resource
[2026.10.01 00:15:22][Error][WCC] Failed to cook 'gameplay\gui_new\actionscript\red\game\witcher3\constants\aspectratio.as' !
[2026.10.01 00:15:22][Info][WCC] Start cooking 'gameplay\gui_new\actionscript\red\game\witcher3\constants\commonconstants.as' (isSeedFile: 1)
[2026.10.01 00:15:22][Error][WCC] Failed to load 'gameplay\gui_new\actionscript\red\game\witcher3\constants\commonconstants.as' - is this a resource
[2026.10.01 00:15:22][Error][WCC] Failed to cook 'gameplay\gui_new\actionscript\red\game\witcher3\constants\commonconstants.as' !
[2026.10.01 00:15:22][Info][WCC] Start cooking 'gameplay\gui_new\actionscript\red\game\witcher3\constants\cursortype.as' (isSeedFile: 1)
[2026.10.01 00:15:22][Error][WCC] Failed to load 'gameplay\gui_new\actionscript\red\game\witcher3\constants\cursortype.as' - is this a resource
[2026.10.01 00:15:22][Error][WCC] Failed to cook 'gameplay\gui_new\actionscript\red\game\witcher3\constants\cursortype.as' !
[2026.10.01 00:15:22][Info][WCC] Start cooking 'gameplay\gui_new\actionscript\red\game\witcher3\constants\debugdataprovider.as' (isSeedFile: 1)
[2026.10.01 00:15:22][Error][WCC] Failed to load 'gameplay\gui_new\actionscript\red\game\witcher3\constants\debugdataprovider.as' - is this a resource
[2026.10.01 00:15:22][Error][WCC] Failed to cook 'gameplay\gui_new\actionscript\red\game\witcher3\constants\debugdataprovider.as' !
[2026.10.01 00:15:22][Info][WCC] Start cooking 'gameplay\gui_new\actionscript\red\game\witcher3\constants\einputdevicetype.as' (isSeedFile: 1)
[2026.10.01 00:15:22][Error][WCC] Failed to load 'gameplay\gui_new\actionscript\red\game\witcher3\constants\einputdevicetype.as' - is this a resource
[2026.10.01 00:15:22][Error][WCC] Failed to cook 'gameplay\gui_new\actionscript\red\game\witcher3\constants\einputdevicetype.as' !
[2026.10.01 00:15:22][Info][WCC] Start cooking 'gameplay\gui_new\actionscript\red\game\witcher3\constants\einputpriority.as' (isSeedFile: 1)
[2026.10.01 00:15:22][Error][WCC] Failed to load 'gameplay\gui_new\actionscript\red\game\witcher3\constants\einputpriority.as' - is this a resource
[2026.10.01 00:15:22][Error][WCC] Failed to cook 'gameplay\gui_new\actionscript\red\game\witcher3\constants\einputpriority.as' !
[2026.10.01 00:15:22][Info][WCC] Start cooking 'gameplay\gui_new\actionscript\red\game\witcher3\constants\gwintinputfeedback.as' (isSeedFile: 1)
[2026.10.01 00:15:22][Error][WCC] Failed to load 'gameplay\gui_new\actionscript\red\game\witcher3\constants\gwintinputfeedback.as' - is this a resource
[2026.10.01 00:15:22][Error][WCC] Failed to cook 'gameplay\gui_new\actionscript\red\game\witcher3\constants\gwintinputfeedback.as' !
[2026.10.01 00:15:22][Info][WCC] Start cooking 'gameplay\gui_new\actionscript\red\game\witcher3\constants\hudbloodmesstype.as' (isSeedFile: 1)
[2026.10.01 00:15:22][Error][WCC] Failed to load 'gameplay\gui_new\actionscript\red\game\witcher3\constants\hudbloodmesstype.as' - is this a resource
[2026.10.01 00:15:22][Error][WCC] Failed to cook 'gameplay\gui_new\actionscript\red\game\witcher3\constants\hudbloodmesstype.as' !
[2026.10.01 00:15:22][Info][WCC] Start cooking 'gameplay\gui_new\actionscript\red\game\witcher3\constants\inventoryactiontype.as' (isSeedFile: 1)
[2026.10.01 00:15:22][Error][WCC] Failed to load 'gameplay\gui_new\actionscript\red\game\witcher3\constants\inventoryactiontype.as' - is this a resource
[2026.10.01 00:15:22][Error][WCC] Failed to cook 'gameplay\gui_new\actionscript\red\game\witcher3\constants\inventoryactiontype.as' !
[2026.10.01 00:15:22][Info][WCC] Start cooking 'gameplay\gui_new\actionscript\red\game\witcher3\constants\inventoryfiltertype.as' (isSeedFile: 1)
[2026.10.01 00:15:22][Error][WCC] Failed to load 'gameplay\gui_new\actionscript\red\game\witcher3\constants\inventoryfiltertype.as' - is this a resource
[2026.10.01 00:15:22][Error][WCC] Failed to cook 'gameplay\gui_new\actionscript\red\game\witcher3\constants\inventoryfiltertype.as' !
[2026.10.01 00:15:22][Info][WCC] Start cooking 'gameplay\gui_new\actionscript\red\game\witcher3\constants\inventoryslottype.as' (isSeedFile: 1)
[2026.10.01 00:15:22][Error][WCC] Failed to load 'gameplay\gui_new\actionscript\red\game\witcher3\constants\inventoryslottype.as' - is this a resource
[2026.10.01 00:15:22][Error][WCC] Failed to cook 'gameplay\gui_new\actionscript\red\game\witcher3\constants\inventoryslottype.as' !
[2026.10.01 00:15:22][Info][WCC] Start cooking 'gameplay\gui_new\actionscript\red\game\witcher3\constants\itemquality.as' (isSeedFile: 1)
[2026.10.01 00:15:22][Error][WCC] Failed to load 'gameplay\gui_new\actionscript\red\game\witcher3\constants\itemquality.as' - is this a resource
[2026.10.01 00:15:22][Error][WCC] Failed to cook 'gameplay\gui_new\actionscript\red\game\witcher3\constants\itemquality.as' !
[2026.10.01 00:15:22][Info][WCC] Start cooking 'gameplay\gui_new\actionscript\red\game\witcher3\constants\keyboardkeys.as' (isSeedFile: 1)
[2026.10.01 00:15:22][Error][WCC] Failed to load 'gameplay\gui_new\actionscript\red\game\witcher3\constants\keyboardkeys.as' - is this a resource
[2026.10.01 00:15:22][Error][WCC] Failed to cook 'gameplay\gui_new\actionscript\red\game\witcher3\constants\keyboardkeys.as' !
[2026.10.01 00:15:22][Info][WCC] Start cooking 'gameplay\gui_new\actionscript\red\game\witcher3\constants\keycode.as' (isSeedFile: 1)
[2026.10.01 00:15:22][Error][WCC] Failed to load 'gameplay\gui_new\actionscript\red\game\witcher3\constants\keycode.as' - is this a resource
[2026.10.01 00:15:22][Error][WCC] Failed to cook 'gameplay\gui_new\actionscript\red\game\witcher3\constants\keycode.as' !
[2026.10.01 00:15:22][Info][WCC] Start cooking 'gameplay\gui_new\actionscript\red\game\witcher3\constants\mapstate.as' (isSeedFile: 1)
[2026.10.01 00:15:22][Error][WCC] Failed to load 'gameplay\gui_new\actionscript\red\game\witcher3\constants\mapstate.as' - is this a resource
[2026.10.01 00:15:22][Error][WCC] Failed to cook 'gameplay\gui_new\actionscript\red\game\witcher3\constants\mapstate.as' !
[2026.10.01 00:15:22][Info][WCC] Start cooking 'gameplay\gui_new\actionscript\red\game\witcher3\constants\messagebutton.as' (isSeedFile: 1)
[2026.10.01 00:15:22][Error][WCC] Failed to load 'gameplay\gui_new\actionscript\red\game\witcher3\constants\messagebutton.as' - is this a resource
[2026.10.01 00:15:22][Error][WCC] Failed to cook 'gameplay\gui_new\actionscript\red\game\witcher3\constants\messagebutton.as' !
[2026.10.01 00:15:22][Info][WCC] Start cooking 'gameplay\gui_new\actionscript\red\game\witcher3\constants\mutationresourcetype.as' (isSeedFile: 1)
[2026.10.01 00:15:22][Error][WCC] Failed to load 'gameplay\gui_new\actionscript\red\game\witcher3\constants\mutationresourcetype.as' - is this a resource
[2026.10.01 00:15:22][Error][WCC] Failed to cook 'gameplay\gui_new\actionscript\red\game\witcher3\constants\mutationresourcetype.as' !
[2026.10.01 00:15:22][Info][WCC] Start cooking 'gameplay\gui_new\actionscript\red\game\witcher3\constants\platformtype.as' (isSeedFile: 1)
[2026.10.01 00:15:22][Error][WCC] Failed to load 'gameplay\gui_new\actionscript\red\game\witcher3\constants\platformtype.as' - is this a resource
[2026.10.01 00:15:22][Error][WCC] Failed to cook 'gameplay\gui_new\actionscript\red\game\witcher3\constants\platformtype.as' !
[2026.10.01 00:15:22][Info][WCC] Start cooking 'gameplay\gui_new\actionscript\red\game\witcher3\constants\queststatustype.as' (isSeedFile: 1)
[2026.10.01 00:15:22][Error][WCC] Failed to load 'gameplay\gui_new\actionscript\red\game\witcher3\constants\queststatustype.as' - is this a resource
[2026.10.01 00:15:22][Error][WCC] Failed to cook 'gameplay\gui_new\actionscript\red\game\witcher3\constants\queststatustype.as' !
[2026.10.01 00:15:22][Info][WCC] Start cooking 'gameplay\gui_new\actionscript\red\game\witcher3\constants\skillcolor.as' (isSeedFile: 1)
[2026.10.01 00:15:22][Error][WCC] Failed to load 'gameplay\gui_new\actionscript\red\game\witcher3\constants\skillcolor.as' - is this a resource
[2026.10.01 00:15:22][Error][WCC] Failed to cook 'gameplay\gui_new\actionscript\red\game\witcher3\constants\skillcolor.as' !
[2026.10.01 00:15:22][Info][WCC] Start cooking 'gameplay\gui_new\actionscript\red\game\witcher3\constants\slotvisualstate.as' (isSeedFile: 1)
[2026.10.01 00:15:22][Error][WCC] Failed to load 'gameplay\gui_new\actionscript\red\game\witcher3\constants\slotvisualstate.as' - is this a resource
[2026.10.01 00:15:22][Error][WCC] Failed to cook 'gameplay\gui_new\actionscript\red\game\witcher3\constants\slotvisualstate.as' !
[2026.10.01 00:15:22][Info][WCC] Start cooking 'gameplay\gui_new\actionscript\red\game\witcher3\constants\sysmessagetype.as' (isSeedFile: 1)
[2026.10.01 00:15:22][Error][WCC] Failed to load 'gameplay\gui_new\actionscript\red\game\witcher3\constants\sysmessagetype.as' - is this a resource
[2026.10.01 00:15:22][Error][WCC] Failed to cook 'gameplay\gui_new\actionscript\red\game\witcher3\constants\sysmessagetype.as' !
[2026.10.01 00:15:22][Info][WCC] Start cooking 'gameplay\gui_new\actionscript\red\game\witcher3\constants\textcolor.as' (isSeedFile: 1)
[2026.10.01 00:15:22][Error][WCC] Failed to load 'gameplay\gui_new\actionscript\red\game\witcher3\constants\textcolor.as' - is this a resource
[2026.10.01 00:15:22][Error][WCC] Failed to cook 'gameplay\gui_new\actionscript\red\game\witcher3\constants\textcolor.as' !
[2026.10.01 00:15:22][Info][WCC] Start cooking 'gameplay\gui_new\actionscript\red\game\witcher3\constants\tooltipalignment.as' (isSeedFile: 1)
[2026.10.01 00:15:22][Error][WCC] Failed to load 'gameplay\gui_new\actionscript\red\game\witcher3\constants\tooltipalignment.as' - is this a resource
[2026.10.01 00:15:22][Error][WCC] Failed to cook 'gameplay\gui_new\actionscript\red\game\witcher3\constants\tooltipalignment.as' !
[2026.10.01 00:15:22][Info][WCC] Start cooking 'gameplay\gui_new\actionscript\red\game\witcher3\controls\advancedtablistitem.as' (isSeedFile: 1)
[2026.10.01 00:15:22][Error][WCC] Failed to load 'gameplay\gui_new\actionscript\red\game\witcher3\controls\advancedtablistitem.as' - is this a resource
[2026.10.01 00:15:22][Error][WCC] Failed to cook 'gameplay\gui_new\actionscript\red\game\witcher3\controls\advancedtablistitem.as' !
[2026.10.01 00:15:22][Info][WCC] Start cooking 'gameplay\gui_new\actionscript\red\game\witcher3\controls\baselistitem.as' (isSeedFile: 1)
[2026.10.01 00:15:22][Error][WCC] Failed to load 'gameplay\gui_new\actionscript\red\game\witcher3\controls\baselistitem.as' - is this a resource
[2026.10.01 00:15:22][Error][WCC] Failed to cook 'gameplay\gui_new\actionscript\red\game\witcher3\controls\baselistitem.as' !
[2026.10.01 00:15:22][Info][WCC] Start cooking 'gameplay\gui_new\actionscript\red\game\witcher3\controls\conditionalbutton.as' (isSeedFile: 1)
[2026.10.01 00:15:22][Error][WCC] Failed to load 'gameplay\gui_new\actionscript\red\game\witcher3\controls\conditionalbutton.as' - is this a resource
[2026.10.01 00:15:22][Error][WCC] Failed to cook 'gameplay\gui_new\actionscript\red\game\witcher3\controls\conditionalbutton.as' !
[2026.10.01 00:15:22][Info][WCC] Start cooking 'gameplay\gui_new\actionscript\red\game\witcher3\controls\conditionalclosebutton.as' (isSeedFile: 1)
[2026.10.01 00:15:22][Error][WCC] Failed to load 'gameplay\gui_new\actionscript\red\game\witcher3\controls\conditionalclosebutton.as' - is this a resource
[2026.10.01 00:15:22][Error][WCC] Failed to cook 'gameplay\gui_new\actionscript\red\game\witcher3\controls\conditionalclosebutton.as' !
[2026.10.01 00:15:22][Info][WCC] Start cooking 'gameplay\gui_new\actionscript\red\game\witcher3\controls\gamepadbutton.as' (isSeedFile: 1)
[2026.10.01 00:15:22][Error][WCC] Failed to load 'gameplay\gui_new\actionscript\red\game\witcher3\controls\gamepadbutton.as' - is this a resource
[2026.10.01 00:15:22][Error][WCC] Failed to cook 'gameplay\gui_new\actionscript\red\game\witcher3\controls\gamepadbutton.as' !
[2026.10.01 00:15:22][Info][WCC] Start cooking 'gameplay\gui_new\actionscript\red\game\witcher3\controls\hintbutton.as' (isSeedFile: 1)
[2026.10.01 00:15:22][Error][WCC] Failed to load 'gameplay\gui_new\actionscript\red\game\witcher3\controls\hintbutton.as' - is this a resource
[2026.10.01 00:15:22][Error][WCC] Failed to cook 'gameplay\gui_new\actionscript\red\game\witcher3\controls\hintbutton.as' !
[2026.10.01 00:15:22][Info][WCC] Start cooking 'gameplay\gui_new\actionscript\red\game\witcher3\controls\inputfeedbackbutton.as' (isSeedFile: 1)
[2026.10.01 00:15:22][Error][WCC] Failed to load 'gameplay\gui_new\actionscript\red\game\witcher3\controls\inputfeedbackbutton.as' - is this a resource
[2026.10.01 00:15:22][Error][WCC] Failed to cook 'gameplay\gui_new\actionscript\red\game\witcher3\controls\inputfeedbackbutton.as' !
[2026.10.01 00:15:22][Info][WCC] Start cooking 'gameplay\gui_new\actionscript\red\game\witcher3\controls\inputfeedbackbuttoncustom.as' (isSeedFile: 1)
[2026.10.01 00:15:22][Error][WCC] Failed to load 'gameplay\gui_new\actionscript\red\game\witcher3\controls\inputfeedbackbuttoncustom.as' - is this a resource
[2026.10.01 00:15:22][Error][WCC] Failed to cook 'gameplay\gui_new\actionscript\red\game\witcher3\controls\inputfeedbackbuttoncustom.as' !
[2026.10.01 00:15:22][Info][WCC] Start cooking 'gameplay\gui_new\actionscript\red\game\witcher3\controls\invisiblecomponent.as' (isSeedFile: 1)
[2026.10.01 00:15:22][Error][WCC] Failed to load 'gameplay\gui_new\actionscript\red\game\witcher3\controls\invisiblecomponent.as' - is this a resource
[2026.10.01 00:15:22][Error][WCC] Failed to cook 'gameplay\gui_new\actionscript\red\game\witcher3\controls\invisiblecomponent.as' !
[2026.10.01 00:15:22][Info][WCC] Start cooking 'gameplay\gui_new\actionscript\red\game\witcher3\controls\itemproprenderer.as' (isSeedFile: 1)
[2026.10.01 00:15:22][Error][WCC] Failed to load 'gameplay\gui_new\actionscript\red\game\witcher3\controls\itemproprenderer.as' - is this a resource
[2026.10.01 00:15:22][Error][WCC] Failed to cook 'gameplay\gui_new\actionscript\red\game\witcher3\controls\itemproprenderer.as' !
[2026.10.01 00:15:22][Info][WCC] Start cooking 'gameplay\gui_new\actionscript\red\game\witcher3\controls\keyboardbuttonclickarea.as' (isSeedFile: 1)
[2026.10.01 00:15:22][Error][WCC] Failed to load 'gameplay\gui_new\actionscript\red\game\witcher3\controls\keyboardbuttonclickarea.as' - is this a resource
[2026.10.01 00:15:22][Error][WCC] Failed to cook 'gameplay\gui_new\actionscript\red\game\witcher3\controls\keyboardbuttonclickarea.as' !
[2026.10.01 00:15:22][Info][WCC] Start cooking 'gameplay\gui_new\actionscript\red\game\witcher3\controls\keyboardbuttonicon.as' (isSeedFile: 1)
[2026.10.01 00:15:22][Error][WCC] Failed to load 'gameplay\gui_new\actionscript\red\game\witcher3\controls\keyboardbuttonicon.as' - is this a resource
[2026.10.01 00:15:22][Error][WCC] Failed to cook 'gameplay\gui_new\actionscript\red\game\witcher3\controls\keyboardbuttonicon.as' !
[2026.10.01 00:15:22][Info][WCC] Start cooking 'gameplay\gui_new\actionscript\red\game\witcher3\controls\keyboardbuttonmouseicon.as' (isSeedFile: 1)
[2026.10.01 00:15:22][Error][WCC] Failed to load 'gameplay\gui_new\actionscript\red\game\witcher3\controls\keyboardbuttonmouseicon.as' - is this a resource
[2026.10.01 00:15:22][Error][WCC] Failed to cook 'gameplay\gui_new\actionscript\red\game\witcher3\controls\keyboardbuttonmouseicon.as' !
[2026.10.01 00:15:22][Info][WCC] Start cooking 'gameplay\gui_new\actionscript\red\game\witcher3\controls\label.as' (isSeedFile: 1)
[2026.10.01 00:15:22][Error][WCC] Failed to load 'gameplay\gui_new\actionscript\red\game\witcher3\controls\label.as' - is this a resource
[2026.10.01 00:15:22][Error][WCC] Failed to cook 'gameplay\gui_new\actionscript\red\game\witcher3\controls\label.as' !
[2026.10.01 00:15:22][Info][WCC] Start cooking 'gameplay\gui_new\actionscript\red\game\witcher3\controls\looptweener.as' (isSeedFile: 1)
[2026.10.01 00:15:22][Error][WCC] Failed to load 'gameplay\gui_new\actionscript\red\game\witcher3\controls\looptweener.as' - is this a resource
[2026.10.01 00:15:22][Error][WCC] Failed to cook 'gameplay\gui_new\actionscript\red\game\witcher3\controls\looptweener.as' !
[2026.10.01 00:15:22][Info][WCC] Start cooking 'gameplay\gui_new\actionscript\red\game\witcher3\controls\modulehighlighting.as' (isSeedFile: 1)
[2026.10.01 00:15:22][Error][WCC] Failed to load 'gameplay\gui_new\actionscript\red\game\witcher3\controls\modulehighlighting.as' - is this a resource
[2026.10.01 00:15:22][Error][WCC] Failed to cook 'gameplay\gui_new\actionscript\red\game\witcher3\controls\modulehighlighting.as' !
[2026.10.01 00:15:22][Info][WCC] Start cooking 'gameplay\gui_new\actionscript\red\game\witcher3\controls\mousecursor.as' (isSeedFile: 1)
[2026.10.01 00:15:22][Error][WCC] Failed to load 'gameplay\gui_new\actionscript\red\game\witcher3\controls\mousecursor.as' - is this a resource
[2026.10.01 00:15:22][Error][WCC] Failed to cook 'gameplay\gui_new\actionscript\red\game\witcher3\controls\mousecursor.as' !
[2026.10.01 00:15:22][Info][WCC] Start cooking 'gameplay\gui_new\actionscript\red\game\witcher3\controls\mousecursorcomponent.as' (isSeedFile: 1)
[2026.10.01 00:15:22][Error][WCC] Failed to load 'gameplay\gui_new\actionscript\red\game\witcher3\controls\mousecursorcomponent.as' - is this a resource
[2026.10.01 00:15:22][Error][WCC] Failed to cook 'gameplay\gui_new\actionscript\red\game\witcher3\controls\mousecursorcomponent.as' !
[2026.10.01 00:15:22][Info][WCC] Start cooking 'gameplay\gui_new\actionscript\red\game\witcher3\controls\rendererslist.as' (isSeedFile: 1)
[2026.10.01 00:15:22][Error][WCC] Failed to load 'gameplay\gui_new\actionscript\red\game\witcher3\controls\rendererslist.as' - is this a resource
[2026.10.01 00:15:22][Error][WCC] Failed to cook 'gameplay\gui_new\actionscript\red\game\witcher3\controls\rendererslist.as' !
[2026.10.01 00:15:22][Info][WCC] Start cooking 'gameplay\gui_new\actionscript\red\game\witcher3\controls\tablistitem.as' (isSeedFile: 1)
[2026.10.01 00:15:22][Error][WCC] Failed to load 'gameplay\gui_new\actionscript\red\game\witcher3\controls\tablistitem.as' - is this a resource
[2026.10.01 00:15:22][Error][WCC] Failed to cook 'gameplay\gui_new\actionscript\red\game\witcher3\controls\tablistitem.as' !
[2026.10.01 00:15:22][Info][WCC] Start cooking 'gameplay\gui_new\actionscript\red\game\witcher3\controls\tooltipanchor.as' (isSeedFile: 1)
[2026.10.01 00:15:22][Error][WCC] Failed to load 'gameplay\gui_new\actionscript\red\game\witcher3\controls\tooltipanchor.as' - is this a resource
[2026.10.01 00:15:22][Error][WCC] Failed to cook 'gameplay\gui_new\actionscript\red\game\witcher3\controls\tooltipanchor.as' !
[2026.10.01 00:15:22][Info][WCC] Start cooking 'gameplay\gui_new\actionscript\red\game\witcher3\controls\w3background.as' (isSeedFile: 1)
[2026.10.01 00:15:22][Error][WCC] Failed to load 'gameplay\gui_new\actionscript\red\game\witcher3\controls\w3background.as' - is this a resource
[2026.10.01 00:15:22][Error][WCC] Failed to cook 'gameplay\gui_new\actionscript\red\game\witcher3\controls\w3background.as' !
[2026.10.01 00:15:22][Info][WCC] Start cooking 'gameplay\gui_new\actionscript\red\game\witcher3\controls\w3baseslot.as' (isSeedFile: 1)
[2026.10.01 00:15:22][Error][WCC] Failed to load 'gameplay\gui_new\actionscript\red\game\witcher3\controls\w3baseslot.as' - is this a resource
[2026.10.01 00:15:22][Error][WCC] Failed to cook 'gameplay\gui_new\actionscript\red\game\witcher3\controls\w3baseslot.as' !
[2026.10.01 00:15:22][Info][WCC] Start cooking 'gameplay\gui_new\actionscript\red\game\witcher3\controls\w3button.as' (isSeedFile: 1)
[2026.10.01 00:15:22][Error][WCC] Failed to load 'gameplay\gui_new\actionscript\red\game\witcher3\controls\w3button.as' - is this a resource
[2026.10.01 00:15:22][Error][WCC] Failed to cook 'gameplay\gui_new\actionscript\red\game\witcher3\controls\w3button.as' !
[2026.10.01 00:15:22][Info][WCC] Start cooking 'gameplay\gui_new\actionscript\red\game\witcher3\controls\w3choicedialog.as' (isSeedFile: 1)
[2026.10.01 00:15:22][Error][WCC] Failed to load 'gameplay\gui_new\actionscript\red\game\witcher3\controls\w3choicedialog.as' - is this a resource
[2026.10.01 00:15:22][Error][WCC] Failed to cook 'gameplay\gui_new\actionscript\red\game\witcher3\controls\w3choicedialog.as' !
[2026.10.01 00:15:22][Info][WCC] Start cooking 'gameplay\gui_new\actionscript\red\game\witcher3\controls\w3directionalscrollinglist.as' (isSeedFile: 1)
[2026.10.01 00:15:22][Error][WCC] Failed to load 'gameplay\gui_new\actionscript\red\game\witcher3\controls\w3directionalscrollinglist.as' - is this a resource
[2026.10.01 00:15:22][Error][WCC] Failed to cook 'gameplay\gui_new\actionscript\red\game\witcher3\controls\w3directionalscrollinglist.as' !
[2026.10.01 00:15:22][Info][WCC] Start cooking 'gameplay\gui_new\actionscript\red\game\witcher3\controls\w3dropdownitemrenderer.as' (isSeedFile: 1)
[2026.10.01 00:15:22][Error][WCC] Failed to load 'gameplay\gui_new\actionscript\red\game\witcher3\controls\w3dropdownitemrenderer.as' - is this a resource
[2026.10.01 00:15:22][Error][WCC] Failed to cook 'gameplay\gui_new\actionscript\red\game\witcher3\controls\w3dropdownitemrenderer.as' !
[2026.10.01 00:15:22][Info][WCC] Start cooking 'gameplay\gui_new\actionscript\red\game\witcher3\controls\w3dropdownlist.as' (isSeedFile: 1)
[2026.10.01 00:15:22][Error][WCC] Failed to load 'gameplay\gui_new\actionscript\red\game\witcher3\controls\w3dropdownlist.as' - is this a resource
[2026.10.01 00:15:22][Error][WCC] Failed to cook 'gameplay\gui_new\actionscript\red\game\witcher3\controls\w3dropdownlist.as' !
[2026.10.01 00:15:22][Info][WCC] Start cooking 'gameplay\gui_new\actionscript\red\game\witcher3\controls\w3dropdownmenulistitem.as' (isSeedFile: 1)
[2026.10.01 00:15:22][Error][WCC] Failed to load 'gameplay\gui_new\actionscript\red\game\witcher3\controls\w3dropdownmenulistitem.as' - is this a resource
[2026.10.01 00:15:22][Error][WCC] Failed to cook 'gameplay\gui_new\actionscript\red\game\witcher3\controls\w3dropdownmenulistitem.as' !
[2026.10.01 00:15:22][Info][WCC] Start cooking 'gameplay\gui_new\actionscript\red\game\witcher3\controls\w3gamepadbutton.as' (isSeedFile: 1)
[2026.10.01 00:15:22][Error][WCC] Failed to load 'gameplay\gui_new\actionscript\red\game\witcher3\controls\w3gamepadbutton.as' - is this a resource
[2026.10.01 00:15:22][Error][WCC] Failed to cook 'gameplay\gui_new\actionscript\red\game\witcher3\controls\w3gamepadbutton.as' !
[2026.10.01 00:15:22][Info][WCC] Start cooking 'gameplay\gui_new\actionscript\red\game\witcher3\controls\w3label.as' (isSeedFile: 1)
[2026.10.01 00:15:22][Error][WCC] Failed to load 'gameplay\gui_new\actionscript\red\game\witcher3\controls\w3label.as' - is this a resource
[2026.10.01 00:15:22][Error][WCC] Failed to cook 'gameplay\gui_new\actionscript\red\game\witcher3\controls\w3label.as' !
[2026.10.01 00:15:22][Info][WCC] Start cooking 'gameplay\gui_new\actionscript\red\game\witcher3\controls\w3listselectiontracker.as' (isSeedFile: 1)
[2026.10.01 00:15:22][Error][WCC] Failed to load 'gameplay\gui_new\actionscript\red\game\witcher3\controls\w3listselectiontracker.as' - is this a resource
[2026.10.01 00:15:22][Error][WCC] Failed to cook 'gameplay\gui_new\actionscript\red\game\witcher3\controls\w3listselectiontracker.as' !
[2026.10.01 00:15:22][Info][WCC] Start cooking 'gameplay\gui_new\actionscript\red\game\witcher3\controls\w3messagequeue.as' (isSeedFile: 1)
[2026.10.01 00:15:22][Error][WCC] Failed to load 'gameplay\gui_new\actionscript\red\game\witcher3\controls\w3messagequeue.as' - is this a resource
[2026.10.01 00:15:22][Error][WCC] Failed to cook 'gameplay\gui_new\actionscript\red\game\witcher3\controls\w3messagequeue.as' !
[2026.10.01 00:15:22][Info][WCC] Start cooking 'gameplay\gui_new\actionscript\red\game\witcher3\controls\w3optionsseparator.as' (isSeedFile: 1)
[2026.10.01 00:15:22][Error][WCC] Failed to load 'gameplay\gui_new\actionscript\red\game\witcher3\controls\w3optionsseparator.as' - is this a resource
[2026.10.01 00:15:22][Error][WCC] Failed to cook 'gameplay\gui_new\actionscript\red\game\witcher3\controls\w3optionsseparator.as' !
[2026.10.01 00:15:22][Info][WCC] Start cooking 'gameplay\gui_new\actionscript\red\game\witcher3\controls\w3optionstepper.as' (isSeedFile: 1)
[2026.10.01 00:15:22][Error][WCC] Failed to load 'gameplay\gui_new\actionscript\red\game\witcher3\controls\w3optionstepper.as' - is this a resource
[2026.10.01 00:15:22][Error][WCC] Failed to cook 'gameplay\gui_new\actionscript\red\game\witcher3\controls\w3optionstepper.as' !
[2026.10.01 00:15:22][Info][WCC] Start cooking 'gameplay\gui_new\actionscript\red\game\witcher3\controls\w3quantityslider.as' (isSeedFile: 1)
[2026.10.01 00:15:22][Error][WCC] Failed to load 'gameplay\gui_new\actionscript\red\game\witcher3\controls\w3quantityslider.as' - is this a resource
[2026.10.01 00:15:22][Error][WCC] Failed to cook 'gameplay\gui_new\actionscript\red\game\witcher3\controls\w3quantityslider.as' !
[2026.10.01 00:15:22][Info][WCC] Start cooking 'gameplay\gui_new\actionscript\red\game\witcher3\controls\w3rendertotextureholder.as' (isSeedFile: 1)
[2026.10.01 00:15:22][Error][WCC] Failed to load 'gameplay\gui_new\actionscript\red\game\witcher3\controls\w3rendertotextureholder.as' - is this a resource
[2026.10.01 00:15:22][Error][WCC] Failed to cook 'gameplay\gui_new\actionscript\red\game\witcher3\controls\w3rendertotextureholder.as' !
[2026.10.01 00:15:22][Info][WCC] Start cooking 'gameplay\gui_new\actionscript\red\game\witcher3\controls\w3scrollingcategorizedlist.as' (isSeedFile: 1)
[2026.10.01 00:15:22][Error][WCC] Failed to load 'gameplay\gui_new\actionscript\red\game\witcher3\controls\w3scrollingcategorizedlist.as' - is this a resource
[2026.10.01 00:15:22][Error][WCC] Failed to cook 'gameplay\gui_new\actionscript\red\game\witcher3\controls\w3scrollingcategorizedlist.as' !
[2026.10.01 00:15:22][Info][WCC] Start cooking 'gameplay\gui_new\actionscript\red\game\witcher3\controls\w3scrollinglist.as' (isSeedFile: 1)
[2026.10.01 00:15:22][Error][WCC] Failed to load 'gameplay\gui_new\actionscript\red\game\witcher3\controls\w3scrollinglist.as' - is this a resource
[2026.10.01 00:15:22][Error][WCC] Failed to cook 'gameplay\gui_new\actionscript\red\game\witcher3\controls\w3scrollinglist.as' !
[2026.10.01 00:15:22][Info][WCC] Start cooking 'gameplay\gui_new\actionscript\red\game\witcher3\controls\w3slider.as' (isSeedFile: 1)
[2026.10.01 00:15:22][Error][WCC] Failed to load 'gameplay\gui_new\actionscript\red\game\witcher3\controls\w3slider.as' - is this a resource
[2026.10.01 00:15:22][Error][WCC] Failed to cook 'gameplay\gui_new\actionscript\red\game\witcher3\controls\w3slider.as' !
[2026.10.01 00:15:22][Info][WCC] Start cooking 'gameplay\gui_new\actionscript\red\game\witcher3\controls\w3textarea.as' (isSeedFile: 1)
[2026.10.01 00:15:22][Error][WCC] Failed to load 'gameplay\gui_new\actionscript\red\game\witcher3\controls\w3textarea.as' - is this a resource
[2026.10.01 00:15:22][Error][WCC] Failed to cook 'gameplay\gui_new\actionscript\red\game\witcher3\controls\w3textarea.as' !
[2026.10.01 00:15:22][Info][WCC] Start cooking 'gameplay\gui_new\actionscript\red\game\witcher3\controls\w3uiloader.as' (isSeedFile: 1)
[2026.10.01 00:15:22][Error][WCC] Failed to load 'gameplay\gui_new\actionscript\red\game\witcher3\controls\w3uiloader.as' - is this a resource
[2026.10.01 00:15:22][Error][WCC] Failed to cook 'gameplay\gui_new\actionscript\red\game\witcher3\controls\w3uiloader.as' !
[2026.10.01 00:15:22][Info][WCC] Start cooking 'gameplay\gui_new\actionscript\red\game\witcher3\controls\w3uiloaderpaperdollslot.as' (isSeedFile: 1)
[2026.10.01 00:15:22][Error][WCC] Failed to load 'gameplay\gui_new\actionscript\red\game\witcher3\controls\w3uiloaderpaperdollslot.as' - is this a resource
[2026.10.01 00:15:22][Error][WCC] Failed to cook 'gameplay\gui_new\actionscript\red\game\witcher3\controls\w3uiloaderpaperdollslot.as' !
[2026.10.01 00:15:22][Info][WCC] Start cooking 'gameplay\gui_new\actionscript\red\game\witcher3\controls\w3uiloaderslot.as' (isSeedFile: 1)
[2026.10.01 00:15:22][Error][WCC] Failed to load 'gameplay\gui_new\actionscript\red\game\witcher3\controls\w3uiloaderslot.as' - is this a resource
[2026.10.01 00:15:22][Error][WCC] Failed to cook 'gameplay\gui_new\actionscript\red\game\witcher3\controls\w3uiloaderslot.as' !
[2026.10.01 00:15:22][Info][WCC] Start cooking 'gameplay\gui_new\actionscript\red\game\witcher3\data\griddata.as' (isSeedFile: 1)
[2026.10.01 00:15:22][Error][WCC] Failed to load 'gameplay\gui_new\actionscript\red\game\witcher3\data\griddata.as' - is this a resource
[2026.10.01 00:15:22][Error][WCC] Failed to cook 'gameplay\gui_new\actionscript\red\game\witcher3\data\griddata.as' !
[2026.10.01 00:15:22][Info][WCC] Start cooking 'gameplay\gui_new\actionscript\red\game\witcher3\data\keybindingdata.as' (isSeedFile: 1)
[2026.10.01 00:15:22][Error][WCC] Failed to load 'gameplay\gui_new\actionscript\red\game\witcher3\data\keybindingdata.as' - is this a resource
[2026.10.01 00:15:22][Error][WCC] Failed to cook 'gameplay\gui_new\actionscript\red\game\witcher3\data\keybindingdata.as' !
[2026.10.01 00:15:22][Info][WCC] Start cooking 'gameplay\gui_new\actionscript\red\game\witcher3\data\playerstatsdata.as' (isSeedFile: 1)
[2026.10.01 00:15:22][Error][WCC] Failed to load 'gameplay\gui_new\actionscript\red\game\witcher3\data\playerstatsdata.as' - is this a resource
[2026.10.01 00:15:22][Error][WCC] Failed to cook 'gameplay\gui_new\actionscript\red\game\witcher3\data\playerstatsdata.as' !
[2026.10.01 00:15:22][Info][WCC] Start cooking 'gameplay\gui_new\actionscript\red\game\witcher3\data\popupdata.as' (isSeedFile: 1)
[2026.10.01 00:15:22][Error][WCC] Failed to load 'gameplay\gui_new\actionscript\red\game\witcher3\data\popupdata.as' - is this a resource
[2026.10.01 00:15:22][Error][WCC] Failed to cook 'gameplay\gui_new\actionscript\red\game\witcher3\data\popupdata.as' !
[2026.10.01 00:15:22][Info][WCC] Start cooking 'gameplay\gui_new\actionscript\red\game\witcher3\data\staticmappindata.as' (isSeedFile: 1)
[2026.10.01 00:15:22][Error][WCC] Failed to load 'gameplay\gui_new\actionscript\red\game\witcher3\data\staticmappindata.as' - is this a resource
[2026.10.01 00:15:22][Error][WCC] Failed to cook 'gameplay\gui_new\actionscript\red\game\witcher3\data\staticmappindata.as' !
[2026.10.01 00:15:22][Info][WCC] Start cooking 'gameplay\gui_new\actionscript\red\game\witcher3\data\sysmessagedata.as' (isSeedFile: 1)
[2026.10.01 00:15:22][Error][WCC] Failed to load 'gameplay\gui_new\actionscript\red\game\witcher3\data\sysmessagedata.as' - is this a resource
[2026.10.01 00:15:22][Error][WCC] Failed to cook 'gameplay\gui_new\actionscript\red\game\witcher3\data\sysmessagedata.as' !
[2026.10.01 00:15:22][Info][WCC] Start cooking 'gameplay\gui_new\actionscript\red\game\witcher3\data\tooltipdata.as' (isSeedFile: 1)
[2026.10.01 00:15:22][Error][WCC] Failed to load 'gameplay\gui_new\actionscript\red\game\witcher3\data\tooltipdata.as' - is this a resource
[2026.10.01 00:15:22][Error][WCC] Failed to cook 'gameplay\gui_new\actionscript\red\game\witcher3\data\tooltipdata.as' !
[2026.10.01 00:15:22][Info][WCC] Start cooking 'gameplay\gui_new\actionscript\red\game\witcher3\events\categorychangeevent.as' (isSeedFile: 1)
[2026.10.01 00:15:22][Error][WCC] Failed to load 'gameplay\gui_new\actionscript\red\game\witcher3\events\categorychangeevent.as' - is this a resource
[2026.10.01 00:15:22][Error][WCC] Failed to cook 'gameplay\gui_new\actionscript\red\game\witcher3\events\categorychangeevent.as' !
[2026.10.01 00:15:22][Info][WCC] Start cooking 'gameplay\gui_new\actionscript\red\game\witcher3\events\contextchangeevent.as' (isSeedFile: 1)
[2026.10.01 00:15:22][Error][WCC] Failed to load 'gameplay\gui_new\actionscript\red\game\witcher3\events\contextchangeevent.as' - is this a resource
[2026.10.01 00:15:22][Error][WCC] Failed to cook 'gameplay\gui_new\actionscript\red\game\witcher3\events\contextchangeevent.as' !
[2026.10.01 00:15:22][Info][WCC] Start cooking 'gameplay\gui_new\actionscript\red\game\witcher3\events\contextevent.as' (isSeedFile: 1)
[2026.10.01 00:15:22][Error][WCC] Failed to load 'gameplay\gui_new\actionscript\red\game\witcher3\events\contextevent.as' - is this a resource
[2026.10.01 00:15:22][Error][WCC] Failed to cook 'gameplay\gui_new\actionscript\red\game\witcher3\events\contextevent.as' !
[2026.10.01 00:15:22][Info][WCC] Start cooking 'gameplay\gui_new\actionscript\red\game\witcher3\events\controllerchangeevent.as' (isSeedFile: 1)
[2026.10.01 00:15:22][Error][WCC] Failed to load 'gameplay\gui_new\actionscript\red\game\witcher3\events\controllerchangeevent.as' - is this a resource
[2026.10.01 00:15:22][Error][WCC] Failed to cook 'gameplay\gui_new\actionscript\red\game\witcher3\events\controllerchangeevent.as' !
[2026.10.01 00:15:22][Info][WCC] Start cooking 'gameplay\gui_new\actionscript\red\game\witcher3\events\gridevent.as' (isSeedFile: 1)
[2026.10.01 00:15:22][Error][WCC] Failed to load 'gameplay\gui_new\actionscript\red\game\witcher3\events\gridevent.as' - is this a resource
[2026.10.01 00:15:22][Error][WCC] Failed to cook 'gameplay\gui_new\actionscript\red\game\witcher3\events\gridevent.as' !
[2026.10.01 00:15:22][Info][WCC] Start cooking 'gameplay\gui_new\actionscript\red\game\witcher3\events\gwintcardevent.as' (isSeedFile: 1)
[2026.10.01 00:15:22][Error][WCC] Failed to load 'gameplay\gui_new\actionscript\red\game\witcher3\events\gwintcardevent.as' - is this a resource
[2026.10.01 00:15:22][Error][WCC] Failed to cook 'gameplay\gui_new\actionscript\red\game\witcher3\events\gwintcardevent.as' !
[2026.10.01 00:15:22][Info][WCC] Start cooking 'gameplay\gui_new\actionscript\red\game\witcher3\events\gwintholderevent.as' (isSeedFile: 1)
[2026.10.01 00:15:22][Error][WCC] Failed to load 'gameplay\gui_new\actionscript\red\game\witcher3\events\gwintholderevent.as' - is this a resource
[2026.10.01 00:15:22][Error][WCC] Failed to cook 'gameplay\gui_new\actionscript\red\game\witcher3\events\gwintholderevent.as' !
[2026.10.01 00:15:22][Info][WCC] Start cooking 'gameplay\gui_new\actionscript\red\game\witcher3\events\inputfeedbackevent.as' (isSeedFile: 1)
[2026.10.01 00:15:22][Error][WCC] Failed to load 'gameplay\gui_new\actionscript\red\game\witcher3\events\inputfeedbackevent.as' - is this a resource
[2026.10.01 00:15:22][Error][WCC] Failed to cook 'gameplay\gui_new\actionscript\red\game\witcher3\events\inputfeedbackevent.as' !
[2026.10.01 00:15:22][Info][WCC] Start cooking 'gameplay\gui_new\actionscript\red\game\witcher3\events\itemdragevent.as' (isSeedFile: 1)
[2026.10.01 00:15:22][Error][WCC] Failed to load 'gameplay\gui_new\actionscript\red\game\witcher3\events\itemdragevent.as' - is this a resource
[2026.10.01 00:15:22][Error][WCC] Failed to cook 'gameplay\gui_new\actionscript\red\game\witcher3\events\itemdragevent.as' !
[2026.10.01 00:15:22][Info][WCC] Start cooking 'gameplay\gui_new\actionscript\red\game\witcher3\events\mapanimation.as' (isSeedFile: 1)
[2026.10.01 00:15:22][Error][WCC] Failed to load 'gameplay\gui_new\actionscript\red\game\witcher3\events\mapanimation.as' - is this a resource
[2026.10.01 00:15:22][Error][WCC] Failed to cook 'gameplay\gui_new\actionscript\red\game\witcher3\events\mapanimation.as' !
[2026.10.01 00:15:22][Info][WCC] Start cooking 'gameplay\gui_new\actionscript\red\game\witcher3\events\mapcontextevent.as' (isSeedFile: 1)
[2026.10.01 00:15:22][Error][WCC] Failed to load 'gameplay\gui_new\actionscript\red\game\witcher3\events\mapcontextevent.as' - is this a resource
[2026.10.01 00:15:22][Error][WCC] Failed to cook 'gameplay\gui_new\actionscript\red\game\witcher3\events\mapcontextevent.as' !
[2026.10.01 00:15:22][Info][WCC] Start cooking 'gameplay\gui_new\actionscript\red\game\witcher3\events\mapfilterevent.as' (isSeedFile: 1)
[2026.10.01 00:15:22][Error][WCC] Failed to load 'gameplay\gui_new\actionscript\red\game\witcher3\events\mapfilterevent.as' - is this a resource
[2026.10.01 00:15:22][Error][WCC] Failed to cook 'gameplay\gui_new\actionscript\red\game\witcher3\events\mapfilterevent.as' !
[2026.10.01 00:15:22][Info][WCC] Start cooking 'gameplay\gui_new\actionscript\red\game\witcher3\events\mapnavigation.as' (isSeedFile: 1)
[2026.10.01 00:15:22][Error][WCC] Failed to load 'gameplay\gui_new\actionscript\red\game\witcher3\events\mapnavigation.as' - is this a resource
[2026.10.01 00:15:22][Error][WCC] Failed to cook 'gameplay\gui_new\actionscript\red\game\witcher3\events\mapnavigation.as' !
[2026.10.01 00:15:22][Info][WCC] Start cooking 'gameplay\gui_new\actionscript\red\game\witcher3\events\slotactionevent.as' (isSeedFile: 1)
[2026.10.01 00:15:22][Error][WCC] Failed to load 'gameplay\gui_new\actionscript\red\game\witcher3\events\slotactionevent.as' - is this a resource
[2026.10.01 00:15:22][Error][WCC] Failed to cook 'gameplay\gui_new\actionscript\red\game\witcher3\events\slotactionevent.as' !
[2026.10.01 00:15:22][Info][WCC] Start cooking 'gameplay\gui_new\actionscript\red\game\witcher3\events\slotconnectorevent.as' (isSeedFile: 1)
[2026.10.01 00:15:22][Error][WCC] Failed to load 'gameplay\gui_new\actionscript\red\game\witcher3\events\slotconnectorevent.as' - is this a resource
[2026.10.01 00:15:22][Error][WCC] Failed to cook 'gameplay\gui_new\actionscript\red\game\witcher3\events\slotconnectorevent.as' !
[2026.10.01 00:15:22][Info][WCC] Start cooking 'gameplay\gui_new\actionscript\red\game\witcher3\events\tooltipevent.as' (isSeedFile: 1)
[2026.10.01 00:15:22][Error][WCC] Failed to load 'gameplay\gui_new\actionscript\red\game\witcher3\events\tooltipevent.as' - is this a resource
[2026.10.01 00:15:22][Error][WCC] Failed to cook 'gameplay\gui_new\actionscript\red\game\witcher3\events\tooltipevent.as' !
[2026.10.01 00:15:22][Info][WCC] Start cooking 'gameplay\gui_new\actionscript\red\game\witcher3\hud\hud.as' (isSeedFile: 1)
[2026.10.01 00:15:22][Error][WCC] Failed to load 'gameplay\gui_new\actionscript\red\game\witcher3\hud\hud.as' - is this a resource
[2026.10.01 00:15:22][Error][WCC] Failed to cook 'gameplay\gui_new\actionscript\red\game\witcher3\hud\hud.as' !
[2026.10.01 00:15:22][Info][WCC] Start cooking 'gameplay\gui_new\actionscript\red\game\witcher3\hud\hudmodule.as' (isSeedFile: 1)
[2026.10.01 00:15:22][Error][WCC] Failed to load 'gameplay\gui_new\actionscript\red\game\witcher3\hud\hudmodule.as' - is this a resource
[2026.10.01 00:15:22][Error][WCC] Failed to cook 'gameplay\gui_new\actionscript\red\game\witcher3\hud\hudmodule.as' !
[2026.10.01 00:15:22][Info][WCC] Start cooking 'gameplay\gui_new\actionscript\red\game\witcher3\hud\hudmodulemanager.as' (isSeedFile: 1)
[2026.10.01 00:15:22][Error][WCC] Failed to load 'gameplay\gui_new\actionscript\red\game\witcher3\hud\hudmodulemanager.as' - is this a resource
[2026.10.01 00:15:22][Error][WCC] Failed to cook 'gameplay\gui_new\actionscript\red\game\witcher3\hud\hudmodulemanager.as' !
[2026.10.01 00:15:22][Info][WCC] Start cooking 'gameplay\gui_new\actionscript\red\game\witcher3\hud\hudmodulemanagerentry.as' (isSeedFile: 1)
[2026.10.01 00:15:22][Error][WCC] Failed to load 'gameplay\gui_new\actionscript\red\game\witcher3\hud\hudmodulemanagerentry.as' - is this a resource
[2026.10.01 00:15:22][Error][WCC] Failed to cook 'gameplay\gui_new\actionscript\red\game\witcher3\hud\hudmodulemanagerentry.as' !
[2026.10.01 00:15:22][Info][WCC] Start cooking 'gameplay\gui_new\actionscript\red\game\witcher3\hud\lightweightuiloader.as' (isSeedFile: 1)
[2026.10.01 00:15:22][Error][WCC] Failed to load 'gameplay\gui_new\actionscript\red\game\witcher3\hud\lightweightuiloader.as' - is this a resource
[2026.10.01 00:15:22][Error][WCC] Failed to cook 'gameplay\gui_new\actionscript\red\game\witcher3\hud\lightweightuiloader.as' !
[2026.10.01 00:15:22][Info][WCC] Start cooking 'gameplay\gui_new\actionscript\red\game\witcher3\hud\modules\buffs\hudbuff.as' (isSeedFile: 1)
[2026.10.01 00:15:22][Error][WCC] Failed to load 'gameplay\gui_new\actionscript\red\game\witcher3\hud\modules\buffs\hudbuff.as' - is this a resource
[2026.10.01 00:15:22][Error][WCC] Failed to cook 'gameplay\gui_new\actionscript\red\game\witcher3\hud\modules\buffs\hudbuff.as' !
[2026.10.01 00:15:22][Info][WCC] Start cooking 'gameplay\gui_new\actionscript\red\game\witcher3\hud\modules\buffs\hudbuffdurationbar.as' (isSeedFile: 1)
[2026.10.01 00:15:22][Error][WCC] Failed to load 'gameplay\gui_new\actionscript\red\game\witcher3\hud\modules\buffs\hudbuffdurationbar.as' - is this a resource
[2026.10.01 00:15:22][Error][WCC] Failed to cook 'gameplay\gui_new\actionscript\red\game\witcher3\hud\modules\buffs\hudbuffdurationbar.as' !
[2026.10.01 00:15:22][Info][WCC] Start cooking 'gameplay\gui_new\actionscript\red\game\witcher3\hud\modules\console\consolemessageitem.as' (isSeedFile: 1)
[2026.10.01 00:15:22][Error][WCC] Failed to load 'gameplay\gui_new\actionscript\red\game\witcher3\hud\modules\console\consolemessageitem.as' - is this a resource
[2026.10.01 00:15:22][Error][WCC] Failed to cook 'gameplay\gui_new\actionscript\red\game\witcher3\hud\modules\console\consolemessageitem.as' !
[2026.10.01 00:15:22][Info][WCC] Start cooking 'gameplay\gui_new\actionscript\red\game\witcher3\hud\modules\console\consolemessagesqueue.as' (isSeedFile: 1)
[2026.10.01 00:15:22][Error][WCC] Failed to load 'gameplay\gui_new\actionscript\red\game\witcher3\hud\modules\console\consolemessagesqueue.as' - is this a resource
[2026.10.01 00:15:22][Error][WCC] Failed to cook 'gameplay\gui_new\actionscript\red\game\witcher3\hud\modules\console\consolemessagesqueue.as' !
[2026.10.01 00:15:22][Info][WCC] Start cooking 'gameplay\gui_new\actionscript\red\game\witcher3\hud\modules\dialog\dialogactiontype.as' (isSeedFile: 1)
[2026.10.01 00:15:22][Error][WCC] Failed to load 'gameplay\gui_new\actionscript\red\game\witcher3\hud\modules\dialog\dialogactiontype.as' - is this a resource
[2026.10.01 00:15:22][Error][WCC] Failed to cook 'gameplay\gui_new\actionscript\red\game\witcher3\hud\modules\dialog\dialogactiontype.as' !
[2026.10.01 00:15:22][Info][WCC] Start cooking 'gameplay\gui_new\actionscript\red\game\witcher3\hud\modules\dialog\option.as' (isSeedFile: 1)
[2026.10.01 00:15:22][Error][WCC] Failed to load 'gameplay\gui_new\actionscript\red\game\witcher3\hud\modules\dialog\option.as' - is this a resource
[2026.10.01 00:15:22][Error][WCC] Failed to cook 'gameplay\gui_new\actionscript\red\game\witcher3\hud\modules\dialog\option.as' !
[2026.10.01 00:15:22][Info][WCC] Start cooking 'gameplay\gui_new\actionscript\red\game\witcher3\hud\modules\dialog\optioncontainer.as' (isSeedFile: 1)
[2026.10.01 00:15:22][Error][WCC] Failed to load 'gameplay\gui_new\actionscript\red\game\witcher3\hud\modules\dialog\optioncontainer.as' - is this a resource
[2026.10.01 00:15:22][Error][WCC] Failed to cook 'gameplay\gui_new\actionscript\red\game\witcher3\hud\modules\dialog\optioncontainer.as' !
[2026.10.01 00:15:22][Info][WCC] Start cooking 'gameplay\gui_new\actionscript\red\game\witcher3\hud\modules\dialog\optionlist.as' (isSeedFile: 1)
[2026.10.01 00:15:22][Error][WCC] Failed to load 'gameplay\gui_new\actionscript\red\game\witcher3\hud\modules\dialog\optionlist.as' - is this a resource
[2026.10.01 00:15:22][Error][WCC] Failed to cook 'gameplay\gui_new\actionscript\red\game\witcher3\hud\modules\dialog\optionlist.as' !
[2026.10.01 00:15:22][Info][WCC] Start cooking 'gameplay\gui_new\actionscript\red\game\witcher3\hud\modules\dialog\skipindicator.as' (isSeedFile: 1)
[2026.10.01 00:15:22][Error][WCC] Failed to load 'gameplay\gui_new\actionscript\red\game\witcher3\hud\modules\dialog\skipindicator.as' - is this a resource
[2026.10.01 00:15:22][Error][WCC] Failed to cook 'gameplay\gui_new\actionscript\red\game\witcher3\hud\modules\dialog\skipindicator.as' !
[2026.10.01 00:15:22][Info][WCC] Start cooking 'gameplay\gui_new\actionscript\red\game\witcher3\hud\modules\hudmoduleammo.as' (isSeedFile: 1)
[2026.10.01 00:15:22][Error][WCC] Failed to load 'gameplay\gui_new\actionscript\red\game\witcher3\hud\modules\hudmoduleammo.as' - is this a resource
[2026.10.01 00:15:22][Error][WCC] Failed to cook 'gameplay\gui_new\actionscript\red\game\witcher3\hud\modules\hudmoduleammo.as' !
[2026.10.01 00:15:22][Info][WCC] Start cooking 'gameplay\gui_new\actionscript\red\game\witcher3\hud\modules\hudmoduleanchors.as' (isSeedFile: 1)
[2026.10.01 00:15:22][Error][WCC] Failed to load 'gameplay\gui_new\actionscript\red\game\witcher3\hud\modules\hudmoduleanchors.as' - is this a resource
[2026.10.01 00:15:22][Error][WCC] Failed to cook 'gameplay\gui_new\actionscript\red\game\witcher3\hud\modules\hudmoduleanchors.as' !
[2026.10.01 00:15:22][Info][WCC] Start cooking 'gameplay\gui_new\actionscript\red\game\witcher3\hud\modules\hudmoduleareainfo.as' (isSeedFile: 1)
[2026.10.01 00:15:22][Error][WCC] Failed to load 'gameplay\gui_new\actionscript\red\game\witcher3\hud\modules\hudmoduleareainfo.as' - is this a resource
[2026.10.01 00:15:22][Error][WCC] Failed to cook 'gameplay\gui_new\actionscript\red\game\witcher3\hud\modules\hudmoduleareainfo.as' !
[2026.10.01 00:15:22][Info][WCC] Start cooking 'gameplay\gui_new\actionscript\red\game\witcher3\hud\modules\hudmodulebase.as' (isSeedFile: 1)
[2026.10.01 00:15:22][Error][WCC] Failed to load 'gameplay\gui_new\actionscript\red\game\witcher3\hud\modules\hudmodulebase.as' - is this a resource
[2026.10.01 00:15:22][Error][WCC] Failed to cook 'gameplay\gui_new\actionscript\red\game\witcher3\hud\modules\hudmodulebase.as' !
[2026.10.01 00:15:22][Info][WCC] Start cooking 'gameplay\gui_new\actionscript\red\game\witcher3\hud\modules\hudmodulebiomonitor.as' (isSeedFile: 1)
[2026.10.01 00:15:22][Error][WCC] Failed to load 'gameplay\gui_new\actionscript\red\game\witcher3\hud\modules\hudmodulebiomonitor.as' - is this a resource
[2026.10.01 00:15:22][Error][WCC] Failed to cook 'gameplay\gui_new\actionscript\red\game\witcher3\hud\modules\hudmodulebiomonitor.as' !
[2026.10.01 00:15:22][Info][WCC] Start cooking 'gameplay\gui_new\actionscript\red\game\witcher3\hud\modules\hudmoduleboathealth.as' (isSeedFile: 1)
[2026.10.01 00:15:22][Error][WCC] Failed to load 'gameplay\gui_new\actionscript\red\game\witcher3\hud\modules\hudmoduleboathealth.as' - is this a resource
[2026.10.01 00:15:22][Error][WCC] Failed to cook 'gameplay\gui_new\actionscript\red\game\witcher3\hud\modules\hudmoduleboathealth.as' !
[2026.10.01 00:15:22][Info][WCC] Start cooking 'gameplay\gui_new\actionscript\red\game\witcher3\hud\modules\hudmodulebossfocus.as' (isSeedFile: 1)
[2026.10.01 00:15:22][Error][WCC] Failed to load 'gameplay\gui_new\actionscript\red\game\witcher3\hud\modules\hudmodulebossfocus.as' - is this a resource
[2026.10.01 00:15:22][Error][WCC] Failed to cook 'gameplay\gui_new\actionscript\red\game\witcher3\hud\modules\hudmodulebossfocus.as' !
[2026.10.01 00:15:22][Info][WCC] Start cooking 'gameplay\gui_new\actionscript\red\game\witcher3\hud\modules\hudmodulebuffs.as' (isSeedFile: 1)
[2026.10.01 00:15:22][Error][WCC] Failed to load 'gameplay\gui_new\actionscript\red\game\witcher3\hud\modules\hudmodulebuffs.as' - is this a resource
[2026.10.01 00:15:22][Error][WCC] Failed to cook 'gameplay\gui_new\actionscript\red\game\witcher3\hud\modules\hudmodulebuffs.as' !
[2026.10.01 00:15:22][Info][WCC] Start cooking 'gameplay\gui_new\actionscript\red\game\witcher3\hud\modules\hudmodulecompanion.as' (isSeedFile: 1)
[2026.10.01 00:15:22][Error][WCC] Failed to load 'gameplay\gui_new\actionscript\red\game\witcher3\hud\modules\hudmodulecompanion.as' - is this a resource
[2026.10.01 00:15:22][Error][WCC] Failed to cook 'gameplay\gui_new\actionscript\red\game\witcher3\hud\modules\hudmodulecompanion.as' !
[2026.10.01 00:15:22][Info][WCC] Start cooking 'gameplay\gui_new\actionscript\red\game\witcher3\hud\modules\hudmoduleconsole.as' (isSeedFile: 1)
[2026.10.01 00:15:22][Error][WCC] Failed to load 'gameplay\gui_new\actionscript\red\game\witcher3\hud\modules\hudmoduleconsole.as' - is this a resource
[2026.10.01 00:15:22][Error][WCC] Failed to cook 'gameplay\gui_new\actionscript\red\game\witcher3\hud\modules\hudmoduleconsole.as' !
[2026.10.01 00:15:22][Info][WCC] Start cooking 'gameplay\gui_new\actionscript\red\game\witcher3\hud\modules\hudmodulecontrolsfeedback.as' (isSeedFile: 1)
[2026.10.01 00:15:22][Error][WCC] Failed to load 'gameplay\gui_new\actionscript\red\game\witcher3\hud\modules\hudmodulecontrolsfeedback.as' - is this a resource
[2026.10.01 00:15:22][Error][WCC] Failed to cook 'gameplay\gui_new\actionscript\red\game\witcher3\hud\modules\hudmodulecontrolsfeedback.as' !
[2026.10.01 00:15:22][Info][WCC] Start cooking 'gameplay\gui_new\actionscript\red\game\witcher3\hud\modules\hudmodulecrosshair.as' (isSeedFile: 1)
[2026.10.01 00:15:22][Error][WCC] Failed to load 'gameplay\gui_new\actionscript\red\game\witcher3\hud\modules\hudmodulecrosshair.as' - is this a resource
[2026.10.01 00:15:22][Error][WCC] Failed to cook 'gameplay\gui_new\actionscript\red\game\witcher3\hud\modules\hudmodulecrosshair.as' !
[2026.10.01 00:15:22][Info][WCC] Start cooking 'gameplay\gui_new\actionscript\red\game\witcher3\hud\modules\hudmoduledamageditems.as' (isSeedFile: 1)
[2026.10.01 00:15:22][Error][WCC] Failed to load 'gameplay\gui_new\actionscript\red\game\witcher3\hud\modules\hudmoduledamageditems.as' - is this a resource
[2026.10.01 00:15:22][Error][WCC] Failed to cook 'gameplay\gui_new\actionscript\red\game\witcher3\hud\modules\hudmoduledamageditems.as' !
[2026.10.01 00:15:22][Info][WCC] Start cooking 'gameplay\gui_new\actionscript\red\game\witcher3\hud\modules\hudmoduledeathscreen.as' (isSeedFile: 1)
[2026.10.01 00:15:22][Error][WCC] Failed to load 'gameplay\gui_new\actionscript\red\game\witcher3\hud\modules\hudmoduledeathscreen.as' - is this a resource
[2026.10.01 00:15:22][Error][WCC] Failed to cook 'gameplay\gui_new\actionscript\red\game\witcher3\hud\modules\hudmoduledeathscreen.as' !
[2026.10.01 00:15:22][Info][WCC] Start cooking 'gameplay\gui_new\actionscript\red\game\witcher3\hud\modules\hudmoduledebugtext.as' (isSeedFile: 1)
[2026.10.01 00:15:22][Error][WCC] Failed to load 'gameplay\gui_new\actionscript\red\game\witcher3\hud\modules\hudmoduledebugtext.as' - is this a resource
[2026.10.01 00:15:22][Error][WCC] Failed to cook 'gameplay\gui_new\actionscript\red\game\witcher3\hud\modules\hudmoduledebugtext.as' !
[2026.10.01 00:15:22][Info][WCC] Start cooking 'gameplay\gui_new\actionscript\red\game\witcher3\hud\modules\hudmoduledialog.as' (isSeedFile: 1)
[2026.10.01 00:15:22][Error][WCC] Failed to load 'gameplay\gui_new\actionscript\red\game\witcher3\hud\modules\hudmoduledialog.as' - is this a resource
[2026.10.01 00:15:22][Error][WCC] Failed to cook 'gameplay\gui_new\actionscript\red\game\witcher3\hud\modules\hudmoduledialog.as' !
[2026.10.01 00:15:22][Info][WCC] Start cooking 'gameplay\gui_new\actionscript\red\game\witcher3\hud\modules\hudmoduleenemyfocus.as' (isSeedFile: 1)
[2026.10.01 00:15:22][Error][WCC] Failed to load 'gameplay\gui_new\actionscript\red\game\witcher3\hud\modules\hudmoduleenemyfocus.as' - is this a resource
[2026.10.01 00:15:22][Error][WCC] Failed to cook 'gameplay\gui_new\actionscript\red\game\witcher3\hud\modules\hudmoduleenemyfocus.as' !
[2026.10.01 00:15:22][Info][WCC] Start cooking 'gameplay\gui_new\actionscript\red\game\witcher3\hud\modules\hudmodulehorsepanicbar.as' (isSeedFile: 1)
[2026.10.01 00:15:22][Error][WCC] Failed to load 'gameplay\gui_new\actionscript\red\game\witcher3\hud\modules\hudmodulehorsepanicbar.as' - is this a resource
[2026.10.01 00:15:22][Error][WCC] Failed to cook 'gameplay\gui_new\actionscript\red\game\witcher3\hud\modules\hudmodulehorsepanicbar.as' !
[2026.10.01 00:15:22][Info][WCC] Start cooking 'gameplay\gui_new\actionscript\red\game\witcher3\hud\modules\hudmodulehorsestaminabar.as' (isSeedFile: 1)
[2026.10.01 00:15:22][Error][WCC] Failed to load 'gameplay\gui_new\actionscript\red\game\witcher3\hud\modules\hudmodulehorsestaminabar.as' - is this a resource
[2026.10.01 00:15:22][Error][WCC] Failed to cook 'gameplay\gui_new\actionscript\red\game\witcher3\hud\modules\hudmodulehorsestaminabar.as' !
[2026.10.01 00:15:22][Info][WCC] Start cooking 'gameplay\gui_new\actionscript\red\game\witcher3\hud\modules\hudmoduleinteractions.as' (isSeedFile: 1)
[2026.10.01 00:15:22][Error][WCC] Failed to load 'gameplay\gui_new\actionscript\red\game\witcher3\hud\modules\hudmoduleinteractions.as' - is this a resource
[2026.10.01 00:15:22][Error][WCC] Failed to cook 'gameplay\gui_new\actionscript\red\game\witcher3\hud\modules\hudmoduleinteractions.as' !
[2026.10.01 00:15:22][Info][WCC] Start cooking 'gameplay\gui_new\actionscript\red\game\witcher3\hud\modules\hudmoduleiteminfo.as' (isSeedFile: 1)
[2026.10.01 00:15:22][Error][WCC] Failed to load 'gameplay\gui_new\actionscript\red\game\witcher3\hud\modules\hudmoduleiteminfo.as' - is this a resource
[2026.10.01 00:15:22][Error][WCC] Failed to cook 'gameplay\gui_new\actionscript\red\game\witcher3\hud\modules\hudmoduleiteminfo.as' !
[2026.10.01 00:15:22][Info][WCC] Start cooking 'gameplay\gui_new\actionscript\red\game\witcher3\hud\modules\hudmodulejournalupdate.as' (isSeedFile: 1)
[2026.10.01 00:15:22][Error][WCC] Failed to load 'gameplay\gui_new\actionscript\red\game\witcher3\hud\modules\hudmodulejournalupdate.as' - is this a resource
[2026.10.01 00:15:22][Error][WCC] Failed to cook 'gameplay\gui_new\actionscript\red\game\witcher3\hud\modules\hudmodulejournalupdate.as' !
[2026.10.01 00:15:22][Info][WCC] Start cooking 'gameplay\gui_new\actionscript\red\game\witcher3\hud\modules\hudmodulelootfeed.as' (isSeedFile: 1)
[2026.10.01 00:15:22][Error][WCC] Failed to load 'gameplay\gui_new\actionscript\red\game\witcher3\hud\modules\hudmodulelootfeed.as' - is this a resource
[2026.10.01 00:15:22][Error][WCC] Failed to cook 'gameplay\gui_new\actionscript\red\game\witcher3\hud\modules\hudmodulelootfeed.as' !
[2026.10.01 00:15:22][Info][WCC] Start cooking 'gameplay\gui_new\actionscript\red\game\witcher3\hud\modules\hudmodulelootpopup.as' (isSeedFile: 1)
[2026.10.01 00:15:22][Error][WCC] Failed to load 'gameplay\gui_new\actionscript\red\game\witcher3\hud\modules\hudmodulelootpopup.as' - is this a resource
[2026.10.01 00:15:22][Error][WCC] Failed to cook 'gameplay\gui_new\actionscript\red\game\witcher3\hud\modules\hudmodulelootpopup.as' !
[2026.10.01 00:15:22][Info][WCC] Start cooking 'gameplay\gui_new\actionscript\red\game\witcher3\hud\modules\hudmodulemedallion.as' (isSeedFile: 1)
[2026.10.01 00:15:22][Error][WCC] Failed to load 'gameplay\gui_new\actionscript\red\game\witcher3\hud\modules\hudmodulemedallion.as' - is this a resource
[2026.10.01 00:15:22][Error][WCC] Failed to cook 'gameplay\gui_new\actionscript\red\game\witcher3\hud\modules\hudmodulemedallion.as' !
[2026.10.01 00:15:22][Info][WCC] Start cooking 'gameplay\gui_new\actionscript\red\game\witcher3\hud\modules\hudmodulemessage.as' (isSeedFile: 1)
[2026.10.01 00:15:22][Error][WCC] Failed to load 'gameplay\gui_new\actionscript\red\game\witcher3\hud\modules\hudmodulemessage.as' - is this a resource
[2026.10.01 00:15:22][Error][WCC] Failed to cook 'gameplay\gui_new\actionscript\red\game\witcher3\hud\modules\hudmodulemessage.as' !
[2026.10.01 00:15:22][Info][WCC] Start cooking 'gameplay\gui_new\actionscript\red\game\witcher3\hud\modules\hudmoduleminimap2.as' (isSeedFile: 1)
[2026.10.01 00:15:22][Error][WCC] Failed to load 'gameplay\gui_new\actionscript\red\game\witcher3\hud\modules\hudmoduleminimap2.as' - is this a resource
[2026.10.01 00:15:22][Error][WCC] Failed to cook 'gameplay\gui_new\actionscript\red\game\witcher3\hud\modules\hudmoduleminimap2.as' !
[2026.10.01 00:15:22][Info][WCC] Start cooking 'gameplay\gui_new\actionscript\red\game\witcher3\hud\modules\hudmoduleoneliners.as' (isSeedFile: 1)
[2026.10.01 00:15:22][Error][WCC] Failed to load 'gameplay\gui_new\actionscript\red\game\witcher3\hud\modules\hudmoduleoneliners.as' - is this a resource
[2026.10.01 00:15:22][Error][WCC] Failed to cook 'gameplay\gui_new\actionscript\red\game\witcher3\hud\modules\hudmoduleoneliners.as' !
[2026.10.01 00:15:22][Info][WCC] Start cooking 'gameplay\gui_new\actionscript\red\game\witcher3\hud\modules\hudmoduleoxygenbar.as' (isSeedFile: 1)
[2026.10.01 00:15:22][Error][WCC] Failed to load 'gameplay\gui_new\actionscript\red\game\witcher3\hud\modules\hudmoduleoxygenbar.as' - is this a resource
[2026.10.01 00:15:22][Error][WCC] Failed to cook 'gameplay\gui_new\actionscript\red\game\witcher3\hud\modules\hudmoduleoxygenbar.as' !
[2026.10.01 00:15:22][Info][WCC] Start cooking 'gameplay\gui_new\actionscript\red\game\witcher3\hud\modules\hudmodulepickeditemsinfo.as' (isSeedFile: 1)
[2026.10.01 00:15:22][Error][WCC] Failed to load 'gameplay\gui_new\actionscript\red\game\witcher3\hud\modules\hudmodulepickeditemsinfo.as' - is this a resource
[2026.10.01 00:15:22][Error][WCC] Failed to cook 'gameplay\gui_new\actionscript\red\game\witcher3\hud\modules\hudmodulepickeditemsinfo.as' !
[2026.10.01 00:15:22][Info][WCC] Start cooking 'gameplay\gui_new\actionscript\red\game\witcher3\hud\modules\hudmodulequests.as' (isSeedFile: 1)
[2026.10.01 00:15:22][Error][WCC] Failed to load 'gameplay\gui_new\actionscript\red\game\witcher3\hud\modules\hudmodulequests.as' - is this a resource
[2026.10.01 00:15:22][Error][WCC] Failed to cook 'gameplay\gui_new\actionscript\red\game\witcher3\hud\modules\hudmodulequests.as' !
[2026.10.01 00:15:22][Info][WCC] Start cooking 'gameplay\gui_new\actionscript\red\game\witcher3\hud\modules\hudmoduleradialmenu.as' (isSeedFile: 1)
[2026.10.01 00:15:22][Error][WCC] Failed to load 'gameplay\gui_new\actionscript\red\game\witcher3\hud\modules\hudmoduleradialmenu.as' - is this a resource
[2026.10.01 00:15:22][Error][WCC] Failed to cook 'gameplay\gui_new\actionscript\red\game\witcher3\hud\modules\hudmoduleradialmenu.as' !
[2026.10.01 00:15:22][Info][WCC] Start cooking 'gameplay\gui_new\actionscript\red\game\witcher3\hud\modules\hudmodulesigninfo.as' (isSeedFile: 1)
[2026.10.01 00:15:22][Error][WCC] Failed to load 'gameplay\gui_new\actionscript\red\game\witcher3\hud\modules\hudmodulesigninfo.as' - is this a resource
[2026.10.01 00:15:22][Error][WCC] Failed to cook 'gameplay\gui_new\actionscript\red\game\witcher3\hud\modules\hudmodulesigninfo.as' !
[2026.10.01 00:15:22][Info][WCC] Start cooking 'gameplay\gui_new\actionscript\red\game\witcher3\hud\modules\hudmodulestatbars.as' (isSeedFile: 1)
[2026.10.01 00:15:22][Error][WCC] Failed to load 'gameplay\gui_new\actionscript\red\game\witcher3\hud\modules\hudmodulestatbars.as' - is this a resource
[2026.10.01 00:15:22][Error][WCC] Failed to cook 'gameplay\gui_new\actionscript\red\game\witcher3\hud\modules\hudmodulestatbars.as' !
[2026.10.01 00:15:22][Info][WCC] Start cooking 'gameplay\gui_new\actionscript\red\game\witcher3\hud\modules\hudmodulesubtitles.as' (isSeedFile: 1)
[2026.10.01 00:15:22][Error][WCC] Failed to load 'gameplay\gui_new\actionscript\red\game\witcher3\hud\modules\hudmodulesubtitles.as' - is this a resource
[2026.10.01 00:15:22][Error][WCC] Failed to cook 'gameplay\gui_new\actionscript\red\game\witcher3\hud\modules\hudmodulesubtitles.as' !
[2026.10.01 00:15:22][Info][WCC] Start cooking 'gameplay\gui_new\actionscript\red\game\witcher3\hud\modules\hudmoduletest.as' (isSeedFile: 1)
[2026.10.01 00:15:22][Error][WCC] Failed to load 'gameplay\gui_new\actionscript\red\game\witcher3\hud\modules\hudmoduletest.as' - is this a resource
[2026.10.01 00:15:22][Error][WCC] Failed to cook 'gameplay\gui_new\actionscript\red\game\witcher3\hud\modules\hudmoduletest.as' !
[2026.10.01 00:15:22][Info][WCC] Start cooking 'gameplay\gui_new\actionscript\red\game\witcher3\hud\modules\hudmoduletimelapse.as' (isSeedFile: 1)
[2026.10.01 00:15:22][Error][WCC] Failed to load 'gameplay\gui_new\actionscript\red\game\witcher3\hud\modules\hudmoduletimelapse.as' - is this a resource
[2026.10.01 00:15:22][Error][WCC] Failed to cook 'gameplay\gui_new\actionscript\red\game\witcher3\hud\modules\hudmoduletimelapse.as' !
[2026.10.01 00:15:22][Info][WCC] Start cooking 'gameplay\gui_new\actionscript\red\game\witcher3\hud\modules\hudmoduletimeleft.as' (isSeedFile: 1)
[2026.10.01 00:15:22][Error][WCC] Failed to load 'gameplay\gui_new\actionscript\red\game\witcher3\hud\modules\hudmoduletimeleft.as' - is this a resource
[2026.10.01 00:15:22][Error][WCC] Failed to cook 'gameplay\gui_new\actionscript\red\game\witcher3\hud\modules\hudmoduletimeleft.as' !
[2026.10.01 00:15:22][Info][WCC] Start cooking 'gameplay\gui_new\actionscript\red\game\witcher3\hud\modules\hudmodulewatermark.as' (isSeedFile: 1)
[2026.10.01 00:15:22][Error][WCC] Failed to load 'gameplay\gui_new\actionscript\red\game\witcher3\hud\modules\hudmodulewatermark.as' - is this a resource
[2026.10.01 00:15:22][Error][WCC] Failed to cook 'gameplay\gui_new\actionscript\red\game\witcher3\hud\modules\hudmodulewatermark.as' !
[2026.10.01 00:15:22][Info][WCC] Start cooking 'gameplay\gui_new\actionscript\red\game\witcher3\hud\modules\hudmodulewolfhead.as' (isSeedFile: 1)
[2026.10.01 00:15:22][Error][WCC] Failed to load 'gameplay\gui_new\actionscript\red\game\witcher3\hud\modules\hudmodulewolfhead.as' - is this a resource
[2026.10.01 00:15:22][Error][WCC] Failed to cook 'gameplay\gui_new\actionscript\red\game\witcher3\hud\modules\hudmodulewolfhead.as' !
[2026.10.01 00:15:22][Info][WCC] Start cooking 'gameplay\gui_new\actionscript\red\game\witcher3\hud\modules\iteminfo\huditeminfo.as' (isSeedFile: 1)
[2026.10.01 00:15:22][Error][WCC] Failed to load 'gameplay\gui_new\actionscript\red\game\witcher3\hud\modules\iteminfo\huditeminfo.as' - is this a resource
[2026.10.01 00:15:22][Error][WCC] Failed to cook 'gameplay\gui_new\actionscript\red\game\witcher3\hud\modules\iteminfo\huditeminfo.as' !
[2026.10.01 00:15:22][Info][WCC] Start cooking 'gameplay\gui_new\actionscript\red\game\witcher3\hud\modules\iteminfo\hudpotioninfo.as' (isSeedFile: 1)
[2026.10.01 00:15:22][Error][WCC] Failed to load 'gameplay\gui_new\actionscript\red\game\witcher3\hud\modules\iteminfo\hudpotioninfo.as' - is this a resource
[2026.10.01 00:15:22][Error][WCC] Failed to cook 'gameplay\gui_new\actionscript\red\game\witcher3\hud\modules\iteminfo\hudpotioninfo.as' !
[2026.10.01 00:15:22][Info][WCC] Start cooking 'gameplay\gui_new\actionscript\red\game\witcher3\hud\modules\iteminfo\hudpotionkeyboardinfo.as' (isSeedFile: 1)
[2026.10.01 00:15:22][Error][WCC] Failed to load 'gameplay\gui_new\actionscript\red\game\witcher3\hud\modules\iteminfo\hudpotionkeyboardinfo.as' - is this a resource
[2026.10.01 00:15:22][Error][WCC] Failed to cook 'gameplay\gui_new\actionscript\red\game\witcher3\hud\modules\iteminfo\hudpotionkeyboardinfo.as' !
[2026.10.01 00:15:22][Info][WCC] Start cooking 'gameplay\gui_new\actionscript\red\game\witcher3\hud\modules\journalupdate\questbookinfo.as' (isSeedFile: 1)
[2026.10.01 00:15:22][Error][WCC] Failed to load 'gameplay\gui_new\actionscript\red\game\witcher3\hud\modules\journalupdate\questbookinfo.as' - is this a resource
[2026.10.01 00:15:22][Error][WCC] Failed to cook 'gameplay\gui_new\actionscript\red\game\witcher3\hud\modules\journalupdate\questbookinfo.as' !
[2026.10.01 00:15:22][Info][WCC] Start cooking 'gameplay\gui_new\actionscript\red\game\witcher3\hud\modules\journalupdate\questfinishedwindow.as' (isSeedFile: 1)
[2026.10.01 00:15:22][Error][WCC] Failed to load 'gameplay\gui_new\actionscript\red\game\witcher3\hud\modules\journalupdate\questfinishedwindow.as' - is this a resource
[2026.10.01 00:15:22][Error][WCC] Failed to cook 'gameplay\gui_new\actionscript\red\game\witcher3\hud\modules\journalupdate\questfinishedwindow.as' !
[2026.10.01 00:15:22][Info][WCC] Start cooking 'gameplay\gui_new\actionscript\red\game\witcher3\hud\modules\journalupdate\questitemrenderer.as' (isSeedFile: 1)
[2026.10.01 00:15:22][Error][WCC] Failed to load 'gameplay\gui_new\actionscript\red\game\witcher3\hud\modules\journalupdate\questitemrenderer.as' - is this a resource
[2026.10.01 00:15:22][Error][WCC] Failed to cook 'gameplay\gui_new\actionscript\red\game\witcher3\hud\modules\journalupdate\questitemrenderer.as' !
[2026.10.01 00:15:22][Info][WCC] Start cooking 'gameplay\gui_new\actionscript\red\game\witcher3\hud\modules\lootfeed\hudlootfeedshower.as' (isSeedFile: 1)
[2026.10.01 00:15:22][Error][WCC] Failed to load 'gameplay\gui_new\actionscript\red\game\witcher3\hud\modules\lootfeed\hudlootfeedshower.as' - is this a resource
[2026.10.01 00:15:22][Error][WCC] Failed to cook 'gameplay\gui_new\actionscript\red\game\witcher3\hud\modules\lootfeed\hudlootfeedshower.as' !
[2026.10.01 00:15:22][Info][WCC] Start cooking 'gameplay\gui_new\actionscript\red\game\witcher3\hud\modules\lootpopup\hudlootfloatingtooltip.as' (isSeedFile: 1)
[2026.10.01 00:15:22][Error][WCC] Failed to load 'gameplay\gui_new\actionscript\red\game\witcher3\hud\modules\lootpopup\hudlootfloatingtooltip.as' - is this a resource
[2026.10.01 00:15:22][Error][WCC] Failed to cook 'gameplay\gui_new\actionscript\red\game\witcher3\hud\modules\lootpopup\hudlootfloatingtooltip.as' !
[2026.10.01 00:15:22][Info][WCC] Start cooking 'gameplay\gui_new\actionscript\red\game\witcher3\hud\modules\lootpopup\hudlootgamepadbuttons.as' (isSeedFile: 1)
[2026.10.01 00:15:22][Error][WCC] Failed to load 'gameplay\gui_new\actionscript\red\game\witcher3\hud\modules\lootpopup\hudlootgamepadbuttons.as' - is this a resource
[2026.10.01 00:15:22][Error][WCC] Failed to cook 'gameplay\gui_new\actionscript\red\game\witcher3\hud\modules\lootpopup\hudlootgamepadbuttons.as' !
[2026.10.01 00:15:22][Info][WCC] Start cooking 'gameplay\gui_new\actionscript\red\game\witcher3\hud\modules\lootpopup\hudlootitemmodule.as' (isSeedFile: 1)
[2026.10.01 00:15:22][Error][WCC] Failed to load 'gameplay\gui_new\actionscript\red\game\witcher3\hud\modules\lootpopup\hudlootitemmodule.as' - is this a resource
[2026.10.01 00:15:22][Error][WCC] Failed to cook 'gameplay\gui_new\actionscript\red\game\witcher3\hud\modules\lootpopup\hudlootitemmodule.as' !
[2026.10.01 00:15:22][Info][WCC] Start cooking 'gameplay\gui_new\actionscript\red\game\witcher3\hud\modules\lootpopup\hudlootitemslistitem.as' (isSeedFile: 1)
[2026.10.01 00:15:22][Error][WCC] Failed to load 'gameplay\gui_new\actionscript\red\game\witcher3\hud\modules\lootpopup\hudlootitemslistitem.as' - is this a resource
[2026.10.01 00:15:22][Error][WCC] Failed to cook 'gameplay\gui_new\actionscript\red\game\witcher3\hud\modules\lootpopup\hudlootitemslistitem.as' !
[2026.10.01 00:15:22][Info][WCC] Start cooking 'gameplay\gui_new\actionscript\red\game\witcher3\hud\modules\medallion\hudfocuspoint.as' (isSeedFile: 1)
[2026.10.01 00:15:22][Error][WCC] Failed to load 'gameplay\gui_new\actionscript\red\game\witcher3\hud\modules\medallion\hudfocuspoint.as' - is this a resource
[2026.10.01 00:15:22][Error][WCC] Failed to cook 'gameplay\gui_new\actionscript\red\game\witcher3\hud\modules\medallion\hudfocuspoint.as' !
[2026.10.01 00:15:22][Info][WCC] Start cooking 'gameplay\gui_new\actionscript\red\game\witcher3\hud\modules\medallion\hudwolfshead.as' (isSeedFile: 1)
[2026.10.01 00:15:22][Error][WCC] Failed to load 'gameplay\gui_new\actionscript\red\game\witcher3\hud\modules\medallion\hudwolfshead.as' - is this a resource
[2026.10.01 00:15:22][Error][WCC] Failed to cook 'gameplay\gui_new\actionscript\red\game\witcher3\hud\modules\medallion\hudwolfshead.as' !
[2026.10.01 00:15:22][Info][WCC] Start cooking 'gameplay\gui_new\actionscript\red\game\witcher3\hud\modules\minimap2\basemap.as' (isSeedFile: 1)
[2026.10.01 00:15:22][Error][WCC] Failed to load 'gameplay\gui_new\actionscript\red\game\witcher3\hud\modules\minimap2\basemap.as' - is this a resource
[2026.10.01 00:15:22][Error][WCC] Failed to cook 'gameplay\gui_new\actionscript\red\game\witcher3\hud\modules\minimap2\basemap.as' !
[2026.10.01 00:15:22][Info][WCC] Start cooking 'gameplay\gui_new\actionscript\red\game\witcher3\hud\modules\minimap2\buffedmonsterinfo.as' (isSeedFile: 1)
[2026.10.01 00:15:22][Error][WCC] Failed to load 'gameplay\gui_new\actionscript\red\game\witcher3\hud\modules\minimap2\buffedmonsterinfo.as' - is this a resource
[2026.10.01 00:15:22][Error][WCC] Failed to cook 'gameplay\gui_new\actionscript\red\game\witcher3\hud\modules\minimap2\buffedmonsterinfo.as' !
[2026.10.01 00:15:22][Info][WCC] Start cooking 'gameplay\gui_new\actionscript\red\game\witcher3\hud\modules\minimap2\commonmap.as' (isSeedFile: 1)
[2026.10.01 00:15:22][Error][WCC] Failed to load 'gameplay\gui_new\actionscript\red\game\witcher3\hud\modules\minimap2\commonmap.as' - is this a resource
[2026.10.01 00:15:22][Error][WCC] Failed to cook 'gameplay\gui_new\actionscript\red\game\witcher3\hud\modules\minimap2\commonmap.as' !
[2026.10.01 00:15:22][Info][WCC] Start cooking 'gameplay\gui_new\actionscript\red\game\witcher3\hud\modules\minimap2\commonmapcontainer.as' (isSeedFile: 1)
[2026.10.01 00:15:22][Error][WCC] Failed to load 'gameplay\gui_new\actionscript\red\game\witcher3\hud\modules\minimap2\commonmapcontainer.as' - is this a resource
[2026.10.01 00:15:22][Error][WCC] Failed to cook 'gameplay\gui_new\actionscript\red\game\witcher3\hud\modules\minimap2\commonmapcontainer.as' !
[2026.10.01 00:15:22][Info][WCC] Start cooking 'gameplay\gui_new\actionscript\red\game\witcher3\hud\modules\minimap2\distanceinfo.as' (isSeedFile: 1)
[2026.10.01 00:15:22][Error][WCC] Failed to load 'gameplay\gui_new\actionscript\red\game\witcher3\hud\modules\minimap2\distanceinfo.as' - is this a resource
[2026.10.01 00:15:22][Error][WCC] Failed to cook 'gameplay\gui_new\actionscript\red\game\witcher3\hud\modules\minimap2\distanceinfo.as' !
[2026.10.01 00:15:22][Info][WCC] Start cooking 'gameplay\gui_new\actionscript\red\game\witcher3\hud\modules\minimap2\hubmap.as' (isSeedFile: 1)
[2026.10.01 00:15:22][Error][WCC] Failed to load 'gameplay\gui_new\actionscript\red\game\witcher3\hud\modules\minimap2\hubmap.as' - is this a resource
[2026.10.01 00:15:22][Error][WCC] Failed to cook 'gameplay\gui_new\actionscript\red\game\witcher3\hud\modules\minimap2\hubmap.as' !
[2026.10.01 00:15:22][Info][WCC] Start cooking 'gameplay\gui_new\actionscript\red\game\witcher3\hud\modules\minimap2\hubmapcontainer.as' (isSeedFile: 1)
[2026.10.01 00:15:22][Error][WCC] Failed to load 'gameplay\gui_new\actionscript\red\game\witcher3\hud\modules\minimap2\hubmapcontainer.as' - is this a resource
[2026.10.01 00:15:22][Error][WCC] Failed to cook 'gameplay\gui_new\actionscript\red\game\witcher3\hud\modules\minimap2\hubmapcontainer.as' !
[2026.10.01 00:15:22][Info][WCC] Start cooking 'gameplay\gui_new\actionscript\red\game\witcher3\hud\modules\minimap2\interiormap.as' (isSeedFile: 1)
[2026.10.01 00:15:22][Error][WCC] Failed to load 'gameplay\gui_new\actionscript\red\game\witcher3\hud\modules\minimap2\interiormap.as' - is this a resource
[2026.10.01 00:15:22][Error][WCC] Failed to cook 'gameplay\gui_new\actionscript\red\game\witcher3\hud\modules\minimap2\interiormap.as' !
[2026.10.01 00:15:22][Info][WCC] Start cooking 'gameplay\gui_new\actionscript\red\game\witcher3\hud\modules\minimap2\interiormapcontainer.as' (isSeedFile: 1)
[2026.10.01 00:15:22][Error][WCC] Failed to load 'gameplay\gui_new\actionscript\red\game\witcher3\hud\modules\minimap2\interiormapcontainer.as' - is this a resource
[2026.10.01 00:15:22][Error][WCC] Failed to cook 'gameplay\gui_new\actionscript\red\game\witcher3\hud\modules\minimap2\interiormapcontainer.as' !
[2026.10.01 00:15:22][Info][WCC] Start cooking 'gameplay\gui_new\actionscript\red\game\witcher3\hud\modules\minimap2\mappath.as' (isSeedFile: 1)
[2026.10.01 00:15:22][Error][WCC] Failed to load 'gameplay\gui_new\actionscript\red\game\witcher3\hud\modules\minimap2\mappath.as' - is this a resource
[2026.10.01 00:15:22][Error][WCC] Failed to cook 'gameplay\gui_new\actionscript\red\game\witcher3\hud\modules\minimap2\mappath.as' !
[2026.10.01 00:15:22][Info][WCC] Start cooking 'gameplay\gui_new\actionscript\red\game\witcher3\hud\modules\minimap2\mappin.as' (isSeedFile: 1)
[2026.10.01 00:15:22][Error][WCC] Failed to load 'gameplay\gui_new\actionscript\red\game\witcher3\hud\modules\minimap2\mappin.as' - is this a resource
[2026.10.01 00:15:22][Error][WCC] Failed to cook 'gameplay\gui_new\actionscript\red\game\witcher3\hud\modules\minimap2\mappin.as' !
[2026.10.01 00:15:22][Info][WCC] Start cooking 'gameplay\gui_new\actionscript\red\game\witcher3\hud\modules\minimap2\minimaploader.as' (isSeedFile: 1)
[2026.10.01 00:15:22][Error][WCC] Failed to load 'gameplay\gui_new\actionscript\red\game\witcher3\hud\modules\minimap2\minimaploader.as' - is this a resource
[2026.10.01 00:15:22][Error][WCC] Failed to cook 'gameplay\gui_new\actionscript\red\game\witcher3\hud\modules\minimap2\minimaploader.as' !
[2026.10.01 00:15:22][Info][WCC] Start cooking 'gameplay\gui_new\actionscript\red\game\witcher3\hud\modules\minimap2\minimappininstance.as' (isSeedFile: 1)
[2026.10.01 00:15:22][Error][WCC] Failed to load 'gameplay\gui_new\actionscript\red\game\witcher3\hud\modules\minimap2\minimappininstance.as' - is this a resource
[2026.10.01 00:15:22][Error][WCC] Failed to cook 'gameplay\gui_new\actionscript\red\game\witcher3\hud\modules\minimap2\minimappininstance.as' !
[2026.10.01 00:15:22][Info][WCC] Start cooking 'gameplay\gui_new\actionscript\red\game\witcher3\hud\modules\minimap2\minimaptile.as' (isSeedFile: 1)
[2026.10.01 00:15:22][Error][WCC] Failed to load 'gameplay\gui_new\actionscript\red\game\witcher3\hud\modules\minimap2\minimaptile.as' - is this a resource
[2026.10.01 00:15:22][Error][WCC] Failed to cook 'gameplay\gui_new\actionscript\red\game\witcher3\hud\modules\minimap2\minimaptile.as' !
[2026.10.01 00:15:22][Info][WCC] Start cooking 'gameplay\gui_new\actionscript\red\game\witcher3\hud\modules\minimap2\waypoint.as' (isSeedFile: 1)
[2026.10.01 00:15:22][Error][WCC] Failed to load 'gameplay\gui_new\actionscript\red\game\witcher3\hud\modules\minimap2\waypoint.as' - is this a resource
[2026.10.01 00:15:22][Error][WCC] Failed to cook 'gameplay\gui_new\actionscript\red\game\witcher3\hud\modules\minimap2\waypoint.as' !
[2026.10.01 00:15:22][Info][WCC] Start cooking 'gameplay\gui_new\actionscript\red\game\witcher3\hud\modules\minimap2\waypointinstance.as' (isSeedFile: 1)
[2026.10.01 00:15:22][Error][WCC] Failed to load 'gameplay\gui_new\actionscript\red\game\witcher3\hud\modules\minimap2\waypointinstance.as' - is this a resource
[2026.10.01 00:15:22][Error][WCC] Failed to cook 'gameplay\gui_new\actionscript\red\game\witcher3\hud\modules\minimap2\waypointinstance.as' !
[2026.10.01 00:15:22][Info][WCC] Start cooking 'gameplay\gui_new\actionscript\red\game\witcher3\hud\modules\minimap2\worldconditioninfo.as' (isSeedFile: 1)
[2026.10.01 00:15:22][Error][WCC] Failed to load 'gameplay\gui_new\actionscript\red\game\witcher3\hud\modules\minimap2\worldconditioninfo.as' - is this a resource
[2026.10.01 00:15:22][Error][WCC] Failed to cook 'gameplay\gui_new\actionscript\red\game\witcher3\hud\modules\minimap2\worldconditioninfo.as' !
[2026.10.01 00:15:22][Info][WCC] Start cooking 'gameplay\gui_new\actionscript\red\game\witcher3\hud\modules\pickeditemsinfo\hudpickeditemsinfolistitem.as' (isSeedFile: 1)
[2026.10.01 00:15:22][Error][WCC] Failed to load 'gameplay\gui_new\actionscript\red\game\witcher3\hud\modules\pickeditemsinfo\hudpickeditemsinfolistitem.as' - is this a resource
[2026.10.01 00:15:22][Error][WCC] Failed to cook 'gameplay\gui_new\actionscript\red\game\witcher3\hud\modules\pickeditemsinfo\hudpickeditemsinfolistitem.as' !
[2026.10.01 00:15:22][Info][WCC] Start cooking 'gameplay\gui_new\actionscript\red\game\witcher3\hud\modules\quests\hudquestcontainer.as' (isSeedFile: 1)
[2026.10.01 00:15:22][Error][WCC] Failed to load 'gameplay\gui_new\actionscript\red\game\witcher3\hud\modules\quests\hudquestcontainer.as' - is this a resource
[2026.10.01 00:15:22][Error][WCC] Failed to cook 'gameplay\gui_new\actionscript\red\game\witcher3\hud\modules\quests\hudquestcontainer.as' !
[2026.10.01 00:15:22][Info][WCC] Start cooking 'gameplay\gui_new\actionscript\red\game\witcher3\hud\modules\quests\hudquestobjectivelist.as' (isSeedFile: 1)
[2026.10.01 00:15:22][Error][WCC] Failed to load 'gameplay\gui_new\actionscript\red\game\witcher3\hud\modules\quests\hudquestobjectivelist.as' - is this a resource
[2026.10.01 00:15:22][Error][WCC] Failed to cook 'gameplay\gui_new\actionscript\red\game\witcher3\hud\modules\quests\hudquestobjectivelist.as' !
[2026.10.01 00:15:22][Info][WCC] Start cooking 'gameplay\gui_new\actionscript\red\game\witcher3\hud\modules\quests\hudquestobjectivelistitem.as' (isSeedFile: 1)
[2026.10.01 00:15:22][Error][WCC] Failed to load 'gameplay\gui_new\actionscript\red\game\witcher3\hud\modules\quests\hudquestobjectivelistitem.as' - is this a resource
[2026.10.01 00:15:22][Error][WCC] Failed to cook 'gameplay\gui_new\actionscript\red\game\witcher3\hud\modules\quests\hudquestobjectivelistitem.as' !
[2026.10.01 00:15:22][Info][WCC] Start cooking 'gameplay\gui_new\actionscript\red\game\witcher3\hud\modules\radialmenu\radialmenufieldscontainer.as' (isSeedFile: 1)
[2026.10.01 00:15:22][Error][WCC] Failed to load 'gameplay\gui_new\actionscript\red\game\witcher3\hud\modules\radialmenu\radialmenufieldscontainer.as' - is this a resource
[2026.10.01 00:15:22][Error][WCC] Failed to cook 'gameplay\gui_new\actionscript\red\game\witcher3\hud\modules\radialmenu\radialmenufieldscontainer.as' !
[2026.10.01 00:15:22][Info][WCC] Start cooking 'gameplay\gui_new\actionscript\red\game\witcher3\hud\modules\radialmenu\radialmenuitem.as' (isSeedFile: 1)
[2026.10.01 00:15:22][Error][WCC] Failed to load 'gameplay\gui_new\actionscript\red\game\witcher3\hud\modules\radialmenu\radialmenuitem.as' - is this a resource
[2026.10.01 00:15:22][Error][WCC] Failed to cook 'gameplay\gui_new\actionscript\red\game\witcher3\hud\modules\radialmenu\radialmenuitem.as' !
[2026.10.01 00:15:22][Info][WCC] Start cooking 'gameplay\gui_new\actionscript\red\game\witcher3\hud\modules\radialmenu\radialmenuitemcounter.as' (isSeedFile: 1)
[2026.10.01 00:15:22][Error][WCC] Failed to load 'gameplay\gui_new\actionscript\red\game\witcher3\hud\modules\radialmenu\radialmenuitemcounter.as' - is this a resource
[2026.10.01 00:15:22][Error][WCC] Failed to cook 'gameplay\gui_new\actionscript\red\game\witcher3\hud\modules\radialmenu\radialmenuitemcounter.as' !
[2026.10.01 00:15:22][Info][WCC] Start cooking 'gameplay\gui_new\actionscript\red\game\witcher3\hud\modules\radialmenu\radialmenuitemequipped.as' (isSeedFile: 1)
[2026.10.01 00:15:22][Error][WCC] Failed to load 'gameplay\gui_new\actionscript\red\game\witcher3\hud\modules\radialmenu\radialmenuitemequipped.as' - is this a resource
[2026.10.01 00:15:22][Error][WCC] Failed to cook 'gameplay\gui_new\actionscript\red\game\witcher3\hud\modules\radialmenu\radialmenuitemequipped.as' !
[2026.10.01 00:15:22][Info][WCC] Start cooking 'gameplay\gui_new\actionscript\red\game\witcher3\hud\modules\radialmenu\radialmenuselectedinfo.as' (isSeedFile: 1)
[2026.10.01 00:15:22][Error][WCC] Failed to load 'gameplay\gui_new\actionscript\red\game\witcher3\hud\modules\radialmenu\radialmenuselectedinfo.as' - is this a resource
[2026.10.01 00:15:22][Error][WCC] Failed to cook 'gameplay\gui_new\actionscript\red\game\witcher3\hud\modules\radialmenu\radialmenuselectedinfo.as' !
[2026.10.01 00:15:22][Info][WCC] Start cooking 'gameplay\gui_new\actionscript\red\game\witcher3\hud\modules\radialmenu\radialmenusubitemview.as' (isSeedFile: 1)
[2026.10.01 00:15:22][Error][WCC] Failed to load 'gameplay\gui_new\actionscript\red\game\witcher3\hud\modules\radialmenu\radialmenusubitemview.as' - is this a resource
[2026.10.01 00:15:22][Error][WCC] Failed to cook 'gameplay\gui_new\actionscript\red\game\witcher3\hud\modules\radialmenu\radialmenusubitemview.as' !
[2026.10.01 00:15:22][Info][WCC] Start cooking 'gameplay\gui_new\actionscript\red\game\witcher3\hud\modules\signinfo\huditeminfo.as' (isSeedFile: 1)
[2026.10.01 00:15:22][Error][WCC] Failed to load 'gameplay\gui_new\actionscript\red\game\witcher3\hud\modules\signinfo\huditeminfo.as' - is this a resource
[2026.10.01 00:15:22][Error][WCC] Failed to cook 'gameplay\gui_new\actionscript\red\game\witcher3\hud\modules\signinfo\huditeminfo.as' !
[2026.10.01 00:15:22][Info][WCC] Start cooking 'gameplay\gui_new\actionscript\red\game\witcher3\hud\modules\statbars\hudhealthbarvines.as' (isSeedFile: 1)
[2026.10.01 00:15:22][Error][WCC] Failed to load 'gameplay\gui_new\actionscript\red\game\witcher3\hud\modules\statbars\hudhealthbarvines.as' - is this a resource
[2026.10.01 00:15:22][Error][WCC] Failed to cook 'gameplay\gui_new\actionscript\red\game\witcher3\hud\modules\statbars\hudhealthbarvines.as' !
[2026.10.01 00:15:22][Info][WCC] Start cooking 'gameplay\gui_new\actionscript\red\game\witcher3\hud\modules\statbars\hudstatbar.as' (isSeedFile: 1)
[2026.10.01 00:15:22][Error][WCC] Failed to load 'gameplay\gui_new\actionscript\red\game\witcher3\hud\modules\statbars\hudstatbar.as' - is this a resource
[2026.10.01 00:15:22][Error][WCC] Failed to cook 'gameplay\gui_new\actionscript\red\game\witcher3\hud\modules\statbars\hudstatbar.as' !
[2026.10.01 00:15:22][Info][WCC] Start cooking 'gameplay\gui_new\actionscript\red\game\witcher3\hud\modules\statbars\hudstatbarblood.as' (isSeedFile: 1)
[2026.10.01 00:15:22][Error][WCC] Failed to load 'gameplay\gui_new\actionscript\red\game\witcher3\hud\modules\statbars\hudstatbarblood.as' - is this a resource
[2026.10.01 00:15:22][Error][WCC] Failed to cook 'gameplay\gui_new\actionscript\red\game\witcher3\hud\modules\statbars\hudstatbarblood.as' !
[2026.10.01 00:15:22][Info][WCC] Start cooking 'gameplay\gui_new\actionscript\red\game\witcher3\hud\modules\statbars\hudstatbarstamina.as' (isSeedFile: 1)
[2026.10.01 00:15:22][Error][WCC] Failed to load 'gameplay\gui_new\actionscript\red\game\witcher3\hud\modules\statbars\hudstatbarstamina.as' - is this a resource
[2026.10.01 00:15:22][Error][WCC] Failed to cook 'gameplay\gui_new\actionscript\red\game\witcher3\hud\modules\statbars\hudstatbarstamina.as' !
[2026.10.01 00:15:22][Info][WCC] Start cooking 'gameplay\gui_new\actionscript\red\game\witcher3\hud\modules\statbars\hudstatbartoxicity.as' (isSeedFile: 1)
[2026.10.01 00:15:22][Error][WCC] Failed to load 'gameplay\gui_new\actionscript\red\game\witcher3\hud\modules\statbars\hudstatbartoxicity.as' - is this a resource
[2026.10.01 00:15:22][Error][WCC] Failed to cook 'gameplay\gui_new\actionscript\red\game\witcher3\hud\modules\statbars\hudstatbartoxicity.as' !
[2026.10.01 00:15:22][Info][WCC] Start cooking 'gameplay\gui_new\actionscript\red\game\witcher3\hud\modules\wolfhead\focusindicator.as' (isSeedFile: 1)
[2026.10.01 00:15:22][Error][WCC] Failed to load 'gameplay\gui_new\actionscript\red\game\witcher3\hud\modules\wolfhead\focusindicator.as' - is this a resource
[2026.10.01 00:15:22][Error][WCC] Failed to cook 'gameplay\gui_new\actionscript\red\game\witcher3\hud\modules\wolfhead\focusindicator.as' !
[2026.10.01 00:15:22][Info][WCC] Start cooking 'gameplay\gui_new\actionscript\red\game\witcher3\hud\modules\wolfhead\staminaindicator.as' (isSeedFile: 1)
[2026.10.01 00:15:22][Error][WCC] Failed to load 'gameplay\gui_new\actionscript\red\game\witcher3\hud\modules\wolfhead\staminaindicator.as' - is this a resource
[2026.10.01 00:15:22][Error][WCC] Failed to cook 'gameplay\gui_new\actionscript\red\game\witcher3\hud\modules\wolfhead\staminaindicator.as' !
[2026.10.01 00:15:22][Info][WCC] Start cooking 'gameplay\gui_new\actionscript\red\game\witcher3\hud\modules\wolfhead\w3statindicator.as' (isSeedFile: 1)
[2026.10.01 00:15:22][Error][WCC] Failed to load 'gameplay\gui_new\actionscript\red\game\witcher3\hud\modules\wolfhead\w3statindicator.as' - is this a resource
[2026.10.01 00:15:22][Error][WCC] Failed to cook 'gameplay\gui_new\actionscript\red\game\witcher3\hud\modules\wolfhead\w3statindicator.as' !
[2026.10.01 00:15:22][Info][WCC] Start cooking 'gameplay\gui_new\actionscript\red\game\witcher3\hud\modules\wolfhead\wolfmedallion.as' (isSeedFile: 1)
[2026.10.01 00:15:22][Error][WCC] Failed to load 'gameplay\gui_new\actionscript\red\game\witcher3\hud\modules\wolfhead\wolfmedallion.as' - is this a resource
[2026.10.01 00:15:22][Error][WCC] Failed to cook 'gameplay\gui_new\actionscript\red\game\witcher3\hud\modules\wolfhead\wolfmedallion.as' !
[2026.10.01 00:15:22][Info][WCC] Start cooking 'gameplay\gui_new\actionscript\red\game\witcher3\hud\states\basestate.as' (isSeedFile: 1)
[2026.10.01 00:15:22][Error][WCC] Failed to load 'gameplay\gui_new\actionscript\red\game\witcher3\hud\states\basestate.as' - is this a resource
[2026.10.01 00:15:22][Error][WCC] Failed to cook 'gameplay\gui_new\actionscript\red\game\witcher3\hud\states\basestate.as' !
[2026.10.01 00:15:22][Info][WCC] Start cooking 'gameplay\gui_new\actionscript\red\game\witcher3\hud\states\hidestate.as' (isSeedFile: 1)
[2026.10.01 00:15:22][Error][WCC] Failed to load 'gameplay\gui_new\actionscript\red\game\witcher3\hud\states\hidestate.as' - is this a resource
[2026.10.01 00:15:22][Error][WCC] Failed to cook 'gameplay\gui_new\actionscript\red\game\witcher3\hud\states\hidestate.as' !
[2026.10.01 00:15:22][Info][WCC] Start cooking 'gameplay\gui_new\actionscript\red\game\witcher3\hud\states\ondemandstate.as' (isSeedFile: 1)
[2026.10.01 00:15:22][Error][WCC] Failed to load 'gameplay\gui_new\actionscript\red\game\witcher3\hud\states\ondemandstate.as' - is this a resource
[2026.10.01 00:15:22][Error][WCC] Failed to cook 'gameplay\gui_new\actionscript\red\game\witcher3\hud\states\ondemandstate.as' !
[2026.10.01 00:15:22][Info][WCC] Start cooking 'gameplay\gui_new\actionscript\red\game\witcher3\hud\states\onupdatestate.as' (isSeedFile: 1)
[2026.10.01 00:15:22][Error][WCC] Failed to load 'gameplay\gui_new\actionscript\red\game\witcher3\hud\states\onupdatestate.as' - is this a resource
[2026.10.01 00:15:22][Error][WCC] Failed to cook 'gameplay\gui_new\actionscript\red\game\witcher3\hud\states\onupdatestate.as' !
[2026.10.01 00:15:22][Info][WCC] Start cooking 'gameplay\gui_new\actionscript\red\game\witcher3\hud\states\showstate.as' (isSeedFile: 1)
[2026.10.01 00:15:22][Error][WCC] Failed to load 'gameplay\gui_new\actionscript\red\game\witcher3\hud\states\showstate.as' - is this a resource
[2026.10.01 00:15:22][Error][WCC] Failed to cook 'gameplay\gui_new\actionscript\red\game\witcher3\hud\states\showstate.as' !
[2026.10.01 00:15:22][Info][WCC] Start cooking 'gameplay\gui_new\actionscript\red\game\witcher3\hud\states\statemachine.as' (isSeedFile: 1)
[2026.10.01 00:15:22][Error][WCC] Failed to load 'gameplay\gui_new\actionscript\red\game\witcher3\hud\states\statemachine.as' - is this a resource
[2026.10.01 00:15:22][Error][WCC] Failed to cook 'gameplay\gui_new\actionscript\red\game\witcher3\hud\states\statemachine.as' !
[2026.10.01 00:15:22][Info][WCC] Start cooking 'gameplay\gui_new\actionscript\red\game\witcher3\interfaces\iabstractitemcontainermodule.as' (isSeedFile: 1)
[2026.10.01 00:15:22][Error][WCC] Failed to load 'gameplay\gui_new\actionscript\red\game\witcher3\interfaces\iabstractitemcontainermodule.as' - is this a resource
[2026.10.01 00:15:22][Error][WCC] Failed to cook 'gameplay\gui_new\actionscript\red\game\witcher3\interfaces\iabstractitemcontainermodule.as' !
[2026.10.01 00:15:22][Info][WCC] Start cooking 'gameplay\gui_new\actionscript\red\game\witcher3\interfaces\ianchorable.as' (isSeedFile: 1)
[2026.10.01 00:15:22][Error][WCC] Failed to load 'gameplay\gui_new\actionscript\red\game\witcher3\interfaces\ianchorable.as' - is this a resource
[2026.10.01 00:15:22][Error][WCC] Failed to cook 'gameplay\gui_new\actionscript\red\game\witcher3\interfaces\ianchorable.as' !
[2026.10.01 00:15:22][Info][WCC] Start cooking 'gameplay\gui_new\actionscript\red\game\witcher3\interfaces\ibaseslot.as' (isSeedFile: 1)
[2026.10.01 00:15:22][Error][WCC] Failed to load 'gameplay\gui_new\actionscript\red\game\witcher3\interfaces\ibaseslot.as' - is this a resource
[2026.10.01 00:15:22][Error][WCC] Failed to cook 'gameplay\gui_new\actionscript\red\game\witcher3\interfaces\ibaseslot.as' !
[2026.10.01 00:15:22][Info][WCC] Start cooking 'gameplay\gui_new\actionscript\red\game\witcher3\interfaces\idragtarget.as' (isSeedFile: 1)
[2026.10.01 00:15:22][Error][WCC] Failed to load 'gameplay\gui_new\actionscript\red\game\witcher3\interfaces\idragtarget.as' - is this a resource
[2026.10.01 00:15:22][Error][WCC] Failed to cook 'gameplay\gui_new\actionscript\red\game\witcher3\interfaces\idragtarget.as' !
[2026.10.01 00:15:22][Info][WCC] Start cooking 'gameplay\gui_new\actionscript\red\game\witcher3\interfaces\idroptarget.as' (isSeedFile: 1)
[2026.10.01 00:15:22][Error][WCC] Failed to load 'gameplay\gui_new\actionscript\red\game\witcher3\interfaces\idroptarget.as' - is this a resource
[2026.10.01 00:15:22][Error][WCC] Failed to cook 'gameplay\gui_new\actionscript\red\game\witcher3\interfaces\idroptarget.as' !
[2026.10.01 00:15:22][Info][WCC] Start cooking 'gameplay\gui_new\actionscript\red\game\witcher3\interfaces\igriditemrenderer.as' (isSeedFile: 1)
[2026.10.01 00:15:22][Error][WCC] Failed to load 'gameplay\gui_new\actionscript\red\game\witcher3\interfaces\igriditemrenderer.as' - is this a resource
[2026.10.01 00:15:22][Error][WCC] Failed to cook 'gameplay\gui_new\actionscript\red\game\witcher3\interfaces\igriditemrenderer.as' !
[2026.10.01 00:15:22][Info][WCC] Start cooking 'gameplay\gui_new\actionscript\red\game\witcher3\interfaces\iinteractionobject.as' (isSeedFile: 1)
[2026.10.01 00:15:22][Error][WCC] Failed to load 'gameplay\gui_new\actionscript\red\game\witcher3\interfaces\iinteractionobject.as' - is this a resource
[2026.10.01 00:15:22][Error][WCC] Failed to cook 'gameplay\gui_new\actionscript\red\game\witcher3\interfaces\iinteractionobject.as' !
[2026.10.01 00:15:22][Info][WCC] Start cooking 'gameplay\gui_new\actionscript\red\game\witcher3\interfaces\iinventoryslot.as' (isSeedFile: 1)
[2026.10.01 00:15:22][Error][WCC] Failed to load 'gameplay\gui_new\actionscript\red\game\witcher3\interfaces\iinventoryslot.as' - is this a resource
[2026.10.01 00:15:22][Error][WCC] Failed to cook 'gameplay\gui_new\actionscript\red\game\witcher3\interfaces\iinventoryslot.as' !
[2026.10.01 00:15:22][Info][WCC] Start cooking 'gameplay\gui_new\actionscript\red\game\witcher3\interfaces\ipaperdollslot.as' (isSeedFile: 1)
[2026.10.01 00:15:22][Error][WCC] Failed to load 'gameplay\gui_new\actionscript\red\game\witcher3\interfaces\ipaperdollslot.as' - is this a resource
[2026.10.01 00:15:22][Error][WCC] Failed to cook 'gameplay\gui_new\actionscript\red\game\witcher3\interfaces\ipaperdollslot.as' !
[2026.10.01 00:15:22][Info][WCC] Start cooking 'gameplay\gui_new\actionscript\red\game\witcher3\interfaces\iscrollinglist.as' (isSeedFile: 1)
[2026.10.01 00:15:22][Error][WCC] Failed to load 'gameplay\gui_new\actionscript\red\game\witcher3\interfaces\iscrollinglist.as' - is this a resource
[2026.10.01 00:15:22][Error][WCC] Failed to cook 'gameplay\gui_new\actionscript\red\game\witcher3\interfaces\iscrollinglist.as' !
[2026.10.01 00:15:22][Info][WCC] Start cooking 'gameplay\gui_new\actionscript\red\game\witcher3\interfaces\itooltipholder.as' (isSeedFile: 1)
[2026.10.01 00:15:22][Error][WCC] Failed to load 'gameplay\gui_new\actionscript\red\game\witcher3\interfaces\itooltipholder.as' - is this a resource
[2026.10.01 00:15:22][Error][WCC] Failed to cook 'gameplay\gui_new\actionscript\red\game\witcher3\interfaces\itooltipholder.as' !
[2026.10.01 00:15:22][Info][WCC] Start cooking 'gameplay\gui_new\actionscript\red\game\witcher3\linearease.as' (isSeedFile: 1)
[2026.10.01 00:15:22][Error][WCC] Failed to load 'gameplay\gui_new\actionscript\red\game\witcher3\linearease.as' - is this a resource
[2026.10.01 00:15:22][Error][WCC] Failed to cook 'gameplay\gui_new\actionscript\red\game\witcher3\linearease.as' !
[2026.10.01 00:15:22][Info][WCC] Start cooking 'gameplay\gui_new\actionscript\red\game\witcher3\managers\contextinfomanager.as' (isSeedFile: 1)
[2026.10.01 00:15:22][Error][WCC] Failed to load 'gameplay\gui_new\actionscript\red\game\witcher3\managers\contextinfomanager.as' - is this a resource
[2026.10.01 00:15:22][Error][WCC] Failed to cook 'gameplay\gui_new\actionscript\red\game\witcher3\managers\contextinfomanager.as' !
[2026.10.01 00:15:22][Info][WCC] Start cooking 'gameplay\gui_new\actionscript\red\game\witcher3\managers\contexttooltipdata.as' (isSeedFile: 1)
[2026.10.01 00:15:22][Error][WCC] Failed to load 'gameplay\gui_new\actionscript\red\game\witcher3\managers\contexttooltipdata.as' - is this a resource
[2026.10.01 00:15:22][Error][WCC] Failed to cook 'gameplay\gui_new\actionscript\red\game\witcher3\managers\contexttooltipdata.as' !
[2026.10.01 00:15:22][Info][WCC] Start cooking 'gameplay\gui_new\actionscript\red\game\witcher3\managers\inputfeedbackmanager.as' (isSeedFile: 1)
[2026.10.01 00:15:22][Error][WCC] Failed to load 'gameplay\gui_new\actionscript\red\game\witcher3\managers\inputfeedbackmanager.as' - is this a resource
[2026.10.01 00:15:22][Error][WCC] Failed to cook 'gameplay\gui_new\actionscript\red\game\witcher3\managers\inputfeedbackmanager.as' !
[2026.10.01 00:15:22][Info][WCC] Start cooking 'gameplay\gui_new\actionscript\red\game\witcher3\managers\inputmanager.as' (isSeedFile: 1)
[2026.10.01 00:15:22][Error][WCC] Failed to load 'gameplay\gui_new\actionscript\red\game\witcher3\managers\inputmanager.as' - is this a resource
[2026.10.01 00:15:22][Error][WCC] Failed to cook 'gameplay\gui_new\actionscript\red\game\witcher3\managers\inputmanager.as' !
[2026.10.01 00:15:22][Info][WCC] Start cooking 'gameplay\gui_new\actionscript\red\game\witcher3\managers\panelmodulemanager.as' (isSeedFile: 1)
[2026.10.01 00:15:22][Error][WCC] Failed to load 'gameplay\gui_new\actionscript\red\game\witcher3\managers\panelmodulemanager.as' - is this a resource
[2026.10.01 00:15:22][Error][WCC] Failed to cook 'gameplay\gui_new\actionscript\red\game\witcher3\managers\panelmodulemanager.as' !
[2026.10.01 00:15:22][Info][WCC] Start cooking 'gameplay\gui_new\actionscript\red\game\witcher3\managers\runtimeassetsmanager.as' (isSeedFile: 1)
[2026.10.01 00:15:22][Error][WCC] Failed to load 'gameplay\gui_new\actionscript\red\game\witcher3\managers\runtimeassetsmanager.as' - is this a resource
[2026.10.01 00:15:22][Error][WCC] Failed to cook 'gameplay\gui_new\actionscript\red\game\witcher3\managers\runtimeassetsmanager.as' !
[2026.10.01 00:15:22][Info][WCC] Start cooking 'gameplay\gui_new\actionscript\red\game\witcher3\managers\w3dragmanager.as' (isSeedFile: 1)
[2026.10.01 00:15:22][Error][WCC] Failed to load 'gameplay\gui_new\actionscript\red\game\witcher3\managers\w3dragmanager.as' - is this a resource
[2026.10.01 00:15:22][Error][WCC] Failed to cook 'gameplay\gui_new\actionscript\red\game\witcher3\managers\w3dragmanager.as' !
[2026.10.01 00:15:22][Info][WCC] Start cooking 'gameplay\gui_new\actionscript\red\game\witcher3\managers\zoommanager.as' (isSeedFile: 1)
[2026.10.01 00:15:22][Error][WCC] Failed to load 'gameplay\gui_new\actionscript\red\game\witcher3\managers\zoommanager.as' - is this a resource
[2026.10.01 00:15:22][Error][WCC] Failed to cook 'gameplay\gui_new\actionscript\red\game\witcher3\managers\zoommanager.as' !
[2026.10.01 00:15:22][Info][WCC] Start cooking 'gameplay\gui_new\actionscript\red\game\witcher3\menus\alchemy\alchemymenu.as' (isSeedFile: 1)
[2026.10.01 00:15:22][Error][WCC] Failed to load 'gameplay\gui_new\actionscript\red\game\witcher3\menus\alchemy\alchemymenu.as' - is this a resource
[2026.10.01 00:15:22][Error][WCC] Failed to cook 'gameplay\gui_new\actionscript\red\game\witcher3\menus\alchemy\alchemymenu.as' !
[2026.10.01 00:15:22][Info][WCC] Start cooking 'gameplay\gui_new\actionscript\red\game\witcher3\menus\alchemy\alchemysublistmodule.as' (isSeedFile: 1)
[2026.10.01 00:15:22][Error][WCC] Failed to load 'gameplay\gui_new\actionscript\red\game\witcher3\menus\alchemy\alchemysublistmodule.as' - is this a resource
[2026.10.01 00:15:22][Error][WCC] Failed to cook 'gameplay\gui_new\actionscript\red\game\witcher3\menus\alchemy\alchemysublistmodule.as' !
[2026.10.01 00:15:22][Info][WCC] Start cooking 'gameplay\gui_new\actionscript\red\game\witcher3\menus\blacksmith\blacksmithitempanel.as' (isSeedFile: 1)
[2026.10.01 00:15:22][Error][WCC] Failed to load 'gameplay\gui_new\actionscript\red\game\witcher3\menus\blacksmith\blacksmithitempanel.as' - is this a resource
[2026.10.01 00:15:22][Error][WCC] Failed to cook 'gameplay\gui_new\actionscript\red\game\witcher3\menus\blacksmith\blacksmithitempanel.as' !
[2026.10.01 00:15:22][Info][WCC] Start cooking 'gameplay\gui_new\actionscript\red\game\witcher3\menus\blacksmith\blacksmithmenu.as' (isSeedFile: 1)
[2026.10.01 00:15:22][Error][WCC] Failed to load 'gameplay\gui_new\actionscript\red\game\witcher3\menus\blacksmith\blacksmithmenu.as' - is this a resource
[2026.10.01 00:15:22][Error][WCC] Failed to cook 'gameplay\gui_new\actionscript\red\game\witcher3\menus\blacksmith\blacksmithmenu.as' !
[2026.10.01 00:15:22][Info][WCC] Start cooking 'gameplay\gui_new\actionscript\red\game\witcher3\menus\blacksmith\enchantingitemslistmodule.as' (isSeedFile: 1)
[2026.10.01 00:15:22][Error][WCC] Failed to load 'gameplay\gui_new\actionscript\red\game\witcher3\menus\blacksmith\enchantingitemslistmodule.as' - is this a resource
[2026.10.01 00:15:22][Error][WCC] Failed to cook 'gameplay\gui_new\actionscript\red\game\witcher3\menus\blacksmith\enchantingitemslistmodule.as' !
[2026.10.01 00:15:22][Info][WCC] Start cooking 'gameplay\gui_new\actionscript\red\game\witcher3\menus\blacksmith\enchantingmenu.as' (isSeedFile: 1)
[2026.10.01 00:15:22][Error][WCC] Failed to load 'gameplay\gui_new\actionscript\red\game\witcher3\menus\blacksmith\enchantingmenu.as' - is this a resource
[2026.10.01 00:15:22][Error][WCC] Failed to cook 'gameplay\gui_new\actionscript\red\game\witcher3\menus\blacksmith\enchantingmenu.as' !
[2026.10.01 00:15:22][Info][WCC] Start cooking 'gameplay\gui_new\actionscript\red\game\witcher3\menus\blacksmith\itemaddsocketinfo.as' (isSeedFile: 1)
[2026.10.01 00:15:22][Error][WCC] Failed to load 'gameplay\gui_new\actionscript\red\game\witcher3\menus\blacksmith\itemaddsocketinfo.as' - is this a resource
[2026.10.01 00:15:22][Error][WCC] Failed to cook 'gameplay\gui_new\actionscript\red\game\witcher3\menus\blacksmith\itemaddsocketinfo.as' !
[2026.10.01 00:15:22][Info][WCC] Start cooking 'gameplay\gui_new\actionscript\red\game\witcher3\menus\blacksmith\itemdisassembleinfo.as' (isSeedFile: 1)
[2026.10.01 00:15:22][Error][WCC] Failed to load 'gameplay\gui_new\actionscript\red\game\witcher3\menus\blacksmith\itemdisassembleinfo.as' - is this a resource
[2026.10.01 00:15:22][Error][WCC] Failed to cook 'gameplay\gui_new\actionscript\red\game\witcher3\menus\blacksmith\itemdisassembleinfo.as' !
[2026.10.01 00:15:22][Info][WCC] Start cooking 'gameplay\gui_new\actionscript\red\game\witcher3\menus\blacksmith\itemrepairinfo.as' (isSeedFile: 1)
[2026.10.01 00:15:22][Error][WCC] Failed to load 'gameplay\gui_new\actionscript\red\game\witcher3\menus\blacksmith\itemrepairinfo.as' - is this a resource
[2026.10.01 00:15:22][Error][WCC] Failed to cook 'gameplay\gui_new\actionscript\red\game\witcher3\menus\blacksmith\itemrepairinfo.as' !
[2026.10.01 00:15:22][Info][WCC] Start cooking 'gameplay\gui_new\actionscript\red\game\witcher3\menus\blacksmith\itemsocketsinfo.as' (isSeedFile: 1)
[2026.10.01 00:15:22][Error][WCC] Failed to load 'gameplay\gui_new\actionscript\red\game\witcher3\menus\blacksmith\itemsocketsinfo.as' - is this a resource
[2026.10.01 00:15:22][Error][WCC] Failed to cook 'gameplay\gui_new\actionscript\red\game\witcher3\menus\blacksmith\itemsocketsinfo.as' !
[2026.10.01 00:15:22][Info][WCC] Start cooking 'gameplay\gui_new\actionscript\red\game\witcher3\menus\blacksmith\moduleblacksmithgrid.as' (isSeedFile: 1)
[2026.10.01 00:15:22][Error][WCC] Failed to load 'gameplay\gui_new\actionscript\red\game\witcher3\menus\blacksmith\moduleblacksmithgrid.as' - is this a resource
[2026.10.01 00:15:22][Error][WCC] Failed to cook 'gameplay\gui_new\actionscript\red\game\witcher3\menus\blacksmith\moduleblacksmithgrid.as' !
[2026.10.01 00:15:22][Info][WCC] Start cooking 'gameplay\gui_new\actionscript\red\game\witcher3\menus\blacksmith\moduletransmogtabhandler.as' (isSeedFile: 1)
[2026.10.01 00:15:22][Error][WCC] Failed to load 'gameplay\gui_new\actionscript\red\game\witcher3\menus\blacksmith\moduletransmogtabhandler.as' - is this a resource
[2026.10.01 00:15:22][Error][WCC] Failed to cook 'gameplay\gui_new\actionscript\red\game\witcher3\menus\blacksmith\moduletransmogtabhandler.as' !
[2026.10.01 00:15:22][Info][WCC] Start cooking 'gameplay\gui_new\actionscript\red\game\witcher3\menus\blacksmith\moduletransmogvis.as' (isSeedFile: 1)
[2026.10.01 00:15:22][Error][WCC] Failed to load 'gameplay\gui_new\actionscript\red\game\witcher3\menus\blacksmith\moduletransmogvis.as' - is this a resource
[2026.10.01 00:15:22][Error][WCC] Failed to cook 'gameplay\gui_new\actionscript\red\game\witcher3\menus\blacksmith\moduletransmogvis.as' !
[2026.10.01 00:15:22][Info][WCC] Start cooking 'gameplay\gui_new\actionscript\red\game\witcher3\menus\blacksmith\requiredingredientslistmodule.as' (isSeedFile: 1)
[2026.10.01 00:15:22][Error][WCC] Failed to load 'gameplay\gui_new\actionscript\red\game\witcher3\menus\blacksmith\requiredingredientslistmodule.as' - is this a resource
[2026.10.01 00:15:22][Error][WCC] Failed to cook 'gameplay\gui_new\actionscript\red\game\witcher3\menus\blacksmith\requiredingredientslistmodule.as' !
[2026.10.01 00:15:22][Info][WCC] Start cooking 'gameplay\gui_new\actionscript\red\game\witcher3\menus\blacksmith\transmogmenu.as' (isSeedFile: 1)
[2026.10.01 00:15:22][Error][WCC] Failed to load 'gameplay\gui_new\actionscript\red\game\witcher3\menus\blacksmith\transmogmenu.as' - is this a resource
[2026.10.01 00:15:22][Error][WCC] Failed to cook 'gameplay\gui_new\actionscript\red\game\witcher3\menus\blacksmith\transmogmenu.as' !
[2026.10.01 00:15:22][Info][WCC] Start cooking 'gameplay\gui_new\actionscript\red\game\witcher3\menus\character\characterbuttoncontainermodule.as' (isSeedFile: 1)
[2026.10.01 00:15:22][Error][WCC] Failed to load 'gameplay\gui_new\actionscript\red\game\witcher3\menus\character\characterbuttoncontainermodule.as' - is this a resource
[2026.10.01 00:15:22][Error][WCC] Failed to cook 'gameplay\gui_new\actionscript\red\game\witcher3\menus\character\characterbuttoncontainermodule.as' !
[2026.10.01 00:15:22][Info][WCC] Start cooking 'gameplay\gui_new\actionscript\red\game\witcher3\menus\character\characterbuttoncontainermodule_console.as' (isSeedFile: 1)
[2026.10.01 00:15:22][Error][WCC] Failed to load 'gameplay\gui_new\actionscript\red\game\witcher3\menus\character\characterbuttoncontainermodule_console.as' - is this a resource
[2026.10.01 00:15:22][Error][WCC] Failed to cook 'gameplay\gui_new\actionscript\red\game\witcher3\menus\character\characterbuttoncontainermodule_console.as' !
[2026.10.01 00:15:22][Info][WCC] Start cooking 'gameplay\gui_new\actionscript\red\game\witcher3\menus\character\characterbuttoncontainermodule_pc.as' (isSeedFile: 1)
[2026.10.01 00:15:22][Error][WCC] Failed to load 'gameplay\gui_new\actionscript\red\game\witcher3\menus\character\characterbuttoncontainermodule_pc.as' - is this a resource
[2026.10.01 00:15:22][Error][WCC] Failed to cook 'gameplay\gui_new\actionscript\red\game\witcher3\menus\character\characterbuttoncontainermodule_pc.as' !
[2026.10.01 00:15:22][Info][WCC] Start cooking 'gameplay\gui_new\actionscript\red\game\witcher3\menus\character\characterfloatingtooltipmodule.as' (isSeedFile: 1)
[2026.10.01 00:15:22][Error][WCC] Failed to load 'gameplay\gui_new\actionscript\red\game\witcher3\menus\character\characterfloatingtooltipmodule.as' - is this a resource
[2026.10.01 00:15:22][Error][WCC] Failed to cook 'gameplay\gui_new\actionscript\red\game\witcher3\menus\character\characterfloatingtooltipmodule.as' !
[2026.10.01 00:15:22][Info][WCC] Start cooking 'gameplay\gui_new\actionscript\red\game\witcher3\menus\character\characterperksmenu.as' (isSeedFile: 1)
[2026.10.01 00:15:22][Error][WCC] Failed to load 'gameplay\gui_new\actionscript\red\game\witcher3\menus\character\characterperksmenu.as' - is this a resource
[2026.10.01 00:15:22][Error][WCC] Failed to cook 'gameplay\gui_new\actionscript\red\game\witcher3\menus\character\characterperksmenu.as' !
[2026.10.01 00:15:22][Info][WCC] Start cooking 'gameplay\gui_new\actionscript\red\game\witcher3\menus\character\characterpointsmodule.as' (isSeedFile: 1)
[2026.10.01 00:15:22][Error][WCC] Failed to load 'gameplay\gui_new\actionscript\red\game\witcher3\menus\character\characterpointsmodule.as' - is this a resource
[2026.10.01 00:15:22][Error][WCC] Failed to cook 'gameplay\gui_new\actionscript\red\game\witcher3\menus\character\characterpointsmodule.as' !
[2026.10.01 00:15:22][Info][WCC] Start cooking 'gameplay\gui_new\actionscript\red\game\witcher3\menus\character\characterskillsmenu.as' (isSeedFile: 1)
[2026.10.01 00:15:22][Error][WCC] Failed to load 'gameplay\gui_new\actionscript\red\game\witcher3\menus\character\characterskillsmenu.as' - is this a resource
[2026.10.01 00:15:22][Error][WCC] Failed to cook 'gameplay\gui_new\actionscript\red\game\witcher3\menus\character\characterskillsmenu.as' !
[2026.10.01 00:15:22][Info][WCC] Start cooking 'gameplay\gui_new\actionscript\red\game\witcher3\menus\character\charactertabsmodule.as' (isSeedFile: 1)
[2026.10.01 00:15:22][Error][WCC] Failed to load 'gameplay\gui_new\actionscript\red\game\witcher3\menus\character\charactertabsmodule.as' - is this a resource
[2026.10.01 00:15:22][Error][WCC] Failed to cook 'gameplay\gui_new\actionscript\red\game\witcher3\menus\character\charactertabsmodule.as' !
[2026.10.01 00:15:22][Info][WCC] Start cooking 'gameplay\gui_new\actionscript\red\game\witcher3\menus\character\charactertreegrid.as' (isSeedFile: 1)
[2026.10.01 00:15:22][Error][WCC] Failed to load 'gameplay\gui_new\actionscript\red\game\witcher3\menus\character\charactertreegrid.as' - is this a resource
[2026.10.01 00:15:22][Error][WCC] Failed to cook 'gameplay\gui_new\actionscript\red\game\witcher3\menus\character\charactertreegrid.as' !
[2026.10.01 00:15:22][Info][WCC] Start cooking 'gameplay\gui_new\actionscript\red\game\witcher3\menus\character\mutationtooltiptitle.as' (isSeedFile: 1)
[2026.10.01 00:15:22][Error][WCC] Failed to load 'gameplay\gui_new\actionscript\red\game\witcher3\menus\character\mutationtooltiptitle.as' - is this a resource
[2026.10.01 00:15:22][Error][WCC] Failed to cook 'gameplay\gui_new\actionscript\red\game\witcher3\menus\character\mutationtooltiptitle.as' !
[2026.10.01 00:15:22][Info][WCC] Start cooking 'gameplay\gui_new\actionscript\red\game\witcher3\menus\character\perkslot.as' (isSeedFile: 1)
[2026.10.01 00:15:22][Error][WCC] Failed to load 'gameplay\gui_new\actionscript\red\game\witcher3\menus\character\perkslot.as' - is this a resource
[2026.10.01 00:15:22][Error][WCC] Failed to cook 'gameplay\gui_new\actionscript\red\game\witcher3\menus\character\perkslot.as' !
[2026.10.01 00:15:22][Info][WCC] Start cooking 'gameplay\gui_new\actionscript\red\game\witcher3\menus\character\perktreemodule.as' (isSeedFile: 1)
[2026.10.01 00:15:22][Error][WCC] Failed to load 'gameplay\gui_new\actionscript\red\game\witcher3\menus\character\perktreemodule.as' - is this a resource
[2026.10.01 00:15:22][Error][WCC] Failed to cook 'gameplay\gui_new\actionscript\red\game\witcher3\menus\character\perktreemodule.as' !
[2026.10.01 00:15:22][Info][WCC] Start cooking 'gameplay\gui_new\actionscript\red\game\witcher3\menus\character\skillslot.as' (isSeedFile: 1)
[2026.10.01 00:15:22][Error][WCC] Failed to load 'gameplay\gui_new\actionscript\red\game\witcher3\menus\character\skillslot.as' - is this a resource
[2026.10.01 00:15:22][Error][WCC] Failed to cook 'gameplay\gui_new\actionscript\red\game\witcher3\menus\character\skillslot.as' !
[2026.10.01 00:15:22][Info][WCC] Start cooking 'gameplay\gui_new\actionscript\red\game\witcher3\menus\character\skilltreegrid.as' (isSeedFile: 1)
[2026.10.01 00:15:22][Error][WCC] Failed to load 'gameplay\gui_new\actionscript\red\game\witcher3\menus\character\skilltreegrid.as' - is this a resource
[2026.10.01 00:15:22][Error][WCC] Failed to cook 'gameplay\gui_new\actionscript\red\game\witcher3\menus\character\skilltreegrid.as' !
[2026.10.01 00:15:22][Info][WCC] Start cooking 'gameplay\gui_new\actionscript\red\game\witcher3\menus\character\skilltreemodule.as' (isSeedFile: 1)
[2026.10.01 00:15:22][Error][WCC] Failed to load 'gameplay\gui_new\actionscript\red\game\witcher3\menus\character\skilltreemodule.as' - is this a resource
[2026.10.01 00:15:22][Error][WCC] Failed to cook 'gameplay\gui_new\actionscript\red\game\witcher3\menus\character\skilltreemodule.as' !
[2026.10.01 00:15:22][Info][WCC] Start cooking 'gameplay\gui_new\actionscript\red\game\witcher3\menus\character_menu\charactermodebackground.as' (isSeedFile: 1)
[2026.10.01 00:15:22][Error][WCC] Failed to load 'gameplay\gui_new\actionscript\red\game\witcher3\menus\character_menu\charactermodebackground.as' - is this a resource
[2026.10.01 00:15:22][Error][WCC] Failed to cook 'gameplay\gui_new\actionscript\red\game\witcher3\menus\character_menu\charactermodebackground.as' !
[2026.10.01 00:15:22][Info][WCC] Start cooking 'gameplay\gui_new\actionscript\red\game\witcher3\menus\character_menu\characterskilllistitem.as' (isSeedFile: 1)
[2026.10.01 00:15:22][Error][WCC] Failed to load 'gameplay\gui_new\actionscript\red\game\witcher3\menus\character_menu\characterskilllistitem.as' - is this a resource
[2026.10.01 00:15:22][Error][WCC] Failed to cook 'gameplay\gui_new\actionscript\red\game\witcher3\menus\character_menu\characterskilllistitem.as' !
[2026.10.01 00:15:22][Info][WCC] Start cooking 'gameplay\gui_new\actionscript\red\game\witcher3\menus\character_menu\characterskilllistmodule.as' (isSeedFile: 1)
[2026.10.01 00:15:22][Error][WCC] Failed to load 'gameplay\gui_new\actionscript\red\game\witcher3\menus\character_menu\characterskilllistmodule.as' - is this a resource
[2026.10.01 00:15:22][Error][WCC] Failed to cook 'gameplay\gui_new\actionscript\red\game\witcher3\menus\character_menu\characterskilllistmodule.as' !
[2026.10.01 00:15:22][Info][WCC] Start cooking 'gameplay\gui_new\actionscript\red\game\witcher3\menus\character_menu\characterskillsgridmodule.as' (isSeedFile: 1)
[2026.10.01 00:15:22][Error][WCC] Failed to load 'gameplay\gui_new\actionscript\red\game\witcher3\menus\character_menu\characterskillsgridmodule.as' - is this a resource
[2026.10.01 00:15:22][Error][WCC] Failed to cook 'gameplay\gui_new\actionscript\red\game\witcher3\menus\character_menu\characterskillsgridmodule.as' !
[2026.10.01 00:15:22][Info][WCC] Start cooking 'gameplay\gui_new\actionscript\red\game\witcher3\menus\character_menu\characterskillslotslist.as' (isSeedFile: 1)
[2026.10.01 00:15:22][Error][WCC] Failed to load 'gameplay\gui_new\actionscript\red\game\witcher3\menus\character_menu\characterskillslotslist.as' - is this a resource
[2026.10.01 00:15:22][Error][WCC] Failed to cook 'gameplay\gui_new\actionscript\red\game\witcher3\menus\character_menu\characterskillslotslist.as' !
[2026.10.01 00:15:22][Info][WCC] Start cooking 'gameplay\gui_new\actionscript\red\game\witcher3\menus\character_menu\charactertabbedlistmodule.as' (isSeedFile: 1)
[2026.10.01 00:15:22][Error][WCC] Failed to load 'gameplay\gui_new\actionscript\red\game\witcher3\menus\character_menu\charactertabbedlistmodule.as' - is this a resource
[2026.10.01 00:15:22][Error][WCC] Failed to cook 'gameplay\gui_new\actionscript\red\game\witcher3\menus\character_menu\charactertabbedlistmodule.as' !
[2026.10.01 00:15:22][Info][WCC] Start cooking 'gameplay\gui_new\actionscript\red\game\witcher3\menus\character_menu\charactertabbedlistmoduledupe.as' (isSeedFile: 1)
[2026.10.01 00:15:22][Error][WCC] Failed to load 'gameplay\gui_new\actionscript\red\game\witcher3\menus\character_menu\charactertabbedlistmoduledupe.as' - is this a resource
[2026.10.01 00:15:22][Error][WCC] Failed to cook 'gameplay\gui_new\actionscript\red\game\witcher3\menus\character_menu\charactertabbedlistmoduledupe.as' !
[2026.10.01 00:15:22][Info][WCC] Start cooking 'gameplay\gui_new\actionscript\red\game\witcher3\menus\character_menu\mastermutationitemrenderer.as' (isSeedFile: 1)
[2026.10.01 00:15:22][Error][WCC] Failed to load 'gameplay\gui_new\actionscript\red\game\witcher3\menus\character_menu\mastermutationitemrenderer.as' - is this a resource
[2026.10.01 00:15:22][Error][WCC] Failed to cook 'gameplay\gui_new\actionscript\red\game\witcher3\menus\character_menu\mastermutationitemrenderer.as' !
[2026.10.01 00:15:22][Info][WCC] Start cooking 'gameplay\gui_new\actionscript\red\game\witcher3\menus\character_menu\menucharacter.as' (isSeedFile: 1)
[2026.10.01 00:15:22][Error][WCC] Failed to load 'gameplay\gui_new\actionscript\red\game\witcher3\menus\character_menu\menucharacter.as' - is this a resource
[2026.10.01 00:15:22][Error][WCC] Failed to cook 'gameplay\gui_new\actionscript\red\game\witcher3\menus\character_menu\menucharacter.as' !
[2026.10.01 00:15:22][Info][WCC] Start cooking 'gameplay\gui_new\actionscript\red\game\witcher3\menus\character_menu\menucharacterdupe.as' (isSeedFile: 1)
[2026.10.01 00:15:22][Error][WCC] Failed to load 'gameplay\gui_new\actionscript\red\game\witcher3\menus\character_menu\menucharacterdupe.as' - is this a resource
[2026.10.01 00:15:22][Error][WCC] Failed to cook 'gameplay\gui_new\actionscript\red\game\witcher3\menus\character_menu\menucharacterdupe.as' !
[2026.10.01 00:15:22][Info][WCC] Start cooking 'gameplay\gui_new\actionscript\red\game\witcher3\menus\character_menu\moduleskillssockets.as' (isSeedFile: 1)
[2026.10.01 00:15:22][Error][WCC] Failed to load 'gameplay\gui_new\actionscript\red\game\witcher3\menus\character_menu\moduleskillssockets.as' - is this a resource
[2026.10.01 00:15:22][Error][WCC] Failed to cook 'gameplay\gui_new\actionscript\red\game\witcher3\menus\character_menu\moduleskillssockets.as' !
[2026.10.01 00:15:22][Info][WCC] Start cooking 'gameplay\gui_new\actionscript\red\game\witcher3\menus\character_menu\moduleskillssocketsdupe.as' (isSeedFile: 1)
[2026.10.01 00:15:22][Error][WCC] Failed to load 'gameplay\gui_new\actionscript\red\game\witcher3\menus\character_menu\moduleskillssocketsdupe.as' - is this a resource
[2026.10.01 00:15:22][Error][WCC] Failed to cook 'gameplay\gui_new\actionscript\red\game\witcher3\menus\character_menu\moduleskillssocketsdupe.as' !
[2026.10.01 00:15:22][Info][WCC] Start cooking 'gameplay\gui_new\actionscript\red\game\witcher3\menus\character_menu\mutationconnector.as' (isSeedFile: 1)
[2026.10.01 00:15:22][Error][WCC] Failed to load 'gameplay\gui_new\actionscript\red\game\witcher3\menus\character_menu\mutationconnector.as' - is this a resource
[2026.10.01 00:15:22][Error][WCC] Failed to cook 'gameplay\gui_new\actionscript\red\game\witcher3\menus\character_menu\mutationconnector.as' !
[2026.10.01 00:15:22][Info][WCC] Start cooking 'gameplay\gui_new\actionscript\red\game\witcher3\menus\character_menu\mutationitemrenderer.as' (isSeedFile: 1)
[2026.10.01 00:15:22][Error][WCC] Failed to load 'gameplay\gui_new\actionscript\red\game\witcher3\menus\character_menu\mutationitemrenderer.as' - is this a resource
[2026.10.01 00:15:22][Error][WCC] Failed to cook 'gameplay\gui_new\actionscript\red\game\witcher3\menus\character_menu\mutationitemrenderer.as' !
[2026.10.01 00:15:22][Info][WCC] Start cooking 'gameplay\gui_new\actionscript\red\game\witcher3\menus\character_menu\mutationitemslist.as' (isSeedFile: 1)
[2026.10.01 00:15:22][Error][WCC] Failed to load 'gameplay\gui_new\actionscript\red\game\witcher3\menus\character_menu\mutationitemslist.as' - is this a resource
[2026.10.01 00:15:22][Error][WCC] Failed to cook 'gameplay\gui_new\actionscript\red\game\witcher3\menus\character_menu\mutationitemslist.as' !
[2026.10.01 00:15:22][Info][WCC] Start cooking 'gameplay\gui_new\actionscript\red\game\witcher3\menus\character_menu\mutationmasterrequirements.as' (isSeedFile: 1)
[2026.10.01 00:15:22][Error][WCC] Failed to load 'gameplay\gui_new\actionscript\red\game\witcher3\menus\character_menu\mutationmasterrequirements.as' - is this a resource
[2026.10.01 00:15:22][Error][WCC] Failed to cook 'gameplay\gui_new\actionscript\red\game\witcher3\menus\character_menu\mutationmasterrequirements.as' !
[2026.10.01 00:15:22][Info][WCC] Start cooking 'gameplay\gui_new\actionscript\red\game\witcher3\menus\character_menu\mutationprogressitemrenderer.as' (isSeedFile: 1)
[2026.10.01 00:15:22][Error][WCC] Failed to load 'gameplay\gui_new\actionscript\red\game\witcher3\menus\character_menu\mutationprogressitemrenderer.as' - is this a resource
[2026.10.01 00:15:22][Error][WCC] Failed to cook 'gameplay\gui_new\actionscript\red\game\witcher3\menus\character_menu\mutationprogressitemrenderer.as' !
[2026.10.01 00:15:22][Info][WCC] Start cooking 'gameplay\gui_new\actionscript\red\game\witcher3\menus\character_menu\mutationrequirements.as' (isSeedFile: 1)
[2026.10.01 00:15:22][Error][WCC] Failed to load 'gameplay\gui_new\actionscript\red\game\witcher3\menus\character_menu\mutationrequirements.as' - is this a resource
[2026.10.01 00:15:22][Error][WCC] Failed to cook 'gameplay\gui_new\actionscript\red\game\witcher3\menus\character_menu\mutationrequirements.as' !
[2026.10.01 00:15:22][Info][WCC] Start cooking 'gameplay\gui_new\actionscript\red\game\witcher3\menus\character_menu\mutationresearch.as' (isSeedFile: 1)
[2026.10.01 00:15:22][Error][WCC] Failed to load 'gameplay\gui_new\actionscript\red\game\witcher3\menus\character_menu\mutationresearch.as' - is this a resource
[2026.10.01 00:15:22][Error][WCC] Failed to cook 'gameplay\gui_new\actionscript\red\game\witcher3\menus\character_menu\mutationresearch.as' !
[2026.10.01 00:15:22][Info][WCC] Start cooking 'gameplay\gui_new\actionscript\red\game\witcher3\menus\character_menu\mutationresourceinfo.as' (isSeedFile: 1)
[2026.10.01 00:15:22][Error][WCC] Failed to load 'gameplay\gui_new\actionscript\red\game\witcher3\menus\character_menu\mutationresourceinfo.as' - is this a resource
[2026.10.01 00:15:22][Error][WCC] Failed to cook 'gameplay\gui_new\actionscript\red\game\witcher3\menus\character_menu\mutationresourceinfo.as' !
[2026.10.01 00:15:22][Info][WCC] Start cooking 'gameplay\gui_new\actionscript\red\game\witcher3\menus\character_menu\mutationresourcepanel.as' (isSeedFile: 1)
[2026.10.01 00:15:22][Error][WCC] Failed to load 'gameplay\gui_new\actionscript\red\game\witcher3\menus\character_menu\mutationresourcepanel.as' - is this a resource
[2026.10.01 00:15:22][Error][WCC] Failed to cook 'gameplay\gui_new\actionscript\red\game\witcher3\menus\character_menu\mutationresourcepanel.as' !
[2026.10.01 00:15:22][Info][WCC] Start cooking 'gameplay\gui_new\actionscript\red\game\witcher3\menus\character_menu\mutationresourceslist.as' (isSeedFile: 1)
[2026.10.01 00:15:22][Error][WCC] Failed to load 'gameplay\gui_new\actionscript\red\game\witcher3\menus\character_menu\mutationresourceslist.as' - is this a resource
[2026.10.01 00:15:22][Error][WCC] Failed to cook 'gameplay\gui_new\actionscript\red\game\witcher3\menus\character_menu\mutationresourceslist.as' !
[2026.10.01 00:15:22][Info][WCC] Start cooking 'gameplay\gui_new\actionscript\red\game\witcher3\menus\character_menu\mutationspanel.as' (isSeedFile: 1)
[2026.10.01 00:15:22][Error][WCC] Failed to load 'gameplay\gui_new\actionscript\red\game\witcher3\menus\character_menu\mutationspanel.as' - is this a resource
[2026.10.01 00:15:22][Error][WCC] Failed to cook 'gameplay\gui_new\actionscript\red\game\witcher3\menus\character_menu\mutationspanel.as' !
[2026.10.01 00:15:22][Info][WCC] Start cooking 'gameplay\gui_new\actionscript\red\game\witcher3\menus\character_menu\mutationtooltip.as' (isSeedFile: 1)
[2026.10.01 00:15:22][Error][WCC] Failed to load 'gameplay\gui_new\actionscript\red\game\witcher3\menus\character_menu\mutationtooltip.as' - is this a resource
[2026.10.01 00:15:22][Error][WCC] Failed to cook 'gameplay\gui_new\actionscript\red\game\witcher3\menus\character_menu\mutationtooltip.as' !
[2026.10.01 00:15:22][Info][WCC] Start cooking 'gameplay\gui_new\actionscript\red\game\witcher3\menus\character_menu\mutationtooltipbutton.as' (isSeedFile: 1)
[2026.10.01 00:15:22][Error][WCC] Failed to load 'gameplay\gui_new\actionscript\red\game\witcher3\menus\character_menu\mutationtooltipbutton.as' - is this a resource
[2026.10.01 00:15:22][Error][WCC] Failed to cook 'gameplay\gui_new\actionscript\red\game\witcher3\menus\character_menu\mutationtooltipbutton.as' !
[2026.10.01 00:15:22][Info][WCC] Start cooking 'gameplay\gui_new\actionscript\red\game\witcher3\menus\character_menu\skillcolorrenderer.as' (isSeedFile: 1)
[2026.10.01 00:15:22][Error][WCC] Failed to load 'gameplay\gui_new\actionscript\red\game\witcher3\menus\character_menu\skillcolorrenderer.as' - is this a resource
[2026.10.01 00:15:22][Error][WCC] Failed to cook 'gameplay\gui_new\actionscript\red\game\witcher3\menus\character_menu\skillcolorrenderer.as' !
[2026.10.01 00:15:22][Info][WCC] Start cooking 'gameplay\gui_new\actionscript\red\game\witcher3\menus\character_menu\skillsgrouptitle.as' (isSeedFile: 1)
[2026.10.01 00:15:22][Error][WCC] Failed to load 'gameplay\gui_new\actionscript\red\game\witcher3\menus\character_menu\skillsgrouptitle.as' - is this a resource
[2026.10.01 00:15:22][Error][WCC] Failed to cook 'gameplay\gui_new\actionscript\red\game\witcher3\menus\character_menu\skillsgrouptitle.as' !
[2026.10.01 00:15:22][Info][WCC] Start cooking 'gameplay\gui_new\actionscript\red\game\witcher3\menus\character_menu\skillslotconnector.as' (isSeedFile: 1)
[2026.10.01 00:15:22][Error][WCC] Failed to load 'gameplay\gui_new\actionscript\red\game\witcher3\menus\character_menu\skillslotconnector.as' - is this a resource
[2026.10.01 00:15:22][Error][WCC] Failed to cook 'gameplay\gui_new\actionscript\red\game\witcher3\menus\character_menu\skillslotconnector.as' !
[2026.10.01 00:15:22][Info][WCC] Start cooking 'gameplay\gui_new\actionscript\red\game\witcher3\menus\character_menu\skillsocketsgroup.as' (isSeedFile: 1)
[2026.10.01 00:15:22][Error][WCC] Failed to load 'gameplay\gui_new\actionscript\red\game\witcher3\menus\character_menu\skillsocketsgroup.as' - is this a resource
[2026.10.01 00:15:22][Error][WCC] Failed to cook 'gameplay\gui_new\actionscript\red\game\witcher3\menus\character_menu\skillsocketsgroup.as' !
[2026.10.01 00:15:22][Info][WCC] Start cooking 'gameplay\gui_new\actionscript\red\game\witcher3\menus\common\abstractgridcontainer.as' (isSeedFile: 1)
[2026.10.01 00:15:22][Error][WCC] Failed to load 'gameplay\gui_new\actionscript\red\game\witcher3\menus\common\abstractgridcontainer.as' - is this a resource
[2026.10.01 00:15:22][Error][WCC] Failed to cook 'gameplay\gui_new\actionscript\red\game\witcher3\menus\common\abstractgridcontainer.as' !
[2026.10.01 00:15:22][Info][WCC] Start cooking 'gameplay\gui_new\actionscript\red\game\witcher3\menus\common\abstractinventorycontainer.as' (isSeedFile: 1)
[2026.10.01 00:15:22][Error][WCC] Failed to load 'gameplay\gui_new\actionscript\red\game\witcher3\menus\common\abstractinventorycontainer.as' - is this a resource
[2026.10.01 00:15:22][Error][WCC] Failed to cook 'gameplay\gui_new\actionscript\red\game\witcher3\menus\common\abstractinventorycontainer.as' !
[2026.10.01 00:15:22][Info][WCC] Start cooking 'gameplay\gui_new\actionscript\red\game\witcher3\menus\common\adaptivestatslistitem.as' (isSeedFile: 1)
[2026.10.01 00:15:22][Error][WCC] Failed to load 'gameplay\gui_new\actionscript\red\game\witcher3\menus\common\adaptivestatslistitem.as' - is this a resource
[2026.10.01 00:15:22][Error][WCC] Failed to cook 'gameplay\gui_new\actionscript\red\game\witcher3\menus\common\adaptivestatslistitem.as' !
[2026.10.01 00:15:22][Info][WCC] Start cooking 'gameplay\gui_new\actionscript\red\game\witcher3\menus\common\buttoncontainermodule.as' (isSeedFile: 1)
[2026.10.01 00:15:22][Error][WCC] Failed to load 'gameplay\gui_new\actionscript\red\game\witcher3\menus\common\buttoncontainermodule.as' - is this a resource
[2026.10.01 00:15:22][Error][WCC] Failed to cook 'gameplay\gui_new\actionscript\red\game\witcher3\menus\common\buttoncontainermodule.as' !
[2026.10.01 00:15:22][Info][WCC] Start cooking 'gameplay\gui_new\actionscript\red\game\witcher3\menus\common\checkboxlistitem.as' (isSeedFile: 1)
[2026.10.01 00:15:22][Error][WCC] Failed to load 'gameplay\gui_new\actionscript\red\game\witcher3\menus\common\checkboxlistitem.as' - is this a resource
[2026.10.01 00:15:22][Error][WCC] Failed to cook 'gameplay\gui_new\actionscript\red\game\witcher3\menus\common\checkboxlistitem.as' !
[2026.10.01 00:15:22][Info][WCC] Start cooking 'gameplay\gui_new\actionscript\red\game\witcher3\menus\common\checkboxlistmode.as' (isSeedFile: 1)
[2026.10.01 00:15:22][Error][WCC] Failed to load 'gameplay\gui_new\actionscript\red\game\witcher3\menus\common\checkboxlistmode.as' - is this a resource
[2026.10.01 00:15:22][Error][WCC] Failed to cook 'gameplay\gui_new\actionscript\red\game\witcher3\menus\common\checkboxlistmode.as' !
[2026.10.01 00:15:22][Info][WCC] Start cooking 'gameplay\gui_new\actionscript\red\game\witcher3\menus\common\cleanmodule.as' (isSeedFile: 1)
[2026.10.01 00:15:22][Error][WCC] Failed to load 'gameplay\gui_new\actionscript\red\game\witcher3\menus\common\cleanmodule.as' - is this a resource
[2026.10.01 00:15:22][Error][WCC] Failed to cook 'gameplay\gui_new\actionscript\red\game\witcher3\menus\common\cleanmodule.as' !
[2026.10.01 00:15:22][Info][WCC] Start cooking 'gameplay\gui_new\actionscript\red\game\witcher3\menus\common\colorsprite.as' (isSeedFile: 1)
[2026.10.01 00:15:22][Error][WCC] Failed to load 'gameplay\gui_new\actionscript\red\game\witcher3\menus\common\colorsprite.as' - is this a resource
[2026.10.01 00:15:22][Error][WCC] Failed to cook 'gameplay\gui_new\actionscript\red\game\witcher3\menus\common\colorsprite.as' !
[2026.10.01 00:15:22][Info][WCC] Start cooking 'gameplay\gui_new\actionscript\red\game\witcher3\menus\common\commongridmodule.as' (isSeedFile: 1)
[2026.10.01 00:15:22][Error][WCC] Failed to load 'gameplay\gui_new\actionscript\red\game\witcher3\menus\common\commongridmodule.as' - is this a resource
[2026.10.01 00:15:22][Error][WCC] Failed to cook 'gameplay\gui_new\actionscript\red\game\witcher3\menus\common\commongridmodule.as' !
[2026.10.01 00:15:22][Info][WCC] Start cooking 'gameplay\gui_new\actionscript\red\game\witcher3\menus\common\contextactionitemrenderer.as' (isSeedFile: 1)
[2026.10.01 00:15:22][Error][WCC] Failed to load 'gameplay\gui_new\actionscript\red\game\witcher3\menus\common\contextactionitemrenderer.as' - is this a resource
[2026.10.01 00:15:22][Error][WCC] Failed to cook 'gameplay\gui_new\actionscript\red\game\witcher3\menus\common\contextactionitemrenderer.as' !
[2026.10.01 00:15:22][Info][WCC] Start cooking 'gameplay\gui_new\actionscript\red\game\witcher3\menus\common\downloadbutton.as' (isSeedFile: 1)
[2026.10.01 00:15:22][Error][WCC] Failed to load 'gameplay\gui_new\actionscript\red\game\witcher3\menus\common\downloadbutton.as' - is this a resource
[2026.10.01 00:15:22][Error][WCC] Failed to cook 'gameplay\gui_new\actionscript\red\game\witcher3\menus\common\downloadbutton.as' !
[2026.10.01 00:15:22][Info][WCC] Start cooking 'gameplay\gui_new\actionscript\red\game\witcher3\menus\common\dropdownenchantmentsfiltermode.as' (isSeedFile: 1)
[2026.10.01 00:15:22][Error][WCC] Failed to load 'gameplay\gui_new\actionscript\red\game\witcher3\menus\common\dropdownenchantmentsfiltermode.as' - is this a resource
[2026.10.01 00:15:22][Error][WCC] Failed to cook 'gameplay\gui_new\actionscript\red\game\witcher3\menus\common\dropdownenchantmentsfiltermode.as' !
[2026.10.01 00:15:22][Info][WCC] Start cooking 'gameplay\gui_new\actionscript\red\game\witcher3\menus\common\dropdownlistfiltermode.as' (isSeedFile: 1)
[2026.10.01 00:15:22][Error][WCC] Failed to load 'gameplay\gui_new\actionscript\red\game\witcher3\menus\common\dropdownlistfiltermode.as' - is this a resource
[2026.10.01 00:15:22][Error][WCC] Failed to cook 'gameplay\gui_new\actionscript\red\game\witcher3\menus\common\dropdownlistfiltermode.as' !
[2026.10.01 00:15:22][Info][WCC] Start cooking 'gameplay\gui_new\actionscript\red\game\witcher3\menus\common\dropdownlistmodulebase.as' (isSeedFile: 1)
[2026.10.01 00:15:22][Error][WCC] Failed to load 'gameplay\gui_new\actionscript\red\game\witcher3\menus\common\dropdownlistmodulebase.as' - is this a resource
[2026.10.01 00:15:22][Error][WCC] Failed to cook 'gameplay\gui_new\actionscript\red\game\witcher3\menus\common\dropdownlistmodulebase.as' !
[2026.10.01 00:15:22][Info][WCC] Start cooking 'gameplay\gui_new\actionscript\red\game\witcher3\menus\common\enchantmentlistitemrenderer.as' (isSeedFile: 1)
[2026.10.01 00:15:22][Error][WCC] Failed to load 'gameplay\gui_new\actionscript\red\game\witcher3\menus\common\enchantmentlistitemrenderer.as' - is this a resource
[2026.10.01 00:15:22][Error][WCC] Failed to cook 'gameplay\gui_new\actionscript\red\game\witcher3\menus\common\enchantmentlistitemrenderer.as' !
[2026.10.01 00:15:22][Info][WCC] Start cooking 'gameplay\gui_new\actionscript\red\game\witcher3\menus\common\feedbackdropdownmenulistitem.as' (isSeedFile: 1)
[2026.10.01 00:15:22][Error][WCC] Failed to load 'gameplay\gui_new\actionscript\red\game\witcher3\menus\common\feedbackdropdownmenulistitem.as' - is this a resource
[2026.10.01 00:15:22][Error][WCC] Failed to cook 'gameplay\gui_new\actionscript\red\game\witcher3\menus\common\feedbackdropdownmenulistitem.as' !
[2026.10.01 00:15:22][Info][WCC] Start cooking 'gameplay\gui_new\actionscript\red\game\witcher3\menus\common\floatingtooltip.as' (isSeedFile: 1)
[2026.10.01 00:15:22][Error][WCC] Failed to load 'gameplay\gui_new\actionscript\red\game\witcher3\menus\common\floatingtooltip.as' - is this a resource
[2026.10.01 00:15:22][Error][WCC] Failed to cook 'gameplay\gui_new\actionscript\red\game\witcher3\menus\common\floatingtooltip.as' !
[2026.10.01 00:15:22][Info][WCC] Start cooking 'gameplay\gui_new\actionscript\red\game\witcher3\menus\common\fullstatslistitem.as' (isSeedFile: 1)
[2026.10.01 00:15:22][Error][WCC] Failed to load 'gameplay\gui_new\actionscript\red\game\witcher3\menus\common\fullstatslistitem.as' - is this a resource
[2026.10.01 00:15:22][Error][WCC] Failed to cook 'gameplay\gui_new\actionscript\red\game\witcher3\menus\common\fullstatslistitem.as' !
[2026.10.01 00:15:22][Info][WCC] Start cooking 'gameplay\gui_new\actionscript\red\game\witcher3\menus\common\icondropdownmenulistitem.as' (isSeedFile: 1)
[2026.10.01 00:15:22][Error][WCC] Failed to load 'gameplay\gui_new\actionscript\red\game\witcher3\menus\common\icondropdownmenulistitem.as' - is this a resource
[2026.10.01 00:15:22][Error][WCC] Failed to cook 'gameplay\gui_new\actionscript\red\game\witcher3\menus\common\icondropdownmenulistitem.as' !
[2026.10.01 00:15:22][Info][WCC] Start cooking 'gameplay\gui_new\actionscript\red\game\witcher3\menus\common\iconitemrenderer.as' (isSeedFile: 1)
[2026.10.01 00:15:22][Error][WCC] Failed to load 'gameplay\gui_new\actionscript\red\game\witcher3\menus\common\iconitemrenderer.as' - is this a resource
[2026.10.01 00:15:22][Error][WCC] Failed to cook 'gameplay\gui_new\actionscript\red\game\witcher3\menus\common\iconitemrenderer.as' !
[2026.10.01 00:15:22][Info][WCC] Start cooking 'gameplay\gui_new\actionscript\red\game\witcher3\menus\common\icontextareamodule.as' (isSeedFile: 1)
[2026.10.01 00:15:22][Error][WCC] Failed to load 'gameplay\gui_new\actionscript\red\game\witcher3\menus\common\icontextareamodule.as' - is this a resource
[2026.10.01 00:15:22][Error][WCC] Failed to cook 'gameplay\gui_new\actionscript\red\game\witcher3\menus\common\icontextareamodule.as' !
[2026.10.01 00:15:22][Info][WCC] Start cooking 'gameplay\gui_new\actionscript\red\game\witcher3\menus\common\inventorylistitemrenderer.as' (isSeedFile: 1)
[2026.10.01 00:15:22][Error][WCC] Failed to load 'gameplay\gui_new\actionscript\red\game\witcher3\menus\common\inventorylistitemrenderer.as' - is this a resource
[2026.10.01 00:15:22][Error][WCC] Failed to cook 'gameplay\gui_new\actionscript\red\game\witcher3\menus\common\inventorylistitemrenderer.as' !
[2026.10.01 00:15:22][Info][WCC] Start cooking 'gameplay\gui_new\actionscript\red\game\witcher3\menus\common\inventorystatslistitem.as' (isSeedFile: 1)
[2026.10.01 00:15:22][Error][WCC] Failed to load 'gameplay\gui_new\actionscript\red\game\witcher3\menus\common\inventorystatslistitem.as' - is this a resource
[2026.10.01 00:15:22][Error][WCC] Failed to cook 'gameplay\gui_new\actionscript\red\game\witcher3\menus\common\inventorystatslistitem.as' !
[2026.10.01 00:15:22][Info][WCC] Start cooking 'gameplay\gui_new\actionscript\red\game\witcher3\menus\common\itemdatastub.as' (isSeedFile: 1)
[2026.10.01 00:15:22][Error][WCC] Failed to load 'gameplay\gui_new\actionscript\red\game\witcher3\menus\common\itemdatastub.as' - is this a resource
[2026.10.01 00:15:22][Error][WCC] Failed to cook 'gameplay\gui_new\actionscript\red\game\witcher3\menus\common\itemdatastub.as' !
[2026.10.01 00:15:22][Info][WCC] Start cooking 'gameplay\gui_new\actionscript\red\game\witcher3\menus\common\journallegend.as' (isSeedFile: 1)
[2026.10.01 00:15:22][Error][WCC] Failed to load 'gameplay\gui_new\actionscript\red\game\witcher3\menus\common\journallegend.as' - is this a resource
[2026.10.01 00:15:22][Error][WCC] Failed to cook 'gameplay\gui_new\actionscript\red\game\witcher3\menus\common\journallegend.as' !
[2026.10.01 00:15:22][Info][WCC] Start cooking 'gameplay\gui_new\actionscript\red\game\witcher3\menus\common\journalrewardmodule.as' (isSeedFile: 1)
[2026.10.01 00:15:22][Error][WCC] Failed to load 'gameplay\gui_new\actionscript\red\game\witcher3\menus\common\journalrewardmodule.as' - is this a resource
[2026.10.01 00:15:22][Error][WCC] Failed to cook 'gameplay\gui_new\actionscript\red\game\witcher3\menus\common\journalrewardmodule.as' !
[2026.10.01 00:15:22][Info][WCC] Start cooking 'gameplay\gui_new\actionscript\red\game\witcher3\menus\common\journalrewards.as' (isSeedFile: 1)
[2026.10.01 00:15:22][Error][WCC] Failed to load 'gameplay\gui_new\actionscript\red\game\witcher3\menus\common\journalrewards.as' - is this a resource
[2026.10.01 00:15:22][Error][WCC] Failed to cook 'gameplay\gui_new\actionscript\red\game\witcher3\menus\common\journalrewards.as' !
[2026.10.01 00:15:22][Info][WCC] Start cooking 'gameplay\gui_new\actionscript\red\game\witcher3\menus\common\listmodulebase.as' (isSeedFile: 1)
[2026.10.01 00:15:22][Error][WCC] Failed to load 'gameplay\gui_new\actionscript\red\game\witcher3\menus\common\listmodulebase.as' - is this a resource
[2026.10.01 00:15:22][Error][WCC] Failed to cook 'gameplay\gui_new\actionscript\red\game\witcher3\menus\common\listmodulebase.as' !
[2026.10.01 00:15:22][Info][WCC] Start cooking 'gameplay\gui_new\actionscript\red\game\witcher3\menus\common\loadingsymbol.as' (isSeedFile: 1)
[2026.10.01 00:15:22][Error][WCC] Failed to load 'gameplay\gui_new\actionscript\red\game\witcher3\menus\common\loadingsymbol.as' - is this a resource
[2026.10.01 00:15:22][Error][WCC] Failed to cook 'gameplay\gui_new\actionscript\red\game\witcher3\menus\common\loadingsymbol.as' !
[2026.10.01 00:15:22][Info][WCC] Start cooking 'gameplay\gui_new\actionscript\red\game\witcher3\menus\common\messagemodule.as' (isSeedFile: 1)
[2026.10.01 00:15:22][Error][WCC] Failed to load 'gameplay\gui_new\actionscript\red\game\witcher3\menus\common\messagemodule.as' - is this a resource
[2026.10.01 00:15:22][Error][WCC] Failed to cook 'gameplay\gui_new\actionscript\red\game\witcher3\menus\common\messagemodule.as' !
[2026.10.01 00:15:22][Info][WCC] Start cooking 'gameplay\gui_new\actionscript\red\game\witcher3\menus\common\modulecommonplayergrid.as' (isSeedFile: 1)
[2026.10.01 00:15:22][Error][WCC] Failed to load 'gameplay\gui_new\actionscript\red\game\witcher3\menus\common\modulecommonplayergrid.as' - is this a resource
[2026.10.01 00:15:22][Error][WCC] Failed to cook 'gameplay\gui_new\actionscript\red\game\witcher3\menus\common\modulecommonplayergrid.as' !
[2026.10.01 00:15:22][Info][WCC] Start cooking 'gameplay\gui_new\actionscript\red\game\witcher3\menus\common\modulemerchantinfo.as' (isSeedFile: 1)
[2026.10.01 00:15:22][Error][WCC] Failed to load 'gameplay\gui_new\actionscript\red\game\witcher3\menus\common\modulemerchantinfo.as' - is this a resource
[2026.10.01 00:15:22][Error][WCC] Failed to cook 'gameplay\gui_new\actionscript\red\game\witcher3\menus\common\modulemerchantinfo.as' !
[2026.10.01 00:15:22][Info][WCC] Start cooking 'gameplay\gui_new\actionscript\red\game\witcher3\menus\common\navigationmodule.as' (isSeedFile: 1)
[2026.10.01 00:15:22][Error][WCC] Failed to load 'gameplay\gui_new\actionscript\red\game\witcher3\menus\common\navigationmodule.as' - is this a resource
[2026.10.01 00:15:22][Error][WCC] Failed to cook 'gameplay\gui_new\actionscript\red\game\witcher3\menus\common\navigationmodule.as' !
[2026.10.01 00:15:22][Info][WCC] Start cooking 'gameplay\gui_new\actionscript\red\game\witcher3\menus\common\paidaction.as' (isSeedFile: 1)
[2026.10.01 00:15:22][Error][WCC] Failed to load 'gameplay\gui_new\actionscript\red\game\witcher3\menus\common\paidaction.as' - is this a resource
[2026.10.01 00:15:22][Error][WCC] Failed to cook 'gameplay\gui_new\actionscript\red\game\witcher3\menus\common\paidaction.as' !
[2026.10.01 00:15:22][Info][WCC] Start cooking 'gameplay\gui_new\actionscript\red\game\witcher3\menus\common\plainlistmodule.as' (isSeedFile: 1)
[2026.10.01 00:15:22][Error][WCC] Failed to load 'gameplay\gui_new\actionscript\red\game\witcher3\menus\common\plainlistmodule.as' - is this a resource
[2026.10.01 00:15:22][Error][WCC] Failed to cook 'gameplay\gui_new\actionscript\red\game\witcher3\menus\common\plainlistmodule.as' !
[2026.10.01 00:15:22][Info][WCC] Start cooking 'gameplay\gui_new\actionscript\red\game\witcher3\menus\common\playerdetails.as' (isSeedFile: 1)
[2026.10.01 00:15:22][Error][WCC] Failed to load 'gameplay\gui_new\actionscript\red\game\witcher3\menus\common\playerdetails.as' - is this a resource
[2026.10.01 00:15:22][Error][WCC] Failed to cook 'gameplay\gui_new\actionscript\red\game\witcher3\menus\common\playerdetails.as' !
[2026.10.01 00:15:22][Info][WCC] Start cooking 'gameplay\gui_new\actionscript\red\game\witcher3\menus\common\playerdetails_console.as' (isSeedFile: 1)
[2026.10.01 00:15:22][Error][WCC] Failed to load 'gameplay\gui_new\actionscript\red\game\witcher3\menus\common\playerdetails_console.as' - is this a resource
[2026.10.01 00:15:22][Error][WCC] Failed to cook 'gameplay\gui_new\actionscript\red\game\witcher3\menus\common\playerdetails_console.as' !
[2026.10.01 00:15:22][Info][WCC] Start cooking 'gameplay\gui_new\actionscript\red\game\witcher3\menus\common\playerdetails_pc.as' (isSeedFile: 1)
[2026.10.01 00:15:22][Error][WCC] Failed to load 'gameplay\gui_new\actionscript\red\game\witcher3\menus\common\playerdetails_pc.as' - is this a resource
[2026.10.01 00:15:22][Error][WCC] Failed to cook 'gameplay\gui_new\actionscript\red\game\witcher3\menus\common\playerdetails_pc.as' !
[2026.10.01 00:15:22][Info][WCC] Start cooking 'gameplay\gui_new\actionscript\red\game\witcher3\menus\common\playerdetailsstatitem.as' (isSeedFile: 1)
[2026.10.01 00:15:22][Error][WCC] Failed to load 'gameplay\gui_new\actionscript\red\game\witcher3\menus\common\playerdetailsstatitem.as' - is this a resource
[2026.10.01 00:15:22][Error][WCC] Failed to cook 'gameplay\gui_new\actionscript\red\game\witcher3\menus\common\playerdetailsstatitem.as' !
[2026.10.01 00:15:22][Info][WCC] Start cooking 'gameplay\gui_new\actionscript\red\game\witcher3\menus\common\playerfullstatsmodule.as' (isSeedFile: 1)
[2026.10.01 00:15:22][Error][WCC] Failed to load 'gameplay\gui_new\actionscript\red\game\witcher3\menus\common\playerfullstatsmodule.as' - is this a resource
[2026.10.01 00:15:22][Error][WCC] Failed to cook 'gameplay\gui_new\actionscript\red\game\witcher3\menus\common\playerfullstatsmodule.as' !
[2026.10.01 00:15:22][Info][WCC] Start cooking 'gameplay\gui_new\actionscript\red\game\witcher3\menus\common\playerstatsmodule.as' (isSeedFile: 1)
[2026.10.01 00:15:22][Error][WCC] Failed to load 'gameplay\gui_new\actionscript\red\game\witcher3\menus\common\playerstatsmodule.as' - is this a resource
[2026.10.01 00:15:22][Error][WCC] Failed to cook 'gameplay\gui_new\actionscript\red\game\witcher3\menus\common\playerstatsmodule.as' !
[2026.10.01 00:15:22][Info][WCC] Start cooking 'gameplay\gui_new\actionscript\red\game\witcher3\menus\common\quantitypopup.as' (isSeedFile: 1)
[2026.10.01 00:15:22][Error][WCC] Failed to load 'gameplay\gui_new\actionscript\red\game\witcher3\menus\common\quantitypopup.as' - is this a resource
[2026.10.01 00:15:22][Error][WCC] Failed to cook 'gameplay\gui_new\actionscript\red\game\witcher3\menus\common\quantitypopup.as' !
[2026.10.01 00:15:22][Info][WCC] Start cooking 'gameplay\gui_new\actionscript\red\game\witcher3\menus\common\recipeiconitemrenderer.as' (isSeedFile: 1)
[2026.10.01 00:15:22][Error][WCC] Failed to load 'gameplay\gui_new\actionscript\red\game\witcher3\menus\common\recipeiconitemrenderer.as' - is this a resource
[2026.10.01 00:15:22][Error][WCC] Failed to cook 'gameplay\gui_new\actionscript\red\game\witcher3\menus\common\recipeiconitemrenderer.as' !
[2026.10.01 00:15:22][Info][WCC] Start cooking 'gameplay\gui_new\actionscript\red\game\witcher3\menus\common\rightclickmenu.as' (isSeedFile: 1)
[2026.10.01 00:15:22][Error][WCC] Failed to load 'gameplay\gui_new\actionscript\red\game\witcher3\menus\common\rightclickmenu.as' - is this a resource
[2026.10.01 00:15:22][Error][WCC] Failed to cook 'gameplay\gui_new\actionscript\red\game\witcher3\menus\common\rightclickmenu.as' !
[2026.10.01 00:15:22][Info][WCC] Start cooking 'gameplay\gui_new\actionscript\red\game\witcher3\menus\common\rightclickmenu_console.as' (isSeedFile: 1)
[2026.10.01 00:15:22][Error][WCC] Failed to load 'gameplay\gui_new\actionscript\red\game\witcher3\menus\common\rightclickmenu_console.as' - is this a resource
[2026.10.01 00:15:22][Error][WCC] Failed to cook 'gameplay\gui_new\actionscript\red\game\witcher3\menus\common\rightclickmenu_console.as' !
[2026.10.01 00:15:22][Info][WCC] Start cooking 'gameplay\gui_new\actionscript\red\game\witcher3\menus\common\rightclickmenu_pc.as' (isSeedFile: 1)
[2026.10.01 00:15:22][Error][WCC] Failed to load 'gameplay\gui_new\actionscript\red\game\witcher3\menus\common\rightclickmenu_pc.as' - is this a resource
[2026.10.01 00:15:22][Error][WCC] Failed to cook 'gameplay\gui_new\actionscript\red\game\witcher3\menus\common\rightclickmenu_pc.as' !
[2026.10.01 00:15:22][Info][WCC] Start cooking 'gameplay\gui_new\actionscript\red\game\witcher3\menus\common\skilldatastub.as' (isSeedFile: 1)
[2026.10.01 00:15:22][Error][WCC] Failed to load 'gameplay\gui_new\actionscript\red\game\witcher3\menus\common\skilldatastub.as' - is this a resource
[2026.10.01 00:15:22][Error][WCC] Failed to cook 'gameplay\gui_new\actionscript\red\game\witcher3\menus\common\skilldatastub.as' !
[2026.10.01 00:15:22][Info][WCC] Start cooking 'gameplay\gui_new\actionscript\red\game\witcher3\menus\common\statstooltip.as' (isSeedFile: 1)
[2026.10.01 00:15:22][Error][WCC] Failed to load 'gameplay\gui_new\actionscript\red\game\witcher3\menus\common\statstooltip.as' - is this a resource
[2026.10.01 00:15:22][Error][WCC] Failed to cook 'gameplay\gui_new\actionscript\red\game\witcher3\menus\common\statstooltip.as' !
[2026.10.01 00:15:22][Info][WCC] Start cooking 'gameplay\gui_new\actionscript\red\game\witcher3\menus\common\tablistitemicon.as' (isSeedFile: 1)
[2026.10.01 00:15:22][Error][WCC] Failed to load 'gameplay\gui_new\actionscript\red\game\witcher3\menus\common\tablistitemicon.as' - is this a resource
[2026.10.01 00:15:22][Error][WCC] Failed to cook 'gameplay\gui_new\actionscript\red\game\witcher3\menus\common\tablistitemicon.as' !
[2026.10.01 00:15:22][Info][WCC] Start cooking 'gameplay\gui_new\actionscript\red\game\witcher3\menus\common\tablistitemiconscontainer.as' (isSeedFile: 1)
[2026.10.01 00:15:22][Error][WCC] Failed to load 'gameplay\gui_new\actionscript\red\game\witcher3\menus\common\tablistitemiconscontainer.as' - is this a resource
[2026.10.01 00:15:22][Error][WCC] Failed to cook 'gameplay\gui_new\actionscript\red\game\witcher3\menus\common\tablistitemiconscontainer.as' !
[2026.10.01 00:15:22][Info][WCC] Start cooking 'gameplay\gui_new\actionscript\red\game\witcher3\menus\common\textareamodule.as' (isSeedFile: 1)
[2026.10.01 00:15:22][Error][WCC] Failed to load 'gameplay\gui_new\actionscript\red\game\witcher3\menus\common\textareamodule.as' - is this a resource
[2026.10.01 00:15:22][Error][WCC] Failed to cook 'gameplay\gui_new\actionscript\red\game\witcher3\menus\common\textareamodule.as' !
[2026.10.01 00:15:22][Info][WCC] Start cooking 'gameplay\gui_new\actionscript\red\game\witcher3\menus\common\textareamodulecustominput.as' (isSeedFile: 1)
[2026.10.01 00:15:22][Error][WCC] Failed to load 'gameplay\gui_new\actionscript\red\game\witcher3\menus\common\textareamodulecustominput.as' - is this a resource
[2026.10.01 00:15:22][Error][WCC] Failed to cook 'gameplay\gui_new\actionscript\red\game\witcher3\menus\common\textareamodulecustominput.as' !
[2026.10.01 00:15:22][Info][WCC] Start cooking 'gameplay\gui_new\actionscript\red\game\witcher3\menus\common\textareamoduleitemtooltip.as' (isSeedFile: 1)
[2026.10.01 00:15:22][Error][WCC] Failed to load 'gameplay\gui_new\actionscript\red\game\witcher3\menus\common\textareamoduleitemtooltip.as' - is this a resource
[2026.10.01 00:15:22][Error][WCC] Failed to cook 'gameplay\gui_new\actionscript\red\game\witcher3\menus\common\textareamoduleitemtooltip.as' !
[2026.10.01 00:15:22][Info][WCC] Start cooking 'gameplay\gui_new\actionscript\red\game\witcher3\menus\common\urlbutton.as' (isSeedFile: 1)
[2026.10.01 00:15:22][Error][WCC] Failed to load 'gameplay\gui_new\actionscript\red\game\witcher3\menus\common\urlbutton.as' - is this a resource
[2026.10.01 00:15:22][Error][WCC] Failed to cook 'gameplay\gui_new\actionscript\red\game\witcher3\menus\common\urlbutton.as' !
[2026.10.01 00:15:22][Info][WCC] Start cooking 'gameplay\gui_new\actionscript\red\game\witcher3\menus\common\w3optionslistitem.as' (isSeedFile: 1)
[2026.10.01 00:15:22][Error][WCC] Failed to load 'gameplay\gui_new\actionscript\red\game\witcher3\menus\common\w3optionslistitem.as' - is this a resource
[2026.10.01 00:15:22][Error][WCC] Failed to cook 'gameplay\gui_new\actionscript\red\game\witcher3\menus\common\w3optionslistitem.as' !
[2026.10.01 00:15:22][Info][WCC] Start cooking 'gameplay\gui_new\actionscript\red\game\witcher3\menus\common\w3proplistitem.as' (isSeedFile: 1)
[2026.10.01 00:15:22][Error][WCC] Failed to load 'gameplay\gui_new\actionscript\red\game\witcher3\menus\common\w3proplistitem.as' - is this a resource
[2026.10.01 00:15:22][Error][WCC] Failed to cook 'gameplay\gui_new\actionscript\red\game\witcher3\menus\common\w3proplistitem.as' !
[2026.10.01 00:15:22][Info][WCC] Start cooking 'gameplay\gui_new\actionscript\red\game\witcher3\menus\common\w3statisticslistitem.as' (isSeedFile: 1)
[2026.10.01 00:15:22][Error][WCC] Failed to load 'gameplay\gui_new\actionscript\red\game\witcher3\menus\common\w3statisticslistitem.as' - is this a resource
[2026.10.01 00:15:22][Error][WCC] Failed to cook 'gameplay\gui_new\actionscript\red\game\witcher3\menus\common\w3statisticslistitem.as' !
[2026.10.01 00:15:22][Info][WCC] Start cooking 'gameplay\gui_new\actionscript\red\game\witcher3\menus\common\w3statslistitem.as' (isSeedFile: 1)
[2026.10.01 00:15:22][Error][WCC] Failed to load 'gameplay\gui_new\actionscript\red\game\witcher3\menus\common\w3statslistitem.as' - is this a resource
[2026.10.01 00:15:22][Error][WCC] Failed to cook 'gameplay\gui_new\actionscript\red\game\witcher3\menus\common\w3statslistitem.as' !
[2026.10.01 00:15:22][Info][WCC] Start cooking 'gameplay\gui_new\actionscript\red\game\witcher3\menus\common\w3submenulistitemrenderer.as' (isSeedFile: 1)
[2026.10.01 00:15:22][Error][WCC] Failed to load 'gameplay\gui_new\actionscript\red\game\witcher3\menus\common\w3submenulistitemrenderer.as' - is this a resource
[2026.10.01 00:15:22][Error][WCC] Failed to cook 'gameplay\gui_new\actionscript\red\game\witcher3\menus\common\w3submenulistitemrenderer.as' !
[2026.10.01 00:15:22][Info][WCC] Start cooking 'gameplay\gui_new\actionscript\red\game\witcher3\menus\common\w3textareaitemtooltip.as' (isSeedFile: 1)
[2026.10.01 00:15:22][Error][WCC] Failed to load 'gameplay\gui_new\actionscript\red\game\witcher3\menus\common\w3textareaitemtooltip.as' - is this a resource
[2026.10.01 00:15:22][Error][WCC] Failed to cook 'gameplay\gui_new\actionscript\red\game\witcher3\menus\common\w3textareaitemtooltip.as' !
[2026.10.01 00:15:22][Info][WCC] Start cooking 'gameplay\gui_new\actionscript\red\game\witcher3\menus\common\w3videoobject.as' (isSeedFile: 1)
[2026.10.01 00:15:22][Error][WCC] Failed to load 'gameplay\gui_new\actionscript\red\game\witcher3\menus\common\w3videoobject.as' - is this a resource
[2026.10.01 00:15:22][Error][WCC] Failed to cook 'gameplay\gui_new\actionscript\red\game\witcher3\menus\common\w3videoobject.as' !
[2026.10.01 00:15:22][Info][WCC] Start cooking 'gameplay\gui_new\actionscript\red\game\witcher3\menus\common\w3wolfradiallistitem.as' (isSeedFile: 1)
[2026.10.01 00:15:22][Error][WCC] Failed to load 'gameplay\gui_new\actionscript\red\game\witcher3\menus\common\w3wolfradiallistitem.as' - is this a resource
[2026.10.01 00:15:22][Error][WCC] Failed to cook 'gameplay\gui_new\actionscript\red\game\witcher3\menus\common\w3wolfradiallistitem.as' !
[2026.10.01 00:15:22][Info][WCC] Start cooking 'gameplay\gui_new\actionscript\red\game\witcher3\menus\common\w3wolfradialscrollinglist.as' (isSeedFile: 1)
[2026.10.01 00:15:22][Error][WCC] Failed to load 'gameplay\gui_new\actionscript\red\game\witcher3\menus\common\w3wolfradialscrollinglist.as' - is this a resource
[2026.10.01 00:15:22][Error][WCC] Failed to cook 'gameplay\gui_new\actionscript\red\game\witcher3\menus\common\w3wolfradialscrollinglist.as' !
[2026.10.01 00:15:22][Info][WCC] Start cooking 'gameplay\gui_new\actionscript\red\game\witcher3\menus\common_menu\glossaryinfoitem.as' (isSeedFile: 1)
[2026.10.01 00:15:22][Error][WCC] Failed to load 'gameplay\gui_new\actionscript\red\game\witcher3\menus\common_menu\glossaryinfoitem.as' - is this a resource
[2026.10.01 00:15:22][Error][WCC] Failed to cook 'gameplay\gui_new\actionscript\red\game\witcher3\menus\common_menu\glossaryinfoitem.as' !
[2026.10.01 00:15:22][Info][WCC] Start cooking 'gameplay\gui_new\actionscript\red\game\witcher3\menus\common_menu\itemshistory.as' (isSeedFile: 1)
[2026.10.01 00:15:22][Error][WCC] Failed to load 'gameplay\gui_new\actionscript\red\game\witcher3\menus\common_menu\itemshistory.as' - is this a resource
[2026.10.01 00:15:22][Error][WCC] Failed to cook 'gameplay\gui_new\actionscript\red\game\witcher3\menus\common_menu\itemshistory.as' !
[2026.10.01 00:15:22][Info][WCC] Start cooking 'gameplay\gui_new\actionscript\red\game\witcher3\menus\common_menu\menucommon.as' (isSeedFile: 1)
[2026.10.01 00:15:22][Error][WCC] Failed to load 'gameplay\gui_new\actionscript\red\game\witcher3\menus\common_menu\menucommon.as' - is this a resource
[2026.10.01 00:15:22][Error][WCC] Failed to cook 'gameplay\gui_new\actionscript\red\game\witcher3\menus\common_menu\menucommon.as' !
[2026.10.01 00:15:22][Info][WCC] Start cooking 'gameplay\gui_new\actionscript\red\game\witcher3\menus\common_menu\menuhub.as' (isSeedFile: 1)
[2026.10.01 00:15:22][Error][WCC] Failed to load 'gameplay\gui_new\actionscript\red\game\witcher3\menus\common_menu\menuhub.as' - is this a resource
[2026.10.01 00:15:22][Error][WCC] Failed to cook 'gameplay\gui_new\actionscript\red\game\witcher3\menus\common_menu\menuhub.as' !
[2026.10.01 00:15:22][Info][WCC] Start cooking 'gameplay\gui_new\actionscript\red\game\witcher3\menus\common_menu\menuhubtablistitem.as' (isSeedFile: 1)
[2026.10.01 00:15:22][Error][WCC] Failed to load 'gameplay\gui_new\actionscript\red\game\witcher3\menus\common_menu\menuhubtablistitem.as' - is this a resource
[2026.10.01 00:15:22][Error][WCC] Failed to cook 'gameplay\gui_new\actionscript\red\game\witcher3\menus\common_menu\menuhubtablistitem.as' !
[2026.10.01 00:15:22][Info][WCC] Start cooking 'gameplay\gui_new\actionscript\red\game\witcher3\menus\common_menu\menulevelindicator.as' (isSeedFile: 1)
[2026.10.01 00:15:22][Error][WCC] Failed to load 'gameplay\gui_new\actionscript\red\game\witcher3\menus\common_menu\menulevelindicator.as' - is this a resource
[2026.10.01 00:15:22][Error][WCC] Failed to cook 'gameplay\gui_new\actionscript\red\game\witcher3\menus\common_menu\menulevelindicator.as' !
[2026.10.01 00:15:22][Info][WCC] Start cooking 'gameplay\gui_new\actionscript\red\game\witcher3\menus\common_menu\menuplayerstats.as' (isSeedFile: 1)
[2026.10.01 00:15:22][Error][WCC] Failed to load 'gameplay\gui_new\actionscript\red\game\witcher3\menus\common_menu\menuplayerstats.as' - is this a resource
[2026.10.01 00:15:22][Error][WCC] Failed to cook 'gameplay\gui_new\actionscript\red\game\witcher3\menus\common_menu\menuplayerstats.as' !
[2026.10.01 00:15:22][Info][WCC] Start cooking 'gameplay\gui_new\actionscript\red\game\witcher3\menus\common_menu\menusubtab.as' (isSeedFile: 1)
[2026.10.01 00:15:22][Error][WCC] Failed to load 'gameplay\gui_new\actionscript\red\game\witcher3\menus\common_menu\menusubtab.as' - is this a resource
[2026.10.01 00:15:22][Error][WCC] Failed to cook 'gameplay\gui_new\actionscript\red\game\witcher3\menus\common_menu\menusubtab.as' !
[2026.10.01 00:15:22][Info][WCC] Start cooking 'gameplay\gui_new\actionscript\red\game\witcher3\menus\common_menu\menutab.as' (isSeedFile: 1)
[2026.10.01 00:15:22][Error][WCC] Failed to load 'gameplay\gui_new\actionscript\red\game\witcher3\menus\common_menu\menutab.as' - is this a resource
[2026.10.01 00:15:22][Error][WCC] Failed to cook 'gameplay\gui_new\actionscript\red\game\witcher3\menus\common_menu\menutab.as' !
[2026.10.01 00:15:22][Info][WCC] Start cooking 'gameplay\gui_new\actionscript\red\game\witcher3\menus\common_menu\menutabscontainer.as' (isSeedFile: 1)
[2026.10.01 00:15:22][Error][WCC] Failed to load 'gameplay\gui_new\actionscript\red\game\witcher3\menus\common_menu\menutabscontainer.as' - is this a resource
[2026.10.01 00:15:22][Error][WCC] Failed to cook 'gameplay\gui_new\actionscript\red\game\witcher3\menus\common_menu\menutabscontainer.as' !
[2026.10.01 00:15:22][Info][WCC] Start cooking 'gameplay\gui_new\actionscript\red\game\witcher3\menus\common_menu\menutabsubcontainer.as' (isSeedFile: 1)
[2026.10.01 00:15:22][Error][WCC] Failed to load 'gameplay\gui_new\actionscript\red\game\witcher3\menus\common_menu\menutabsubcontainer.as' - is this a resource
[2026.10.01 00:15:22][Error][WCC] Failed to cook 'gameplay\gui_new\actionscript\red\game\witcher3\menus\common_menu\menutabsubcontainer.as' !
[2026.10.01 00:15:22][Info][WCC] Start cooking 'gameplay\gui_new\actionscript\red\game\witcher3\menus\common_menu\moduleinputfeedback.as' (isSeedFile: 1)
[2026.10.01 00:15:22][Error][WCC] Failed to load 'gameplay\gui_new\actionscript\red\game\witcher3\menus\common_menu\moduleinputfeedback.as' - is this a resource
[2026.10.01 00:15:22][Error][WCC] Failed to cook 'gameplay\gui_new\actionscript\red\game\witcher3\menus\common_menu\moduleinputfeedback.as' !
[2026.10.01 00:15:22][Info][WCC] Start cooking 'gameplay\gui_new\actionscript\red\game\witcher3\menus\common_menu\newiteminfo.as' (isSeedFile: 1)
[2026.10.01 00:15:22][Error][WCC] Failed to load 'gameplay\gui_new\actionscript\red\game\witcher3\menus\common_menu\newiteminfo.as' - is this a resource
[2026.10.01 00:15:22][Error][WCC] Failed to cook 'gameplay\gui_new\actionscript\red\game\witcher3\menus\common_menu\newiteminfo.as' !
[2026.10.01 00:15:22][Info][WCC] Start cooking 'gameplay\gui_new\actionscript\red\game\witcher3\menus\common_menu\textinfocontainer.as' (isSeedFile: 1)
[2026.10.01 00:15:22][Error][WCC] Failed to load 'gameplay\gui_new\actionscript\red\game\witcher3\menus\common_menu\textinfocontainer.as' - is this a resource
[2026.10.01 00:15:22][Error][WCC] Failed to cook 'gameplay\gui_new\actionscript\red\game\witcher3\menus\common_menu\textinfocontainer.as' !
[2026.10.01 00:15:22][Info][WCC] Start cooking 'gameplay\gui_new\actionscript\red\game\witcher3\menus\common_menu\textinfocontainermap.as' (isSeedFile: 1)
[2026.10.01 00:15:22][Error][WCC] Failed to load 'gameplay\gui_new\actionscript\red\game\witcher3\menus\common_menu\textinfocontainermap.as' - is this a resource
[2026.10.01 00:15:22][Error][WCC] Failed to cook 'gameplay\gui_new\actionscript\red\game\witcher3\menus\common_menu\textinfocontainermap.as' !
[2026.10.01 00:15:22][Info][WCC] Start cooking 'gameplay\gui_new\actionscript\red\game\witcher3\menus\common_menu\textinfoitem.as' (isSeedFile: 1)
[2026.10.01 00:15:22][Error][WCC] Failed to load 'gameplay\gui_new\actionscript\red\game\witcher3\menus\common_menu\textinfoitem.as' - is this a resource
[2026.10.01 00:15:22][Error][WCC] Failed to cook 'gameplay\gui_new\actionscript\red\game\witcher3\menus\common_menu\textinfoitem.as' !
[2026.10.01 00:15:22][Info][WCC] Start cooking 'gameplay\gui_new\actionscript\red\game\witcher3\menus\common_menu\textinfoitemmappin.as' (isSeedFile: 1)
[2026.10.01 00:15:22][Error][WCC] Failed to load 'gameplay\gui_new\actionscript\red\game\witcher3\menus\common_menu\textinfoitemmappin.as' - is this a resource
[2026.10.01 00:15:22][Error][WCC] Failed to cook 'gameplay\gui_new\actionscript\red\game\witcher3\menus\common_menu\textinfoitemmappin.as' !
[2026.10.01 00:15:22][Info][WCC] Start cooking 'gameplay\gui_new\actionscript\red\game\witcher3\menus\common_menu\topbarnew.as' (isSeedFile: 1)
[2026.10.01 00:15:22][Error][WCC] Failed to load 'gameplay\gui_new\actionscript\red\game\witcher3\menus\common_menu\topbarnew.as' - is this a resource
[2026.10.01 00:15:22][Error][WCC] Failed to cook 'gameplay\gui_new\actionscript\red\game\witcher3\menus\common_menu\topbarnew.as' !
[2026.10.01 00:15:22][Info][WCC] Start cooking 'gameplay\gui_new\actionscript\red\game\witcher3\menus\common_menu\topbarnewglossary.as' (isSeedFile: 1)
[2026.10.01 00:15:22][Error][WCC] Failed to load 'gameplay\gui_new\actionscript\red\game\witcher3\menus\common_menu\topbarnewglossary.as' - is this a resource
[2026.10.01 00:15:22][Error][WCC] Failed to cook 'gameplay\gui_new\actionscript\red\game\witcher3\menus\common_menu\topbarnewglossary.as' !
[2026.10.01 00:15:22][Info][WCC] Start cooking 'gameplay\gui_new\actionscript\red\game\witcher3\menus\common_menu\trackedquestinfo.as' (isSeedFile: 1)
[2026.10.01 00:15:22][Error][WCC] Failed to load 'gameplay\gui_new\actionscript\red\game\witcher3\menus\common_menu\trackedquestinfo.as' - is this a resource
[2026.10.01 00:15:22][Error][WCC] Failed to cook 'gameplay\gui_new\actionscript\red\game\witcher3\menus\common_menu\trackedquestinfo.as' !
[2026.10.01 00:15:22][Info][WCC] Start cooking 'gameplay\gui_new\actionscript\red\game\witcher3\menus\commonbkg\maincommon.as' (isSeedFile: 1)
[2026.10.01 00:15:22][Error][WCC] Failed to load 'gameplay\gui_new\actionscript\red\game\witcher3\menus\commonbkg\maincommon.as' - is this a resource
[2026.10.01 00:15:22][Error][WCC] Failed to cook 'gameplay\gui_new\actionscript\red\game\witcher3\menus\commonbkg\maincommon.as' !
[2026.10.01 00:15:22][Info][WCC] Start cooking 'gameplay\gui_new\actionscript\red\game\witcher3\menus\crafting\basecraftingmenu.as' (isSeedFile: 1)
[2026.10.01 00:15:22][Error][WCC] Failed to load 'gameplay\gui_new\actionscript\red\game\witcher3\menus\crafting\basecraftingmenu.as' - is this a resource
[2026.10.01 00:15:22][Error][WCC] Failed to cook 'gameplay\gui_new\actionscript\red\game\witcher3\menus\crafting\basecraftingmenu.as' !
[2026.10.01 00:15:22][Info][WCC] Start cooking 'gameplay\gui_new\actionscript\red\game\witcher3\menus\crafting\craftingmenu.as' (isSeedFile: 1)
[2026.10.01 00:15:22][Error][WCC] Failed to load 'gameplay\gui_new\actionscript\red\game\witcher3\menus\crafting\craftingmenu.as' - is this a resource
[2026.10.01 00:15:22][Error][WCC] Failed to cook 'gameplay\gui_new\actionscript\red\game\witcher3\menus\crafting\craftingmenu.as' !
[2026.10.01 00:15:22][Info][WCC] Start cooking 'gameplay\gui_new\actionscript\red\game\witcher3\menus\crafting\craftingsublistmodule.as' (isSeedFile: 1)
[2026.10.01 00:15:22][Error][WCC] Failed to load 'gameplay\gui_new\actionscript\red\game\witcher3\menus\crafting\craftingsublistmodule.as' - is this a resource
[2026.10.01 00:15:22][Error][WCC] Failed to cook 'gameplay\gui_new\actionscript\red\game\witcher3\menus\crafting\craftingsublistmodule.as' !
[2026.10.01 00:15:22][Info][WCC] Start cooking 'gameplay\gui_new\actionscript\red\game\witcher3\menus\crafting\itemcraftingmodule.as' (isSeedFile: 1)
[2026.10.01 00:15:22][Error][WCC] Failed to load 'gameplay\gui_new\actionscript\red\game\witcher3\menus\crafting\itemcraftingmodule.as' - is this a resource
[2026.10.01 00:15:22][Error][WCC] Failed to cook 'gameplay\gui_new\actionscript\red\game\witcher3\menus\crafting\itemcraftingmodule.as' !
[2026.10.01 00:15:22][Info][WCC] Start cooking 'gameplay\gui_new\actionscript\red\game\witcher3\menus\death_screen\deathscreenmenu.as' (isSeedFile: 1)
[2026.10.01 00:15:22][Error][WCC] Failed to load 'gameplay\gui_new\actionscript\red\game\witcher3\menus\death_screen\deathscreenmenu.as' - is this a resource
[2026.10.01 00:15:22][Error][WCC] Failed to cook 'gameplay\gui_new\actionscript\red\game\witcher3\menus\death_screen\deathscreenmenu.as' !
[2026.10.01 00:15:22][Info][WCC] Start cooking 'gameplay\gui_new\actionscript\red\game\witcher3\menus\e3mainmenu\e3mainmenu.as' (isSeedFile: 1)
[2026.10.01 00:15:22][Error][WCC] Failed to load 'gameplay\gui_new\actionscript\red\game\witcher3\menus\e3mainmenu\e3mainmenu.as' - is this a resource
[2026.10.01 00:15:22][Error][WCC] Failed to cook 'gameplay\gui_new\actionscript\red\game\witcher3\menus\e3mainmenu\e3mainmenu.as' !
[2026.10.01 00:15:22][Info][WCC] Start cooking 'gameplay\gui_new\actionscript\red\game\witcher3\menus\e3mainmenu\w3startscreenvideoobject.as' (isSeedFile: 1)
[2026.10.01 00:15:22][Error][WCC] Failed to load 'gameplay\gui_new\actionscript\red\game\witcher3\menus\e3mainmenu\w3startscreenvideoobject.as' - is this a resource
[2026.10.01 00:15:22][Error][WCC] Failed to cook 'gameplay\gui_new\actionscript\red\game\witcher3\menus\e3mainmenu\w3startscreenvideoobject.as' !
[2026.10.01 00:15:22][Info][WCC] Start cooking 'gameplay\gui_new\actionscript\red\game\witcher3\menus\endscreen\endscreenmenu.as' (isSeedFile: 1)
[2026.10.01 00:15:22][Error][WCC] Failed to load 'gameplay\gui_new\actionscript\red\game\witcher3\menus\endscreen\endscreenmenu.as' - is this a resource
[2026.10.01 00:15:22][Error][WCC] Failed to cook 'gameplay\gui_new\actionscript\red\game\witcher3\menus\endscreen\endscreenmenu.as' !
[2026.10.01 00:15:22][Info][WCC] Start cooking 'gameplay\gui_new\actionscript\red\game\witcher3\menus\fakehud\fakehudmenu.as' (isSeedFile: 1)
[2026.10.01 00:15:22][Error][WCC] Failed to load 'gameplay\gui_new\actionscript\red\game\witcher3\menus\fakehud\fakehudmenu.as' - is this a resource
[2026.10.01 00:15:22][Error][WCC] Failed to cook 'gameplay\gui_new\actionscript\red\game\witcher3\menus\fakehud\fakehudmenu.as' !
[2026.10.01 00:15:22][Info][WCC] Start cooking 'gameplay\gui_new\actionscript\red\game\witcher3\menus\glossary\glossarybestiarymenu.as' (isSeedFile: 1)
[2026.10.01 00:15:22][Error][WCC] Failed to load 'gameplay\gui_new\actionscript\red\game\witcher3\menus\glossary\glossarybestiarymenu.as' - is this a resource
[2026.10.01 00:15:22][Error][WCC] Failed to cook 'gameplay\gui_new\actionscript\red\game\witcher3\menus\glossary\glossarybestiarymenu.as' !
[2026.10.01 00:15:22][Info][WCC] Start cooking 'gameplay\gui_new\actionscript\red\game\witcher3\menus\glossary\glossarybooksmenu.as' (isSeedFile: 1)
[2026.10.01 00:15:22][Error][WCC] Failed to load 'gameplay\gui_new\actionscript\red\game\witcher3\menus\glossary\glossarybooksmenu.as' - is this a resource
[2026.10.01 00:15:22][Error][WCC] Failed to cook 'gameplay\gui_new\actionscript\red\game\witcher3\menus\glossary\glossarybooksmenu.as' !
[2026.10.01 00:15:22][Info][WCC] Start cooking 'gameplay\gui_new\actionscript\red\game\witcher3\menus\glossary\glossarycharactersmenu.as' (isSeedFile: 1)
[2026.10.01 00:15:22][Error][WCC] Failed to load 'gameplay\gui_new\actionscript\red\game\witcher3\menus\glossary\glossarycharactersmenu.as' - is this a resource
[2026.10.01 00:15:22][Error][WCC] Failed to cook 'gameplay\gui_new\actionscript\red\game\witcher3\menus\glossary\glossarycharactersmenu.as' !
[2026.10.01 00:15:22][Info][WCC] Start cooking 'gameplay\gui_new\actionscript\red\game\witcher3\menus\glossary\glossaryencyclopediamenu.as' (isSeedFile: 1)
[2026.10.01 00:15:22][Error][WCC] Failed to load 'gameplay\gui_new\actionscript\red\game\witcher3\menus\glossary\glossaryencyclopediamenu.as' - is this a resource
[2026.10.01 00:15:22][Error][WCC] Failed to cook 'gameplay\gui_new\actionscript\red\game\witcher3\menus\glossary\glossaryencyclopediamenu.as' !
[2026.10.01 00:15:22][Info][WCC] Start cooking 'gameplay\gui_new\actionscript\red\game\witcher3\menus\glossary\glossarylistmodule.as' (isSeedFile: 1)
[2026.10.01 00:15:22][Error][WCC] Failed to load 'gameplay\gui_new\actionscript\red\game\witcher3\menus\glossary\glossarylistmodule.as' - is this a resource
[2026.10.01 00:15:22][Error][WCC] Failed to cook 'gameplay\gui_new\actionscript\red\game\witcher3\menus\glossary\glossarylistmodule.as' !
[2026.10.01 00:15:22][Info][WCC] Start cooking 'gameplay\gui_new\actionscript\red\game\witcher3\menus\glossary\glossarymainmenu.as' (isSeedFile: 1)
[2026.10.01 00:15:22][Error][WCC] Failed to load 'gameplay\gui_new\actionscript\red\game\witcher3\menus\glossary\glossarymainmenu.as' - is this a resource
[2026.10.01 00:15:22][Error][WCC] Failed to cook 'gameplay\gui_new\actionscript\red\game\witcher3\menus\glossary\glossarymainmenu.as' !
[2026.10.01 00:15:22][Info][WCC] Start cooking 'gameplay\gui_new\actionscript\red\game\witcher3\menus\glossary\glossarymaintabcontroller.as' (isSeedFile: 1)
[2026.10.01 00:15:22][Error][WCC] Failed to load 'gameplay\gui_new\actionscript\red\game\witcher3\menus\glossary\glossarymaintabcontroller.as' - is this a resource
[2026.10.01 00:15:22][Error][WCC] Failed to cook 'gameplay\gui_new\actionscript\red\game\witcher3\menus\glossary\glossarymaintabcontroller.as' !
[2026.10.01 00:15:22][Info][WCC] Start cooking 'gameplay\gui_new\actionscript\red\game\witcher3\menus\glossary\glossarymenu.as' (isSeedFile: 1)
[2026.10.01 00:15:22][Error][WCC] Failed to load 'gameplay\gui_new\actionscript\red\game\witcher3\menus\glossary\glossarymenu.as' - is this a resource
[2026.10.01 00:15:22][Error][WCC] Failed to cook 'gameplay\gui_new\actionscript\red\game\witcher3\menus\glossary\glossarymenu.as' !
[2026.10.01 00:15:22][Info][WCC] Start cooking 'gameplay\gui_new\actionscript\red\game\witcher3\menus\glossary\glossaryplacesmenu.as' (isSeedFile: 1)
[2026.10.01 00:15:22][Error][WCC] Failed to load 'gameplay\gui_new\actionscript\red\game\witcher3\menus\glossary\glossaryplacesmenu.as' - is this a resource
[2026.10.01 00:15:22][Error][WCC] Failed to cook 'gameplay\gui_new\actionscript\red\game\witcher3\menus\glossary\glossaryplacesmenu.as' !
[2026.10.01 00:15:22][Info][WCC] Start cooking 'gameplay\gui_new\actionscript\red\game\witcher3\menus\glossary\glossarystorybookmenu.as' (isSeedFile: 1)
[2026.10.01 00:15:22][Error][WCC] Failed to load 'gameplay\gui_new\actionscript\red\game\witcher3\menus\glossary\glossarystorybookmenu.as' - is this a resource
[2026.10.01 00:15:22][Error][WCC] Failed to cook 'gameplay\gui_new\actionscript\red\game\witcher3\menus\glossary\glossarystorybookmenu.as' !
[2026.10.01 00:15:22][Info][WCC] Start cooking 'gameplay\gui_new\actionscript\red\game\witcher3\menus\glossary\glossarysublistmodule.as' (isSeedFile: 1)
[2026.10.01 00:15:22][Error][WCC] Failed to load 'gameplay\gui_new\actionscript\red\game\witcher3\menus\glossary\glossarysublistmodule.as' - is this a resource
[2026.10.01 00:15:22][Error][WCC] Failed to cook 'gameplay\gui_new\actionscript\red\game\witcher3\menus\glossary\glossarysublistmodule.as' !
[2026.10.01 00:15:22][Info][WCC] Start cooking 'gameplay\gui_new\actionscript\red\game\witcher3\menus\glossary\glossarytexturesublistmodule.as' (isSeedFile: 1)
[2026.10.01 00:15:22][Error][WCC] Failed to load 'gameplay\gui_new\actionscript\red\game\witcher3\menus\glossary\glossarytexturesublistmodule.as' - is this a resource
[2026.10.01 00:15:22][Error][WCC] Failed to cook 'gameplay\gui_new\actionscript\red\game\witcher3\menus\glossary\glossarytexturesublistmodule.as' !
[2026.10.01 00:15:22][Info][WCC] Start cooking 'gameplay\gui_new\actionscript\red\game\witcher3\menus\glossary\glossarytutorialsmenu.as' (isSeedFile: 1)
[2026.10.01 00:15:22][Error][WCC] Failed to load 'gameplay\gui_new\actionscript\red\game\witcher3\menus\glossary\glossarytutorialsmenu.as' - is this a resource
[2026.10.01 00:15:22][Error][WCC] Failed to cook 'gameplay\gui_new\actionscript\red\game\witcher3\menus\glossary\glossarytutorialsmenu.as' !
[2026.10.01 00:15:22][Info][WCC] Start cooking 'gameplay\gui_new\actionscript\red\game\witcher3\menus\gwint\aiplayercontroller.as' (isSeedFile: 1)
[2026.10.01 00:15:22][Error][WCC] Failed to load 'gameplay\gui_new\actionscript\red\game\witcher3\menus\gwint\aiplayercontroller.as' - is this a resource
[2026.10.01 00:15:22][Error][WCC] Failed to cook 'gameplay\gui_new\actionscript\red\game\witcher3\menus\gwint\aiplayercontroller.as' !
[2026.10.01 00:15:22][Info][WCC] Start cooking 'gameplay\gui_new\actionscript\red\game\witcher3\menus\gwint\baseplayercontroller.as' (isSeedFile: 1)
[2026.10.01 00:15:22][Error][WCC] Failed to load 'gameplay\gui_new\actionscript\red\game\witcher3\menus\gwint\baseplayercontroller.as' - is this a resource
[2026.10.01 00:15:22][Error][WCC] Failed to cook 'gameplay\gui_new\actionscript\red\game\witcher3\menus\gwint\baseplayercontroller.as' !
[2026.10.01 00:15:22][Info][WCC] Start cooking 'gameplay\gui_new\actionscript\red\game\witcher3\menus\gwint\cardandcombopoints.as' (isSeedFile: 1)
[2026.10.01 00:15:22][Error][WCC] Failed to load 'gameplay\gui_new\actionscript\red\game\witcher3\menus\gwint\cardandcombopoints.as' - is this a resource
[2026.10.01 00:15:22][Error][WCC] Failed to cook 'gameplay\gui_new\actionscript\red\game\witcher3\menus\gwint\cardandcombopoints.as' !
[2026.10.01 00:15:22][Info][WCC] Start cooking 'gameplay\gui_new\actionscript\red\game\witcher3\menus\gwint\cardeffectmanager.as' (isSeedFile: 1)
[2026.10.01 00:15:22][Error][WCC] Failed to load 'gameplay\gui_new\actionscript\red\game\witcher3\menus\gwint\cardeffectmanager.as' - is this a resource
[2026.10.01 00:15:22][Error][WCC] Failed to cook 'gameplay\gui_new\actionscript\red\game\witcher3\menus\gwint\cardeffectmanager.as' !
[2026.10.01 00:15:22][Info][WCC] Start cooking 'gameplay\gui_new\actionscript\red\game\witcher3\menus\gwint\cardfx.as' (isSeedFile: 1)
[2026.10.01 00:15:22][Error][WCC] Failed to load 'gameplay\gui_new\actionscript\red\game\witcher3\menus\gwint\cardfx.as' - is this a resource
[2026.10.01 00:15:22][Error][WCC] Failed to cook 'gameplay\gui_new\actionscript\red\game\witcher3\menus\gwint\cardfx.as' !
[2026.10.01 00:15:22][Info][WCC] Start cooking 'gameplay\gui_new\actionscript\red\game\witcher3\menus\gwint\cardfxmanager.as' (isSeedFile: 1)
[2026.10.01 00:15:22][Error][WCC] Failed to load 'gameplay\gui_new\actionscript\red\game\witcher3\menus\gwint\cardfxmanager.as' - is this a resource
[2026.10.01 00:15:22][Error][WCC] Failed to cook 'gameplay\gui_new\actionscript\red\game\witcher3\menus\gwint\cardfxmanager.as' !
[2026.10.01 00:15:22][Info][WCC] Start cooking 'gameplay\gui_new\actionscript\red\game\witcher3\menus\gwint\cardinstance.as' (isSeedFile: 1)
[2026.10.01 00:15:22][Error][WCC] Failed to load 'gameplay\gui_new\actionscript\red\game\witcher3\menus\gwint\cardinstance.as' - is this a resource
[2026.10.01 00:15:22][Error][WCC] Failed to cook 'gameplay\gui_new\actionscript\red\game\witcher3\menus\gwint\cardinstance.as' !
[2026.10.01 00:15:22][Info][WCC] Start cooking 'gameplay\gui_new\actionscript\red\game\witcher3\menus\gwint\cardleaderinstance.as' (isSeedFile: 1)
[2026.10.01 00:15:22][Error][WCC] Failed to load 'gameplay\gui_new\actionscript\red\game\witcher3\menus\gwint\cardleaderinstance.as' - is this a resource
[2026.10.01 00:15:22][Error][WCC] Failed to cook 'gameplay\gui_new\actionscript\red\game\witcher3\menus\gwint\cardleaderinstance.as' !
[2026.10.01 00:15:22][Info][WCC] Start cooking 'gameplay\gui_new\actionscript\red\game\witcher3\menus\gwint\cardmanager.as' (isSeedFile: 1)
[2026.10.01 00:15:22][Error][WCC] Failed to load 'gameplay\gui_new\actionscript\red\game\witcher3\menus\gwint\cardmanager.as' - is this a resource
[2026.10.01 00:15:22][Error][WCC] Failed to cook 'gameplay\gui_new\actionscript\red\game\witcher3\menus\gwint\cardmanager.as' !
[2026.10.01 00:15:22][Info][WCC] Start cooking 'gameplay\gui_new\actionscript\red\game\witcher3\menus\gwint\cardslot.as' (isSeedFile: 1)
[2026.10.01 00:15:22][Error][WCC] Failed to load 'gameplay\gui_new\actionscript\red\game\witcher3\menus\gwint\cardslot.as' - is this a resource
[2026.10.01 00:15:22][Error][WCC] Failed to cook 'gameplay\gui_new\actionscript\red\game\witcher3\menus\gwint\cardslot.as' !
[2026.10.01 00:15:22][Info][WCC] Start cooking 'gameplay\gui_new\actionscript\red\game\witcher3\menus\gwint\cardtemplate.as' (isSeedFile: 1)
[2026.10.01 00:15:22][Error][WCC] Failed to load 'gameplay\gui_new\actionscript\red\game\witcher3\menus\gwint\cardtemplate.as' - is this a resource
[2026.10.01 00:15:22][Error][WCC] Failed to cook 'gameplay\gui_new\actionscript\red\game\witcher3\menus\gwint\cardtemplate.as' !
[2026.10.01 00:15:22][Info][WCC] Start cooking 'gameplay\gui_new\actionscript\red\game\witcher3\menus\gwint\cardtransaction.as' (isSeedFile: 1)
[2026.10.01 00:15:22][Error][WCC] Failed to load 'gameplay\gui_new\actionscript\red\game\witcher3\menus\gwint\cardtransaction.as' - is this a resource
[2026.10.01 00:15:22][Error][WCC] Failed to cook 'gameplay\gui_new\actionscript\red\game\witcher3\menus\gwint\cardtransaction.as' !
[2026.10.01 00:15:22][Info][WCC] Start cooking 'gameplay\gui_new\actionscript\red\game\witcher3\menus\gwint\cardtweenmanager.as' (isSeedFile: 1)
[2026.10.01 00:15:22][Error][WCC] Failed to load 'gameplay\gui_new\actionscript\red\game\witcher3\menus\gwint\cardtweenmanager.as' - is this a resource
[2026.10.01 00:15:22][Error][WCC] Failed to cook 'gameplay\gui_new\actionscript\red\game\witcher3\menus\gwint\cardtweenmanager.as' !
[2026.10.01 00:15:22][Info][WCC] Start cooking 'gameplay\gui_new\actionscript\red\game\witcher3\menus\gwint\deckbuildermenu.as' (isSeedFile: 1)
[2026.10.01 00:15:22][Error][WCC] Failed to load 'gameplay\gui_new\actionscript\red\game\witcher3\menus\gwint\deckbuildermenu.as' - is this a resource
[2026.10.01 00:15:22][Error][WCC] Failed to cook 'gameplay\gui_new\actionscript\red\game\witcher3\menus\gwint\deckbuildermenu.as' !
[2026.10.01 00:15:22][Info][WCC] Start cooking 'gameplay\gui_new\actionscript\red\game\witcher3\menus\gwint\gwintbasemenu.as' (isSeedFile: 1)
[2026.10.01 00:15:22][Error][WCC] Failed to load 'gameplay\gui_new\actionscript\red\game\witcher3\menus\gwint\gwintbasemenu.as' - is this a resource
[2026.10.01 00:15:22][Error][WCC] Failed to cook 'gameplay\gui_new\actionscript\red\game\witcher3\menus\gwint\gwintbasemenu.as' !
[2026.10.01 00:15:22][Info][WCC] Start cooking 'gameplay\gui_new\actionscript\red\game\witcher3\menus\gwint\gwintboardrenderer.as' (isSeedFile: 1)
[2026.10.01 00:15:22][Error][WCC] Failed to load 'gameplay\gui_new\actionscript\red\game\witcher3\menus\gwint\gwintboardrenderer.as' - is this a resource
[2026.10.01 00:15:22][Error][WCC] Failed to cook 'gameplay\gui_new\actionscript\red\game\witcher3\menus\gwint\gwintboardrenderer.as' !
[2026.10.01 00:15:22][Info][WCC] Start cooking 'gameplay\gui_new\actionscript\red\game\witcher3\menus\gwint\gwintcardgridlist.as' (isSeedFile: 1)
[2026.10.01 00:15:22][Error][WCC] Failed to load 'gameplay\gui_new\actionscript\red\game\witcher3\menus\gwint\gwintcardgridlist.as' - is this a resource
[2026.10.01 00:15:22][Error][WCC] Failed to cook 'gameplay\gui_new\actionscript\red\game\witcher3\menus\gwint\gwintcardgridlist.as' !
[2026.10.01 00:15:22][Info][WCC] Start cooking 'gameplay\gui_new\actionscript\red\game\witcher3\menus\gwint\gwintcardholder.as' (isSeedFile: 1)
[2026.10.01 00:15:22][Error][WCC] Failed to load 'gameplay\gui_new\actionscript\red\game\witcher3\menus\gwint\gwintcardholder.as' - is this a resource
[2026.10.01 00:15:22][Error][WCC] Failed to cook 'gameplay\gui_new\actionscript\red\game\witcher3\menus\gwint\gwintcardholder.as' !
[2026.10.01 00:15:22][Info][WCC] Start cooking 'gameplay\gui_new\actionscript\red\game\witcher3\menus\gwint\gwintcardvalues.as' (isSeedFile: 1)
[2026.10.01 00:15:22][Error][WCC] Failed to load 'gameplay\gui_new\actionscript\red\game\witcher3\menus\gwint\gwintcardvalues.as' - is this a resource
[2026.10.01 00:15:22][Error][WCC] Failed to cook 'gameplay\gui_new\actionscript\red\game\witcher3\menus\gwint\gwintcardvalues.as' !
[2026.10.01 00:15:22][Info][WCC] Start cooking 'gameplay\gui_new\actionscript\red\game\witcher3\menus\gwint\gwintdeck.as' (isSeedFile: 1)
[2026.10.01 00:15:22][Error][WCC] Failed to load 'gameplay\gui_new\actionscript\red\game\witcher3\menus\gwint\gwintdeck.as' - is this a resource
[2026.10.01 00:15:22][Error][WCC] Failed to cook 'gameplay\gui_new\actionscript\red\game\witcher3\menus\gwint\gwintdeck.as' !
[2026.10.01 00:15:22][Info][WCC] Start cooking 'gameplay\gui_new\actionscript\red\game\witcher3\menus\gwint\gwintdeckctabmodule.as' (isSeedFile: 1)
[2026.10.01 00:15:22][Error][WCC] Failed to load 'gameplay\gui_new\actionscript\red\game\witcher3\menus\gwint\gwintdeckctabmodule.as' - is this a resource
[2026.10.01 00:15:22][Error][WCC] Failed to cook 'gameplay\gui_new\actionscript\red\game\witcher3\menus\gwint\gwintdeckctabmodule.as' !
[2026.10.01 00:15:22][Info][WCC] Start cooking 'gameplay\gui_new\actionscript\red\game\witcher3\menus\gwint\gwintdeckrenderer.as' (isSeedFile: 1)
[2026.10.01 00:15:22][Error][WCC] Failed to load 'gameplay\gui_new\actionscript\red\game\witcher3\menus\gwint\gwintdeckrenderer.as' - is this a resource
[2026.10.01 00:15:22][Error][WCC] Failed to cook 'gameplay\gui_new\actionscript\red\game\witcher3\menus\gwint\gwintdeckrenderer.as' !
[2026.10.01 00:15:22][Info][WCC] Start cooking 'gameplay\gui_new\actionscript\red\game\witcher3\menus\gwint\gwintdeckstatspanel.as' (isSeedFile: 1)
[2026.10.01 00:15:22][Error][WCC] Failed to load 'gameplay\gui_new\actionscript\red\game\witcher3\menus\gwint\gwintdeckstatspanel.as' - is this a resource
[2026.10.01 00:15:22][Error][WCC] Failed to cook 'gameplay\gui_new\actionscript\red\game\witcher3\menus\gwint\gwintdeckstatspanel.as' !
[2026.10.01 00:15:22][Info][WCC] Start cooking 'gameplay\gui_new\actionscript\red\game\witcher3\menus\gwint\gwintendgamedialog.as' (isSeedFile: 1)
[2026.10.01 00:15:22][Error][WCC] Failed to load 'gameplay\gui_new\actionscript\red\game\witcher3\menus\gwint\gwintendgamedialog.as' - is this a resource
[2026.10.01 00:15:22][Error][WCC] Failed to cook 'gameplay\gui_new\actionscript\red\game\witcher3\menus\gwint\gwintendgamedialog.as' !
[2026.10.01 00:15:22][Info][WCC] Start cooking 'gameplay\gui_new\actionscript\red\game\witcher3\menus\gwint\gwintgameflowcontroller.as' (isSeedFile: 1)
[2026.10.01 00:15:22][Error][WCC] Failed to load 'gameplay\gui_new\actionscript\red\game\witcher3\menus\gwint\gwintgameflowcontroller.as' - is this a resource
[2026.10.01 00:15:22][Error][WCC] Failed to cook 'gameplay\gui_new\actionscript\red\game\witcher3\menus\gwint\gwintgameflowcontroller.as' !
[2026.10.01 00:15:22][Info][WCC] Start cooking 'gameplay\gui_new\actionscript\red\game\witcher3\menus\gwint\gwintgamemenu.as' (isSeedFile: 1)
[2026.10.01 00:15:22][Error][WCC] Failed to load 'gameplay\gui_new\actionscript\red\game\witcher3\menus\gwint\gwintgamemenu.as' - is this a resource
[2026.10.01 00:15:22][Error][WCC] Failed to cook 'gameplay\gui_new\actionscript\red\game\witcher3\menus\gwint\gwintgamemenu.as' !
[2026.10.01 00:15:22][Info][WCC] Start cooking 'gameplay\gui_new\actionscript\red\game\witcher3\menus\gwint\gwintplayerrenderer.as' (isSeedFile: 1)
[2026.10.01 00:15:22][Error][WCC] Failed to load 'gameplay\gui_new\actionscript\red\game\witcher3\menus\gwint\gwintplayerrenderer.as' - is this a resource
[2026.10.01 00:15:22][Error][WCC] Failed to cook 'gameplay\gui_new\actionscript\red\game\witcher3\menus\gwint\gwintplayerrenderer.as' !
[2026.10.01 00:15:22][Info][WCC] Start cooking 'gameplay\gui_new\actionscript\red\game\witcher3\menus\gwint\gwintroundresult.as' (isSeedFile: 1)
[2026.10.01 00:15:22][Error][WCC] Failed to load 'gameplay\gui_new\actionscript\red\game\witcher3\menus\gwint\gwintroundresult.as' - is this a resource
[2026.10.01 00:15:22][Error][WCC] Failed to cook 'gameplay\gui_new\actionscript\red\game\witcher3\menus\gwint\gwintroundresult.as' !
[2026.10.01 00:15:22][Info][WCC] Start cooking 'gameplay\gui_new\actionscript\red\game\witcher3\menus\gwint\gwinttutorial.as' (isSeedFile: 1)
[2026.10.01 00:15:22][Error][WCC] Failed to load 'gameplay\gui_new\actionscript\red\game\witcher3\menus\gwint\gwinttutorial.as' - is this a resource
[2026.10.01 00:15:22][Error][WCC] Failed to cook 'gameplay\gui_new\actionscript\red\game\witcher3\menus\gwint\gwinttutorial.as' !
[2026.10.01 00:15:22][Info][WCC] Start cooking 'gameplay\gui_new\actionscript\red\game\witcher3\menus\gwint\humanplayercontroller.as' (isSeedFile: 1)
[2026.10.01 00:15:22][Error][WCC] Failed to load 'gameplay\gui_new\actionscript\red\game\witcher3\menus\gwint\humanplayercontroller.as' - is this a resource
[2026.10.01 00:15:22][Error][WCC] Failed to cook 'gameplay\gui_new\actionscript\red\game\witcher3\menus\gwint\humanplayercontroller.as' !
[2026.10.01 00:15:22][Info][WCC] Start cooking 'gameplay\gui_new\actionscript\red\game\witcher3\menus\infopopup\informationpopup.as' (isSeedFile: 1)
[2026.10.01 00:15:22][Error][WCC] Failed to load 'gameplay\gui_new\actionscript\red\game\witcher3\menus\infopopup\informationpopup.as' - is this a resource
[2026.10.01 00:15:22][Error][WCC] Failed to cook 'gameplay\gui_new\actionscript\red\game\witcher3\menus\infopopup\informationpopup.as' !
[2026.10.01 00:15:22][Info][WCC] Start cooking 'gameplay\gui_new\actionscript\red\game\witcher3\menus\infopopup\informationpopupmenu.as' (isSeedFile: 1)
[2026.10.01 00:15:22][Error][WCC] Failed to load 'gameplay\gui_new\actionscript\red\game\witcher3\menus\infopopup\informationpopupmenu.as' - is this a resource
[2026.10.01 00:15:22][Error][WCC] Failed to cook 'gameplay\gui_new\actionscript\red\game\witcher3\menus\infopopup\informationpopupmenu.as' !
[2026.10.01 00:15:22][Info][WCC] Start cooking 'gameplay\gui_new\actionscript\red\game\witcher3\menus\inventory\buttoncontainermodule.as' (isSeedFile: 1)
[2026.10.01 00:15:22][Error][WCC] Failed to load 'gameplay\gui_new\actionscript\red\game\witcher3\menus\inventory\buttoncontainermodule.as' - is this a resource
[2026.10.01 00:15:22][Error][WCC] Failed to cook 'gameplay\gui_new\actionscript\red\game\witcher3\menus\inventory\buttoncontainermodule.as' !
[2026.10.01 00:15:22][Info][WCC] Start cooking 'gameplay\gui_new\actionscript\red\game\witcher3\menus\inventory\inventoryslotoverlay.as' (isSeedFile: 1)
[2026.10.01 00:15:22][Error][WCC] Failed to load 'gameplay\gui_new\actionscript\red\game\witcher3\menus\inventory\inventoryslotoverlay.as' - is this a resource
[2026.10.01 00:15:22][Error][WCC] Failed to cook 'gameplay\gui_new\actionscript\red\game\witcher3\menus\inventory\inventoryslotoverlay.as' !
[2026.10.01 00:15:22][Info][WCC] Start cooking 'gameplay\gui_new\actionscript\red\game\witcher3\menus\inventory_menu\characterrenderercontroller.as' (isSeedFile: 1)
[2026.10.01 00:15:22][Error][WCC] Failed to load 'gameplay\gui_new\actionscript\red\game\witcher3\menus\inventory_menu\characterrenderercontroller.as' - is this a resource
[2026.10.01 00:15:22][Error][WCC] Failed to cook 'gameplay\gui_new\actionscript\red\game\witcher3\menus\inventory_menu\characterrenderercontroller.as' !
[2026.10.01 00:15:22][Info][WCC] Start cooking 'gameplay\gui_new\actionscript\red\game\witcher3\menus\inventory_menu\gridtabsections.as' (isSeedFile: 1)
[2026.10.01 00:15:22][Error][WCC] Failed to load 'gameplay\gui_new\actionscript\red\game\witcher3\menus\inventory_menu\gridtabsections.as' - is this a resource
[2026.10.01 00:15:22][Error][WCC] Failed to cook 'gameplay\gui_new\actionscript\red\game\witcher3\menus\inventory_menu\gridtabsections.as' !
[2026.10.01 00:15:22][Info][WCC] Start cooking 'gameplay\gui_new\actionscript\red\game\witcher3\menus\inventory_menu\inventorydroparea.as' (isSeedFile: 1)
[2026.10.01 00:15:22][Error][WCC] Failed to load 'gameplay\gui_new\actionscript\red\game\witcher3\menus\inventory_menu\inventorydroparea.as' - is this a resource
[2026.10.01 00:15:22][Error][WCC] Failed to cook 'gameplay\gui_new\actionscript\red\game\witcher3\menus\inventory_menu\inventorydroparea.as' !
[2026.10.01 00:15:22][Info][WCC] Start cooking 'gameplay\gui_new\actionscript\red\game\witcher3\menus\inventory_menu\inventorytabbedlistmodule.as' (isSeedFile: 1)
[2026.10.01 00:15:22][Error][WCC] Failed to load 'gameplay\gui_new\actionscript\red\game\witcher3\menus\inventory_menu\inventorytabbedlistmodule.as' - is this a resource
[2026.10.01 00:15:22][Error][WCC] Failed to cook 'gameplay\gui_new\actionscript\red\game\witcher3\menus\inventory_menu\inventorytabbedlistmodule.as' !
[2026.10.01 00:15:22][Info][WCC] Start cooking 'gameplay\gui_new\actionscript\red\game\witcher3\menus\inventory_menu\itemsectiondata.as' (isSeedFile: 1)
[2026.10.01 00:15:22][Error][WCC] Failed to load 'gameplay\gui_new\actionscript\red\game\witcher3\menus\inventory_menu\itemsectiondata.as' - is this a resource
[2026.10.01 00:15:22][Error][WCC] Failed to cook 'gameplay\gui_new\actionscript\red\game\witcher3\menus\inventory_menu\itemsectiondata.as' !
[2026.10.01 00:15:22][Info][WCC] Start cooking 'gameplay\gui_new\actionscript\red\game\witcher3\menus\inventory_menu\menuinventory.as' (isSeedFile: 1)
[2026.10.01 00:15:22][Error][WCC] Failed to load 'gameplay\gui_new\actionscript\red\game\witcher3\menus\inventory_menu\menuinventory.as' - is this a resource
[2026.10.01 00:15:22][Error][WCC] Failed to cook 'gameplay\gui_new\actionscript\red\game\witcher3\menus\inventory_menu\menuinventory.as' !
[2026.10.01 00:15:22][Info][WCC] Start cooking 'gameplay\gui_new\actionscript\red\game\witcher3\menus\inventory_menu\menusocketsmanagment.as' (isSeedFile: 1)
[2026.10.01 00:15:22][Error][WCC] Failed to load 'gameplay\gui_new\actionscript\red\game\witcher3\menus\inventory_menu\menusocketsmanagment.as' - is this a resource
[2026.10.01 00:15:22][Error][WCC] Failed to cook 'gameplay\gui_new\actionscript\red\game\witcher3\menus\inventory_menu\menusocketsmanagment.as' !
[2026.10.01 00:15:22][Info][WCC] Start cooking 'gameplay\gui_new\actionscript\red\game\witcher3\menus\inventory_menu\modulecontainer.as' (isSeedFile: 1)
[2026.10.01 00:15:22][Error][WCC] Failed to load 'gameplay\gui_new\actionscript\red\game\witcher3\menus\inventory_menu\modulecontainer.as' - is this a resource
[2026.10.01 00:15:22][Error][WCC] Failed to cook 'gameplay\gui_new\actionscript\red\game\witcher3\menus\inventory_menu\modulecontainer.as' !
[2026.10.01 00:15:22][Info][WCC] Start cooking 'gameplay\gui_new\actionscript\red\game\witcher3\menus\inventory_menu\modulehorsepaperdoll.as' (isSeedFile: 1)
[2026.10.01 00:15:22][Error][WCC] Failed to load 'gameplay\gui_new\actionscript\red\game\witcher3\menus\inventory_menu\modulehorsepaperdoll.as' - is this a resource
[2026.10.01 00:15:22][Error][WCC] Failed to cook 'gameplay\gui_new\actionscript\red\game\witcher3\menus\inventory_menu\modulehorsepaperdoll.as' !
[2026.10.01 00:15:22][Info][WCC] Start cooking 'gameplay\gui_new\actionscript\red\game\witcher3\menus\inventory_menu\modulepaperdoll.as' (isSeedFile: 1)
[2026.10.01 00:15:22][Error][WCC] Failed to load 'gameplay\gui_new\actionscript\red\game\witcher3\menus\inventory_menu\modulepaperdoll.as' - is this a resource
[2026.10.01 00:15:22][Error][WCC] Failed to cook 'gameplay\gui_new\actionscript\red\game\witcher3\menus\inventory_menu\modulepaperdoll.as' !
[2026.10.01 00:15:22][Info][WCC] Start cooking 'gameplay\gui_new\actionscript\red\game\witcher3\menus\inventory_menu\modulepaperdollbase.as' (isSeedFile: 1)
[2026.10.01 00:15:22][Error][WCC] Failed to load 'gameplay\gui_new\actionscript\red\game\witcher3\menus\inventory_menu\modulepaperdollbase.as' - is this a resource
[2026.10.01 00:15:22][Error][WCC] Failed to cook 'gameplay\gui_new\actionscript\red\game\witcher3\menus\inventory_menu\modulepaperdollbase.as' !
[2026.10.01 00:15:22][Info][WCC] Start cooking 'gameplay\gui_new\actionscript\red\game\witcher3\menus\inventory_menu\moduleplayergrid.as' (isSeedFile: 1)
[2026.10.01 00:15:22][Error][WCC] Failed to load 'gameplay\gui_new\actionscript\red\game\witcher3\menus\inventory_menu\moduleplayergrid.as' - is this a resource
[2026.10.01 00:15:22][Error][WCC] Failed to cook 'gameplay\gui_new\actionscript\red\game\witcher3\menus\inventory_menu\moduleplayergrid.as' !
[2026.10.01 00:15:22][Info][WCC] Start cooking 'gameplay\gui_new\actionscript\red\game\witcher3\menus\inventory_menu\pinnedcraftinginfomodule.as' (isSeedFile: 1)
[2026.10.01 00:15:22][Error][WCC] Failed to load 'gameplay\gui_new\actionscript\red\game\witcher3\menus\inventory_menu\pinnedcraftinginfomodule.as' - is this a resource
[2026.10.01 00:15:22][Error][WCC] Failed to cook 'gameplay\gui_new\actionscript\red\game\witcher3\menus\inventory_menu\pinnedcraftinginfomodule.as' !
[2026.10.01 00:15:22][Info][WCC] Start cooking 'gameplay\gui_new\actionscript\red\game\witcher3\menus\inventory_menu\pinnedcraftingiteminfo.as' (isSeedFile: 1)
[2026.10.01 00:15:22][Error][WCC] Failed to load 'gameplay\gui_new\actionscript\red\game\witcher3\menus\inventory_menu\pinnedcraftingiteminfo.as' - is this a resource
[2026.10.01 00:15:22][Error][WCC] Failed to cook 'gameplay\gui_new\actionscript\red\game\witcher3\menus\inventory_menu\pinnedcraftingiteminfo.as' !
[2026.10.01 00:15:22][Info][WCC] Start cooking 'gameplay\gui_new\actionscript\red\game\witcher3\menus\inventory_menu\playerdetailedstatspanel.as' (isSeedFile: 1)
[2026.10.01 00:15:22][Error][WCC] Failed to load 'gameplay\gui_new\actionscript\red\game\witcher3\menus\inventory_menu\playerdetailedstatspanel.as' - is this a resource
[2026.10.01 00:15:22][Error][WCC] Failed to cook 'gameplay\gui_new\actionscript\red\game\witcher3\menus\inventory_menu\playerdetailedstatspanel.as' !
[2026.10.01 00:15:22][Info][WCC] Start cooking 'gameplay\gui_new\actionscript\red\game\witcher3\menus\inventory_menu\playergeneralstatspanel.as' (isSeedFile: 1)
[2026.10.01 00:15:22][Error][WCC] Failed to load 'gameplay\gui_new\actionscript\red\game\witcher3\menus\inventory_menu\playergeneralstatspanel.as' - is this a resource
[2026.10.01 00:15:22][Error][WCC] Failed to cook 'gameplay\gui_new\actionscript\red\game\witcher3\menus\inventory_menu\playergeneralstatspanel.as' !
[2026.10.01 00:15:22][Info][WCC] Start cooking 'gameplay\gui_new\actionscript\red\game\witcher3\menus\inventory_menu\playermainstatspanel.as' (isSeedFile: 1)
[2026.10.01 00:15:22][Error][WCC] Failed to load 'gameplay\gui_new\actionscript\red\game\witcher3\menus\inventory_menu\playermainstatspanel.as' - is this a resource
[2026.10.01 00:15:22][Error][WCC] Failed to cook 'gameplay\gui_new\actionscript\red\game\witcher3\menus\inventory_menu\playermainstatspanel.as' !
[2026.10.01 00:15:22][Info][WCC] Start cooking 'gameplay\gui_new\actionscript\red\game\witcher3\menus\inventory_menu\playerstatinfo.as' (isSeedFile: 1)
[2026.10.01 00:15:22][Error][WCC] Failed to load 'gameplay\gui_new\actionscript\red\game\witcher3\menus\inventory_menu\playerstatinfo.as' - is this a resource
[2026.10.01 00:15:22][Error][WCC] Failed to cook 'gameplay\gui_new\actionscript\red\game\witcher3\menus\inventory_menu\playerstatinfo.as' !
[2026.10.01 00:15:22][Info][WCC] Start cooking 'gameplay\gui_new\actionscript\red\game\witcher3\menus\journal\monsterhuntingimagemodule.as' (isSeedFile: 1)
[2026.10.01 00:15:22][Error][WCC] Failed to load 'gameplay\gui_new\actionscript\red\game\witcher3\menus\journal\monsterhuntingimagemodule.as' - is this a resource
[2026.10.01 00:15:22][Error][WCC] Failed to cook 'gameplay\gui_new\actionscript\red\game\witcher3\menus\journal\monsterhuntingimagemodule.as' !
[2026.10.01 00:15:22][Info][WCC] Start cooking 'gameplay\gui_new\actionscript\red\game\witcher3\menus\journal\monsterhuntingjournalmenu.as' (isSeedFile: 1)
[2026.10.01 00:15:22][Error][WCC] Failed to load 'gameplay\gui_new\actionscript\red\game\witcher3\menus\journal\monsterhuntingjournalmenu.as' - is this a resource
[2026.10.01 00:15:22][Error][WCC] Failed to cook 'gameplay\gui_new\actionscript\red\game\witcher3\menus\journal\monsterhuntingjournalmenu.as' !
[2026.10.01 00:15:22][Info][WCC] Start cooking 'gameplay\gui_new\actionscript\red\game\witcher3\menus\journal\monsterhuntingsublistmodule.as' (isSeedFile: 1)
[2026.10.01 00:15:22][Error][WCC] Failed to load 'gameplay\gui_new\actionscript\red\game\witcher3\menus\journal\monsterhuntingsublistmodule.as' - is this a resource
[2026.10.01 00:15:22][Error][WCC] Failed to cook 'gameplay\gui_new\actionscript\red\game\witcher3\menus\journal\monsterhuntingsublistmodule.as' !
[2026.10.01 00:15:22][Info][WCC] Start cooking 'gameplay\gui_new\actionscript\red\game\witcher3\menus\journal\monsterquestitemrenderer.as' (isSeedFile: 1)
[2026.10.01 00:15:22][Error][WCC] Failed to load 'gameplay\gui_new\actionscript\red\game\witcher3\menus\journal\monsterquestitemrenderer.as' - is this a resource
[2026.10.01 00:15:22][Error][WCC] Failed to cook 'gameplay\gui_new\actionscript\red\game\witcher3\menus\journal\monsterquestitemrenderer.as' !
[2026.10.01 00:15:22][Info][WCC] Start cooking 'gameplay\gui_new\actionscript\red\game\witcher3\menus\journal\objectiveitemrenderer.as' (isSeedFile: 1)
[2026.10.01 00:15:22][Error][WCC] Failed to load 'gameplay\gui_new\actionscript\red\game\witcher3\menus\journal\objectiveitemrenderer.as' - is this a resource
[2026.10.01 00:15:22][Error][WCC] Failed to cook 'gameplay\gui_new\actionscript\red\game\witcher3\menus\journal\objectiveitemrenderer.as' !
[2026.10.01 00:15:22][Info][WCC] Start cooking 'gameplay\gui_new\actionscript\red\game\witcher3\menus\journal\questdropdownlist.as' (isSeedFile: 1)
[2026.10.01 00:15:22][Error][WCC] Failed to load 'gameplay\gui_new\actionscript\red\game\witcher3\menus\journal\questdropdownlist.as' - is this a resource
[2026.10.01 00:15:22][Error][WCC] Failed to cook 'gameplay\gui_new\actionscript\red\game\witcher3\menus\journal\questdropdownlist.as' !
[2026.10.01 00:15:22][Info][WCC] Start cooking 'gameplay\gui_new\actionscript\red\game\witcher3\menus\journal\questdropdownmenulistitem.as' (isSeedFile: 1)
[2026.10.01 00:15:22][Error][WCC] Failed to load 'gameplay\gui_new\actionscript\red\game\witcher3\menus\journal\questdropdownmenulistitem.as' - is this a resource
[2026.10.01 00:15:22][Error][WCC] Failed to cook 'gameplay\gui_new\actionscript\red\game\witcher3\menus\journal\questdropdownmenulistitem.as' !
[2026.10.01 00:15:22][Info][WCC] Start cooking 'gameplay\gui_new\actionscript\red\game\witcher3\menus\journal\questitemrenderer.as' (isSeedFile: 1)
[2026.10.01 00:15:22][Error][WCC] Failed to load 'gameplay\gui_new\actionscript\red\game\witcher3\menus\journal\questitemrenderer.as' - is this a resource
[2026.10.01 00:15:22][Error][WCC] Failed to cook 'gameplay\gui_new\actionscript\red\game\witcher3\menus\journal\questitemrenderer.as' !
[2026.10.01 00:15:22][Info][WCC] Start cooking 'gameplay\gui_new\actionscript\red\game\witcher3\menus\journal\questjournalmenu.as' (isSeedFile: 1)
[2026.10.01 00:15:22][Error][WCC] Failed to load 'gameplay\gui_new\actionscript\red\game\witcher3\menus\journal\questjournalmenu.as' - is this a resource
[2026.10.01 00:15:22][Error][WCC] Failed to cook 'gameplay\gui_new\actionscript\red\game\witcher3\menus\journal\questjournalmenu.as' !
[2026.10.01 00:15:22][Info][WCC] Start cooking 'gameplay\gui_new\actionscript\red\game\witcher3\menus\journal\questlistmodule.as' (isSeedFile: 1)
[2026.10.01 00:15:22][Error][WCC] Failed to load 'gameplay\gui_new\actionscript\red\game\witcher3\menus\journal\questlistmodule.as' - is this a resource
[2026.10.01 00:15:22][Error][WCC] Failed to cook 'gameplay\gui_new\actionscript\red\game\witcher3\menus\journal\questlistmodule.as' !
[2026.10.01 00:15:22][Info][WCC] Start cooking 'gameplay\gui_new\actionscript\red\game\witcher3\menus\journal\questsublistmodule.as' (isSeedFile: 1)
[2026.10.01 00:15:22][Error][WCC] Failed to load 'gameplay\gui_new\actionscript\red\game\witcher3\menus\journal\questsublistmodule.as' - is this a resource
[2026.10.01 00:15:22][Error][WCC] Failed to cook 'gameplay\gui_new\actionscript\red\game\witcher3\menus\journal\questsublistmodule.as' !
[2026.10.01 00:15:22][Info][WCC] Start cooking 'gameplay\gui_new\actionscript\red\game\witcher3\menus\journal\treasurehuntingjournalmenu.as' (isSeedFile: 1)
[2026.10.01 00:15:22][Error][WCC] Failed to load 'gameplay\gui_new\actionscript\red\game\witcher3\menus\journal\treasurehuntingjournalmenu.as' - is this a resource
[2026.10.01 00:15:22][Error][WCC] Failed to cook 'gameplay\gui_new\actionscript\red\game\witcher3\menus\journal\treasurehuntingjournalmenu.as' !
[2026.10.01 00:15:22][Info][WCC] Start cooking 'gameplay\gui_new\actionscript\red\game\witcher3\menus\loading\loadingmenu.as' (isSeedFile: 1)
[2026.10.01 00:15:22][Error][WCC] Failed to load 'gameplay\gui_new\actionscript\red\game\witcher3\menus\loading\loadingmenu.as' - is this a resource
[2026.10.01 00:15:22][Error][WCC] Failed to cook 'gameplay\gui_new\actionscript\red\game\witcher3\menus\loading\loadingmenu.as' !
[2026.10.01 00:15:22][Info][WCC] Start cooking 'gameplay\gui_new\actionscript\red\game\witcher3\menus\mainmenu\accountbuttonpanel.as' (isSeedFile: 1)
[2026.10.01 00:15:22][Error][WCC] Failed to load 'gameplay\gui_new\actionscript\red\game\witcher3\menus\mainmenu\accountbuttonpanel.as' - is this a resource
[2026.10.01 00:15:22][Error][WCC] Failed to cook 'gameplay\gui_new\actionscript\red\game\witcher3\menus\mainmenu\accountbuttonpanel.as' !
[2026.10.01 00:15:22][Info][WCC] Start cooking 'gameplay\gui_new\actionscript\red\game\witcher3\menus\mainmenu\accounticon.as' (isSeedFile: 1)
[2026.10.01 00:15:22][Error][WCC] Failed to load 'gameplay\gui_new\actionscript\red\game\witcher3\menus\mainmenu\accounticon.as' - is this a resource
[2026.10.01 00:15:22][Error][WCC] Failed to cook 'gameplay\gui_new\actionscript\red\game\witcher3\menus\mainmenu\accounticon.as' !
[2026.10.01 00:15:22][Info][WCC] Start cooking 'gameplay\gui_new\actionscript\red\game\witcher3\menus\mainmenu\autosavewarningmenu.as' (isSeedFile: 1)
[2026.10.01 00:15:22][Error][WCC] Failed to load 'gameplay\gui_new\actionscript\red\game\witcher3\menus\mainmenu\autosavewarningmenu.as' - is this a resource
[2026.10.01 00:15:22][Error][WCC] Failed to cook 'gameplay\gui_new\actionscript\red\game\witcher3\menus\mainmenu\autosavewarningmenu.as' !
[2026.10.01 00:15:22][Info][WCC] Start cooking 'gameplay\gui_new\actionscript\red\game\witcher3\menus\mainmenu\commoningamemenu.as' (isSeedFile: 1)
[2026.10.01 00:15:22][Error][WCC] Failed to load 'gameplay\gui_new\actionscript\red\game\witcher3\menus\mainmenu\commoningamemenu.as' - is this a resource
[2026.10.01 00:15:22][Error][WCC] Failed to cook 'gameplay\gui_new\actionscript\red\game\witcher3\menus\mainmenu\commoningamemenu.as' !
[2026.10.01 00:15:22][Info][WCC] Start cooking 'gameplay\gui_new\actionscript\red\game\witcher3\menus\mainmenu\commonmainmenu.as' (isSeedFile: 1)
[2026.10.01 00:15:22][Error][WCC] Failed to load 'gameplay\gui_new\actionscript\red\game\witcher3\menus\mainmenu\commonmainmenu.as' - is this a resource
[2026.10.01 00:15:22][Error][WCC] Failed to cook 'gameplay\gui_new\actionscript\red\game\witcher3\menus\mainmenu\commonmainmenu.as' !
[2026.10.01 00:15:22][Info][WCC] Start cooking 'gameplay\gui_new\actionscript\red\game\witcher3\menus\mainmenu\commonmainmenuep1.as' (isSeedFile: 1)
[2026.10.01 00:15:22][Error][WCC] Failed to load 'gameplay\gui_new\actionscript\red\game\witcher3\menus\mainmenu\commonmainmenuep1.as' - is this a resource
[2026.10.01 00:15:22][Error][WCC] Failed to cook 'gameplay\gui_new\actionscript\red\game\witcher3\menus\mainmenu\commonmainmenuep1.as' !
[2026.10.01 00:15:22][Info][WCC] Start cooking 'gameplay\gui_new\actionscript\red\game\witcher3\menus\mainmenu\commonmainmenuep2.as' (isSeedFile: 1)
[2026.10.01 00:15:22][Error][WCC] Failed to load 'gameplay\gui_new\actionscript\red\game\witcher3\menus\mainmenu\commonmainmenuep2.as' - is this a resource
[2026.10.01 00:15:22][Error][WCC] Failed to cook 'gameplay\gui_new\actionscript\red\game\witcher3\menus\mainmenu\commonmainmenuep2.as' !
[2026.10.01 00:15:22][Info][WCC] Start cooking 'gameplay\gui_new\actionscript\red\game\witcher3\menus\mainmenu\creditsmenu.as' (isSeedFile: 1)
[2026.10.01 00:15:22][Error][WCC] Failed to load 'gameplay\gui_new\actionscript\red\game\witcher3\menus\mainmenu\creditsmenu.as' - is this a resource
[2026.10.01 00:15:22][Error][WCC] Failed to cook 'gameplay\gui_new\actionscript\red\game\witcher3\menus\mainmenu\creditsmenu.as' !
[2026.10.01 00:15:22][Info][WCC] Start cooking 'gameplay\gui_new\actionscript\red\game\witcher3\menus\mainmenu\gamepadmappingmodule.as' (isSeedFile: 1)
[2026.10.01 00:15:22][Error][WCC] Failed to load 'gameplay\gui_new\actionscript\red\game\witcher3\menus\mainmenu\gamepadmappingmodule.as' - is this a resource
[2026.10.01 00:15:22][Error][WCC] Failed to cook 'gameplay\gui_new\actionscript\red\game\witcher3\menus\mainmenu\gamepadmappingmodule.as' !
[2026.10.01 00:15:22][Info][WCC] Start cooking 'gameplay\gui_new\actionscript\red\game\witcher3\menus\mainmenu\gammasettingmodule.as' (isSeedFile: 1)
[2026.10.01 00:15:22][Error][WCC] Failed to load 'gameplay\gui_new\actionscript\red\game\witcher3\menus\mainmenu\gammasettingmodule.as' - is this a resource
[2026.10.01 00:15:22][Error][WCC] Failed to cook 'gameplay\gui_new\actionscript\red\game\witcher3\menus\mainmenu\gammasettingmodule.as' !
[2026.10.01 00:15:22][Info][WCC] Start cooking 'gameplay\gui_new\actionscript\red\game\witcher3\menus\mainmenu\hdrsettingmodule.as' (isSeedFile: 1)
[2026.10.01 00:15:22][Error][WCC] Failed to load 'gameplay\gui_new\actionscript\red\game\witcher3\menus\mainmenu\hdrsettingmodule.as' - is this a resource
[2026.10.01 00:15:22][Error][WCC] Failed to cook 'gameplay\gui_new\actionscript\red\game\witcher3\menus\mainmenu\hdrsettingmodule.as' !
[2026.10.01 00:15:22][Info][WCC] Start cooking 'gameplay\gui_new\actionscript\red\game\witcher3\menus\mainmenu\iconedaccountname.as' (isSeedFile: 1)
[2026.10.01 00:15:22][Error][WCC] Failed to load 'gameplay\gui_new\actionscript\red\game\witcher3\menus\mainmenu\iconedaccountname.as' - is this a resource
[2026.10.01 00:15:22][Error][WCC] Failed to cook 'gameplay\gui_new\actionscript\red\game\witcher3\menus\mainmenu\iconedaccountname.as' !
[2026.10.01 00:15:22][Info][WCC] Start cooking 'gameplay\gui_new\actionscript\red\game\witcher3\menus\mainmenu\ingamemenu.as' (isSeedFile: 1)
[2026.10.01 00:15:22][Error][WCC] Failed to load 'gameplay\gui_new\actionscript\red\game\witcher3\menus\mainmenu\ingamemenu.as' - is this a resource
[2026.10.01 00:15:22][Error][WCC] Failed to cook 'gameplay\gui_new\actionscript\red\game\witcher3\menus\mainmenu\ingamemenu.as' !
[2026.10.01 00:15:22][Info][WCC] Start cooking 'gameplay\gui_new\actionscript\red\game\witcher3\menus\mainmenu\ingamemenuentry.as' (isSeedFile: 1)
[2026.10.01 00:15:22][Error][WCC] Failed to load 'gameplay\gui_new\actionscript\red\game\witcher3\menus\mainmenu\ingamemenuentry.as' - is this a resource
[2026.10.01 00:15:22][Error][WCC] Failed to cook 'gameplay\gui_new\actionscript\red\game\witcher3\menus\mainmenu\ingamemenuentry.as' !
[2026.10.01 00:15:22][Info][WCC] Start cooking 'gameplay\gui_new\actionscript\red\game\witcher3\menus\mainmenu\installeddlcmitemrenderer.as' (isSeedFile: 1)
[2026.10.01 00:15:22][Error][WCC] Failed to load 'gameplay\gui_new\actionscript\red\game\witcher3\menus\mainmenu\installeddlcmitemrenderer.as' - is this a resource
[2026.10.01 00:15:22][Error][WCC] Failed to cook 'gameplay\gui_new\actionscript\red\game\witcher3\menus\mainmenu\installeddlcmitemrenderer.as' !
[2026.10.01 00:15:22][Info][WCC] Start cooking 'gameplay\gui_new\actionscript\red\game\witcher3\menus\mainmenu\installeddlcmodule.as' (isSeedFile: 1)
[2026.10.01 00:15:22][Error][WCC] Failed to load 'gameplay\gui_new\actionscript\red\game\witcher3\menus\mainmenu\installeddlcmodule.as' - is this a resource
[2026.10.01 00:15:22][Error][WCC] Failed to cook 'gameplay\gui_new\actionscript\red\game\witcher3\menus\mainmenu\installeddlcmodule.as' !
[2026.10.01 00:15:22][Info][WCC] Start cooking 'gameplay\gui_new\actionscript\red\game\witcher3\menus\mainmenu\keybinditemrenderer.as' (isSeedFile: 1)
[2026.10.01 00:15:22][Error][WCC] Failed to load 'gameplay\gui_new\actionscript\red\game\witcher3\menus\mainmenu\keybinditemrenderer.as' - is this a resource
[2026.10.01 00:15:22][Error][WCC] Failed to cook 'gameplay\gui_new\actionscript\red\game\witcher3\menus\mainmenu\keybinditemrenderer.as' !
[2026.10.01 00:15:22][Info][WCC] Start cooking 'gameplay\gui_new\actionscript\red\game\witcher3\menus\mainmenu\keybindsoptionmodule.as' (isSeedFile: 1)
[2026.10.01 00:15:22][Error][WCC] Failed to load 'gameplay\gui_new\actionscript\red\game\witcher3\menus\mainmenu\keybindsoptionmodule.as' - is this a resource
[2026.10.01 00:15:22][Error][WCC] Failed to cook 'gameplay\gui_new\actionscript\red\game\witcher3\menus\mainmenu\keybindsoptionmodule.as' !
[2026.10.01 00:15:22][Info][WCC] Start cooking 'gameplay\gui_new\actionscript\red\game\witcher3\menus\mainmenu\mainachievementssubmenu.as' (isSeedFile: 1)
[2026.10.01 00:15:22][Error][WCC] Failed to load 'gameplay\gui_new\actionscript\red\game\witcher3\menus\mainmenu\mainachievementssubmenu.as' - is this a resource
[2026.10.01 00:15:22][Error][WCC] Failed to cook 'gameplay\gui_new\actionscript\red\game\witcher3\menus\mainmenu\mainachievementssubmenu.as' !
[2026.10.01 00:15:22][Info][WCC] Start cooking 'gameplay\gui_new\actionscript\red\game\witcher3\menus\mainmenu\mainaudiooptionssubmenu.as' (isSeedFile: 1)
[2026.10.01 00:15:22][Error][WCC] Failed to load 'gameplay\gui_new\actionscript\red\game\witcher3\menus\mainmenu\mainaudiooptionssubmenu.as' - is this a resource
[2026.10.01 00:15:22][Error][WCC] Failed to cook 'gameplay\gui_new\actionscript\red\game\witcher3\menus\mainmenu\mainaudiooptionssubmenu.as' !
[2026.10.01 00:15:22][Info][WCC] Start cooking 'gameplay\gui_new\actionscript\red\game\witcher3\menus\mainmenu\maincontrolsoptionsmenu.as' (isSeedFile: 1)
[2026.10.01 00:15:22][Error][WCC] Failed to load 'gameplay\gui_new\actionscript\red\game\witcher3\menus\mainmenu\maincontrolsoptionsmenu.as' - is this a resource
[2026.10.01 00:15:22][Error][WCC] Failed to cook 'gameplay\gui_new\actionscript\red\game\witcher3\menus\mainmenu\maincontrolsoptionsmenu.as' !
[2026.10.01 00:15:22][Info][WCC] Start cooking 'gameplay\gui_new\actionscript\red\game\witcher3\menus\mainmenu\maindbgstartquestsubmenu.as' (isSeedFile: 1)
[2026.10.01 00:15:22][Error][WCC] Failed to load 'gameplay\gui_new\actionscript\red\game\witcher3\menus\mainmenu\maindbgstartquestsubmenu.as' - is this a resource
[2026.10.01 00:15:22][Error][WCC] Failed to cook 'gameplay\gui_new\actionscript\red\game\witcher3\menus\mainmenu\maindbgstartquestsubmenu.as' !
[2026.10.01 00:15:22][Info][WCC] Start cooking 'gameplay\gui_new\actionscript\red\game\witcher3\menus\mainmenu\mainextrasmenu.as' (isSeedFile: 1)
[2026.10.01 00:15:22][Error][WCC] Failed to load 'gameplay\gui_new\actionscript\red\game\witcher3\menus\mainmenu\mainextrasmenu.as' - is this a resource
[2026.10.01 00:15:22][Error][WCC] Failed to cook 'gameplay\gui_new\actionscript\red\game\witcher3\menus\mainmenu\mainextrasmenu.as' !
[2026.10.01 00:15:22][Info][WCC] Start cooking 'gameplay\gui_new\actionscript\red\game\witcher3\menus\mainmenu\maingameoptionssubmenu.as' (isSeedFile: 1)
[2026.10.01 00:15:22][Error][WCC] Failed to load 'gameplay\gui_new\actionscript\red\game\witcher3\menus\mainmenu\maingameoptionssubmenu.as' - is this a resource
[2026.10.01 00:15:22][Error][WCC] Failed to cook 'gameplay\gui_new\actionscript\red\game\witcher3\menus\mainmenu\maingameoptionssubmenu.as' !
[2026.10.01 00:15:22][Info][WCC] Start cooking 'gameplay\gui_new\actionscript\red\game\witcher3\menus\mainmenu\mainhudoptionssubmenu.as' (isSeedFile: 1)
[2026.10.01 00:15:22][Error][WCC] Failed to load 'gameplay\gui_new\actionscript\red\game\witcher3\menus\mainmenu\mainhudoptionssubmenu.as' - is this a resource
[2026.10.01 00:15:22][Error][WCC] Failed to cook 'gameplay\gui_new\actionscript\red\game\witcher3\menus\mainmenu\mainhudoptionssubmenu.as' !
[2026.10.01 00:15:22][Info][WCC] Start cooking 'gameplay\gui_new\actionscript\red\game\witcher3\menus\mainmenu\mainimportmenu.as' (isSeedFile: 1)
[2026.10.01 00:15:22][Error][WCC] Failed to load 'gameplay\gui_new\actionscript\red\game\witcher3\menus\mainmenu\mainimportmenu.as' - is this a resource
[2026.10.01 00:15:22][Error][WCC] Failed to cook 'gameplay\gui_new\actionscript\red\game\witcher3\menus\mainmenu\mainimportmenu.as' !
[2026.10.01 00:15:22][Info][WCC] Start cooking 'gameplay\gui_new\actionscript\red\game\witcher3\menus\mainmenu\mainimportsavedgamemenu.as' (isSeedFile: 1)
[2026.10.01 00:15:22][Error][WCC] Failed to load 'gameplay\gui_new\actionscript\red\game\witcher3\menus\mainmenu\mainimportsavedgamemenu.as' - is this a resource
[2026.10.01 00:15:22][Error][WCC] Failed to cook 'gameplay\gui_new\actionscript\red\game\witcher3\menus\mainmenu\mainimportsavedgamemenu.as' !
[2026.10.01 00:15:22][Info][WCC] Start cooking 'gameplay\gui_new\actionscript\red\game\witcher3\menus\mainmenu\mainloadsubmenu.as' (isSeedFile: 1)
[2026.10.01 00:15:22][Error][WCC] Failed to load 'gameplay\gui_new\actionscript\red\game\witcher3\menus\mainmenu\mainloadsubmenu.as' - is this a resource
[2026.10.01 00:15:22][Error][WCC] Failed to cook 'gameplay\gui_new\actionscript\red\game\witcher3\menus\mainmenu\mainloadsubmenu.as' !
[2026.10.01 00:15:22][Info][WCC] Start cooking 'gameplay\gui_new\actionscript\red\game\witcher3\menus\mainmenu\mainmenu.as' (isSeedFile: 1)
[2026.10.01 00:15:22][Error][WCC] Failed to load 'gameplay\gui_new\actionscript\red\game\witcher3\menus\mainmenu\mainmenu.as' - is this a resource
[2026.10.01 00:15:22][Error][WCC] Failed to cook 'gameplay\gui_new\actionscript\red\game\witcher3\menus\mainmenu\mainmenu.as' !
[2026.10.01 00:15:22][Info][WCC] Start cooking 'gameplay\gui_new\actionscript\red\game\witcher3\menus\mainmenu\mainmenugamma.as' (isSeedFile: 1)
[2026.10.01 00:15:22][Error][WCC] Failed to load 'gameplay\gui_new\actionscript\red\game\witcher3\menus\mainmenu\mainmenugamma.as' - is this a resource
[2026.10.01 00:15:22][Error][WCC] Failed to cook 'gameplay\gui_new\actionscript\red\game\witcher3\menus\mainmenu\mainmenugamma.as' !
[2026.10.01 00:15:22][Info][WCC] Start cooking 'gameplay\gui_new\actionscript\red\game\witcher3\menus\mainmenu\mainmenuusernamepanel.as' (isSeedFile: 1)
[2026.10.01 00:15:22][Error][WCC] Failed to load 'gameplay\gui_new\actionscript\red\game\witcher3\menus\mainmenu\mainmenuusernamepanel.as' - is this a resource
[2026.10.01 00:15:22][Error][WCC] Failed to cook 'gameplay\gui_new\actionscript\red\game\witcher3\menus\mainmenu\mainmenuusernamepanel.as' !
[2026.10.01 00:15:22][Info][WCC] Start cooking 'gameplay\gui_new\actionscript\red\game\witcher3\menus\mainmenu\mainmouseoptionssubmenu.as' (isSeedFile: 1)
[2026.10.01 00:15:22][Error][WCC] Failed to load 'gameplay\gui_new\actionscript\red\game\witcher3\menus\mainmenu\mainmouseoptionssubmenu.as' - is this a resource
[2026.10.01 00:15:22][Error][WCC] Failed to cook 'gameplay\gui_new\actionscript\red\game\witcher3\menus\mainmenu\mainmouseoptionssubmenu.as' !
[2026.10.01 00:15:22][Info][WCC] Start cooking 'gameplay\gui_new\actionscript\red\game\witcher3\menus\mainmenu\mainnewgamemenu.as' (isSeedFile: 1)
[2026.10.01 00:15:22][Error][WCC] Failed to load 'gameplay\gui_new\actionscript\red\game\witcher3\menus\mainmenu\mainnewgamemenu.as' - is this a resource
[2026.10.01 00:15:22][Error][WCC] Failed to cook 'gameplay\gui_new\actionscript\red\game\witcher3\menus\mainmenu\mainnewgamemenu.as' !
[2026.10.01 00:15:22][Info][WCC] Start cooking 'gameplay\gui_new\actionscript\red\game\witcher3\menus\mainmenu\mainoptionsmenu.as' (isSeedFile: 1)
[2026.10.01 00:15:22][Error][WCC] Failed to load 'gameplay\gui_new\actionscript\red\game\witcher3\menus\mainmenu\mainoptionsmenu.as' - is this a resource
[2026.10.01 00:15:22][Error][WCC] Failed to cook 'gameplay\gui_new\actionscript\red\game\witcher3\menus\mainmenu\mainoptionsmenu.as' !
[2026.10.01 00:15:22][Info][WCC] Start cooking 'gameplay\gui_new\actionscript\red\game\witcher3\menus\mainmenu\mainpadoptionssubmenu.as' (isSeedFile: 1)
[2026.10.01 00:15:22][Error][WCC] Failed to load 'gameplay\gui_new\actionscript\red\game\witcher3\menus\mainmenu\mainpadoptionssubmenu.as' - is this a resource
[2026.10.01 00:15:22][Error][WCC] Failed to cook 'gameplay\gui_new\actionscript\red\game\witcher3\menus\mainmenu\mainpadoptionssubmenu.as' !
[2026.10.01 00:15:22][Info][WCC] Start cooking 'gameplay\gui_new\actionscript\red\game\witcher3\menus\mainmenu\mainsubmenu.as' (isSeedFile: 1)
[2026.10.01 00:15:22][Error][WCC] Failed to load 'gameplay\gui_new\actionscript\red\game\witcher3\menus\mainmenu\mainsubmenu.as' - is this a resource
[2026.10.01 00:15:22][Error][WCC] Failed to cook 'gameplay\gui_new\actionscript\red\game\witcher3\menus\mainmenu\mainsubmenu.as' !
[2026.10.01 00:15:22][Info][WCC] Start cooking 'gameplay\gui_new\actionscript\red\game\witcher3\menus\mainmenu\mainvideooptionssubmenu.as' (isSeedFile: 1)
[2026.10.01 00:15:22][Error][WCC] Failed to load 'gameplay\gui_new\actionscript\red\game\witcher3\menus\mainmenu\mainvideooptionssubmenu.as' - is this a resource
[2026.10.01 00:15:22][Error][WCC] Failed to cook 'gameplay\gui_new\actionscript\red\game\witcher3\menus\mainmenu\mainvideooptionssubmenu.as' !
[2026.10.01 00:15:22][Info][WCC] Start cooking 'gameplay\gui_new\actionscript\red\game\witcher3\menus\mainmenu\mainvisualsoptionsmenu.as' (isSeedFile: 1)
[2026.10.01 00:15:22][Error][WCC] Failed to load 'gameplay\gui_new\actionscript\red\game\witcher3\menus\mainmenu\mainvisualsoptionsmenu.as' - is this a resource
[2026.10.01 00:15:22][Error][WCC] Failed to cook 'gameplay\gui_new\actionscript\red\game\witcher3\menus\mainmenu\mainvisualsoptionsmenu.as' !
[2026.10.01 00:15:22][Info][WCC] Start cooking 'gameplay\gui_new\actionscript\red\game\witcher3\menus\mainmenu\myrewardslistitem.as' (isSeedFile: 1)
[2026.10.01 00:15:22][Error][WCC] Failed to load 'gameplay\gui_new\actionscript\red\game\witcher3\menus\mainmenu\myrewardslistitem.as' - is this a resource
[2026.10.01 00:15:22][Error][WCC] Failed to cook 'gameplay\gui_new\actionscript\red\game\witcher3\menus\mainmenu\myrewardslistitem.as' !
[2026.10.01 00:15:22][Info][WCC] Start cooking 'gameplay\gui_new\actionscript\red\game\witcher3\menus\mainmenu\myrewardspanel.as' (isSeedFile: 1)
[2026.10.01 00:15:22][Error][WCC] Failed to load 'gameplay\gui_new\actionscript\red\game\witcher3\menus\mainmenu\myrewardspanel.as' - is this a resource
[2026.10.01 00:15:22][Error][WCC] Failed to cook 'gameplay\gui_new\actionscript\red\game\witcher3\menus\mainmenu\myrewardspanel.as' !
[2026.10.01 00:15:22][Info][WCC] Start cooking 'gameplay\gui_new\actionscript\red\game\witcher3\menus\mainmenu\myrewardsusernamepanel.as' (isSeedFile: 1)
[2026.10.01 00:15:22][Error][WCC] Failed to load 'gameplay\gui_new\actionscript\red\game\witcher3\menus\mainmenu\myrewardsusernamepanel.as' - is this a resource
[2026.10.01 00:15:22][Error][WCC] Failed to cook 'gameplay\gui_new\actionscript\red\game\witcher3\menus\mainmenu\myrewardsusernamepanel.as' !
[2026.10.01 00:15:22][Info][WCC] Start cooking 'gameplay\gui_new\actionscript\red\game\witcher3\menus\mainmenu\optionlistmodule.as' (isSeedFile: 1)
[2026.10.01 00:15:22][Error][WCC] Failed to load 'gameplay\gui_new\actionscript\red\game\witcher3\menus\mainmenu\optionlistmodule.as' - is this a resource
[2026.10.01 00:15:22][Error][WCC] Failed to cook 'gameplay\gui_new\actionscript\red\game\witcher3\menus\mainmenu\optionlistmodule.as' !
[2026.10.01 00:15:22][Info][WCC] Start cooking 'gameplay\gui_new\actionscript\red\game\witcher3\menus\mainmenu\patchnotesinfoblock.as' (isSeedFile: 1)
[2026.10.01 00:15:22][Error][WCC] Failed to load 'gameplay\gui_new\actionscript\red\game\witcher3\menus\mainmenu\patchnotesinfoblock.as' - is this a resource
[2026.10.01 00:15:22][Error][WCC] Failed to cook 'gameplay\gui_new\actionscript\red\game\witcher3\menus\mainmenu\patchnotesinfoblock.as' !
[2026.10.01 00:15:22][Info][WCC] Start cooking 'gameplay\gui_new\actionscript\red\game\witcher3\menus\mainmenu\patchnotespopup.as' (isSeedFile: 1)
[2026.10.01 00:15:22][Error][WCC] Failed to load 'gameplay\gui_new\actionscript\red\game\witcher3\menus\mainmenu\patchnotespopup.as' - is this a resource
[2026.10.01 00:15:22][Error][WCC] Failed to cook 'gameplay\gui_new\actionscript\red\game\witcher3\menus\mainmenu\patchnotespopup.as' !
[2026.10.01 00:15:22][Info][WCC] Start cooking 'gameplay\gui_new\actionscript\red\game\witcher3\menus\mainmenu\recapmoviesmenu.as' (isSeedFile: 1)
[2026.10.01 00:15:22][Error][WCC] Failed to load 'gameplay\gui_new\actionscript\red\game\witcher3\menus\mainmenu\recapmoviesmenu.as' - is this a resource
[2026.10.01 00:15:22][Error][WCC] Failed to cook 'gameplay\gui_new\actionscript\red\game\witcher3\menus\mainmenu\recapmoviesmenu.as' !
[2026.10.01 00:15:22][Info][WCC] Start cooking 'gameplay\gui_new\actionscript\red\game\witcher3\menus\mainmenu\saveslotitemrenderer.as' (isSeedFile: 1)
[2026.10.01 00:15:22][Error][WCC] Failed to load 'gameplay\gui_new\actionscript\red\game\witcher3\menus\mainmenu\saveslotitemrenderer.as' - is this a resource
[2026.10.01 00:15:22][Error][WCC] Failed to cook 'gameplay\gui_new\actionscript\red\game\witcher3\menus\mainmenu\saveslotitemrenderer.as' !
[2026.10.01 00:15:22][Info][WCC] Start cooking 'gameplay\gui_new\actionscript\red\game\witcher3\menus\mainmenu\saveslotlistmodule.as' (isSeedFile: 1)
[2026.10.01 00:15:22][Error][WCC] Failed to load 'gameplay\gui_new\actionscript\red\game\witcher3\menus\mainmenu\saveslotlistmodule.as' - is this a resource
[2026.10.01 00:15:22][Error][WCC] Failed to cook 'gameplay\gui_new\actionscript\red\game\witcher3\menus\mainmenu\saveslotlistmodule.as' !
[2026.10.01 00:15:22][Info][WCC] Start cooking 'gameplay\gui_new\actionscript\red\game\witcher3\menus\mainmenu\startupmoviesmenu.as' (isSeedFile: 1)
[2026.10.01 00:15:22][Error][WCC] Failed to load 'gameplay\gui_new\actionscript\red\game\witcher3\menus\mainmenu\startupmoviesmenu.as' - is this a resource
[2026.10.01 00:15:22][Error][WCC] Failed to cook 'gameplay\gui_new\actionscript\red\game\witcher3\menus\mainmenu\startupmoviesmenu.as' !
[2026.10.01 00:15:22][Info][WCC] Start cooking 'gameplay\gui_new\actionscript\red\game\witcher3\menus\mainmenu\staticoptionmodule.as' (isSeedFile: 1)
[2026.10.01 00:15:22][Error][WCC] Failed to load 'gameplay\gui_new\actionscript\red\game\witcher3\menus\mainmenu\staticoptionmodule.as' - is this a resource
[2026.10.01 00:15:22][Error][WCC] Failed to cook 'gameplay\gui_new\actionscript\red\game\witcher3\menus\mainmenu\staticoptionmodule.as' !
[2026.10.01 00:15:22][Info][WCC] Start cooking 'gameplay\gui_new\actionscript\red\game\witcher3\menus\mainmenu\switchfeaturespopup.as' (isSeedFile: 1)
[2026.10.01 00:15:22][Error][WCC] Failed to load 'gameplay\gui_new\actionscript\red\game\witcher3\menus\mainmenu\switchfeaturespopup.as' - is this a resource
[2026.10.01 00:15:22][Error][WCC] Failed to cook 'gameplay\gui_new\actionscript\red\game\witcher3\menus\mainmenu\switchfeaturespopup.as' !
[2026.10.01 00:15:22][Info][WCC] Start cooking 'gameplay\gui_new\actionscript\red\game\witcher3\menus\mainmenu\telemetrydatarequestpopup.as' (isSeedFile: 1)
[2026.10.01 00:15:22][Error][WCC] Failed to load 'gameplay\gui_new\actionscript\red\game\witcher3\menus\mainmenu\telemetrydatarequestpopup.as' - is this a resource
[2026.10.01 00:15:22][Error][WCC] Failed to cook 'gameplay\gui_new\actionscript\red\game\witcher3\menus\mainmenu\telemetrydatarequestpopup.as' !
[2026.10.01 00:15:22][Info][WCC] Start cooking 'gameplay\gui_new\actionscript\red\game\witcher3\menus\mainmenu\tooltipmodded.as' (isSeedFile: 1)
[2026.10.01 00:15:22][Error][WCC] Failed to load 'gameplay\gui_new\actionscript\red\game\witcher3\menus\mainmenu\tooltipmodded.as' - is this a resource
[2026.10.01 00:15:22][Error][WCC] Failed to cook 'gameplay\gui_new\actionscript\red\game\witcher3\menus\mainmenu\tooltipmodded.as' !
[2026.10.01 00:15:22][Info][WCC] Start cooking 'gameplay\gui_new\actionscript\red\game\witcher3\menus\mainmenu\uirescalemodule.as' (isSeedFile: 1)
[2026.10.01 00:15:22][Error][WCC] Failed to load 'gameplay\gui_new\actionscript\red\game\witcher3\menus\mainmenu\uirescalemodule.as' - is this a resource
[2026.10.01 00:15:22][Error][WCC] Failed to cook 'gameplay\gui_new\actionscript\red\game\witcher3\menus\mainmenu\uirescalemodule.as' !
[2026.10.01 00:15:22][Info][WCC] Start cooking 'gameplay\gui_new\actionscript\red\game\witcher3\menus\mainmenu\w3achievementlistitemrenderer.as' (isSeedFile: 1)
[2026.10.01 00:15:22][Error][WCC] Failed to load 'gameplay\gui_new\actionscript\red\game\witcher3\menus\mainmenu\w3achievementlistitemrenderer.as' - is this a resource
[2026.10.01 00:15:22][Error][WCC] Failed to cook 'gameplay\gui_new\actionscript\red\game\witcher3\menus\mainmenu\w3achievementlistitemrenderer.as' !
[2026.10.01 00:15:22][Info][WCC] Start cooking 'gameplay\gui_new\actionscript\red\game\witcher3\menus\mainmenu\w3menulistitemrenderer.as' (isSeedFile: 1)
[2026.10.01 00:15:22][Error][WCC] Failed to load 'gameplay\gui_new\actionscript\red\game\witcher3\menus\mainmenu\w3menulistitemrenderer.as' - is this a resource
[2026.10.01 00:15:22][Error][WCC] Failed to cook 'gameplay\gui_new\actionscript\red\game\witcher3\menus\mainmenu\w3menulistitemrenderer.as' !
[2026.10.01 00:15:22][Info][WCC] Start cooking 'gameplay\gui_new\actionscript\red\game\witcher3\menus\meditation\clock.as' (isSeedFile: 1)
[2026.10.01 00:15:22][Error][WCC] Failed to load 'gameplay\gui_new\actionscript\red\game\witcher3\menus\meditation\clock.as' - is this a resource
[2026.10.01 00:15:22][Error][WCC] Failed to cook 'gameplay\gui_new\actionscript\red\game\witcher3\menus\meditation\clock.as' !
[2026.10.01 00:15:22][Info][WCC] Start cooking 'gameplay\gui_new\actionscript\red\game\witcher3\menus\meditation\meditationbonusitemrenderer.as' (isSeedFile: 1)
[2026.10.01 00:15:22][Error][WCC] Failed to load 'gameplay\gui_new\actionscript\red\game\witcher3\menus\meditation\meditationbonusitemrenderer.as' - is this a resource
[2026.10.01 00:15:22][Error][WCC] Failed to cook 'gameplay\gui_new\actionscript\red\game\witcher3\menus\meditation\meditationbonusitemrenderer.as' !
[2026.10.01 00:15:22][Info][WCC] Start cooking 'gameplay\gui_new\actionscript\red\game\witcher3\menus\meditation\meditationbonuspanel.as' (isSeedFile: 1)
[2026.10.01 00:15:22][Error][WCC] Failed to load 'gameplay\gui_new\actionscript\red\game\witcher3\menus\meditation\meditationbonuspanel.as' - is this a resource
[2026.10.01 00:15:22][Error][WCC] Failed to cook 'gameplay\gui_new\actionscript\red\game\witcher3\menus\meditation\meditationbonuspanel.as' !
[2026.10.01 00:15:22][Info][WCC] Start cooking 'gameplay\gui_new\actionscript\red\game\witcher3\menus\meditation\meditationclockmenu.as' (isSeedFile: 1)
[2026.10.01 00:15:22][Error][WCC] Failed to load 'gameplay\gui_new\actionscript\red\game\witcher3\menus\meditation\meditationclockmenu.as' - is this a resource
[2026.10.01 00:15:22][Error][WCC] Failed to cook 'gameplay\gui_new\actionscript\red\game\witcher3\menus\meditation\meditationclockmenu.as' !
[2026.10.01 00:15:22][Info][WCC] Start cooking 'gameplay\gui_new\actionscript\red\game\witcher3\menus\meditation\meditationlistitem.as' (isSeedFile: 1)
[2026.10.01 00:15:22][Error][WCC] Failed to load 'gameplay\gui_new\actionscript\red\game\witcher3\menus\meditation\meditationlistitem.as' - is this a resource
[2026.10.01 00:15:22][Error][WCC] Failed to cook 'gameplay\gui_new\actionscript\red\game\witcher3\menus\meditation\meditationlistitem.as' !
[2026.10.01 00:15:22][Info][WCC] Start cooking 'gameplay\gui_new\actionscript\red\game\witcher3\menus\meditation\meditationmainmodule.as' (isSeedFile: 1)
[2026.10.01 00:15:22][Error][WCC] Failed to load 'gameplay\gui_new\actionscript\red\game\witcher3\menus\meditation\meditationmainmodule.as' - is this a resource
[2026.10.01 00:15:22][Error][WCC] Failed to cook 'gameplay\gui_new\actionscript\red\game\witcher3\menus\meditation\meditationmainmodule.as' !
[2026.10.01 00:15:22][Info][WCC] Start cooking 'gameplay\gui_new\actionscript\red\game\witcher3\menus\meditation\meditationmenu.as' (isSeedFile: 1)
[2026.10.01 00:15:22][Error][WCC] Failed to load 'gameplay\gui_new\actionscript\red\game\witcher3\menus\meditation\meditationmenu.as' - is this a resource
[2026.10.01 00:15:22][Error][WCC] Failed to cook 'gameplay\gui_new\actionscript\red\game\witcher3\menus\meditation\meditationmenu.as' !
[2026.10.01 00:15:22][Info][WCC] Start cooking 'gameplay\gui_new\actionscript\red\game\witcher3\menus\meditation\w3meditationscrollinglist.as' (isSeedFile: 1)
[2026.10.01 00:15:22][Error][WCC] Failed to load 'gameplay\gui_new\actionscript\red\game\witcher3\menus\meditation\w3meditationscrollinglist.as' - is this a resource
[2026.10.01 00:15:22][Error][WCC] Failed to cook 'gameplay\gui_new\actionscript\red\game\witcher3\menus\meditation\w3meditationscrollinglist.as' !
[2026.10.01 00:15:22][Info][WCC] Start cooking 'gameplay\gui_new\actionscript\red\game\witcher3\menus\meditation_menu\clockindicator.as' (isSeedFile: 1)
[2026.10.01 00:15:22][Error][WCC] Failed to load 'gameplay\gui_new\actionscript\red\game\witcher3\menus\meditation_menu\clockindicator.as' - is this a resource
[2026.10.01 00:15:22][Error][WCC] Failed to cook 'gameplay\gui_new\actionscript\red\game\witcher3\menus\meditation_menu\clockindicator.as' !
[2026.10.01 00:15:22][Info][WCC] Start cooking 'gameplay\gui_new\actionscript\red\game\witcher3\menus\meditation_menu\dayquarterindicator.as' (isSeedFile: 1)
[2026.10.01 00:15:22][Error][WCC] Failed to load 'gameplay\gui_new\actionscript\red\game\witcher3\menus\meditation_menu\dayquarterindicator.as' - is this a resource
[2026.10.01 00:15:22][Error][WCC] Failed to cook 'gameplay\gui_new\actionscript\red\game\witcher3\menus\meditation_menu\dayquarterindicator.as' !
[2026.10.01 00:15:22][Info][WCC] Start cooking 'gameplay\gui_new\actionscript\red\game\witcher3\menus\meditation_menu\meditationclock.as' (isSeedFile: 1)
[2026.10.01 00:15:22][Error][WCC] Failed to load 'gameplay\gui_new\actionscript\red\game\witcher3\menus\meditation_menu\meditationclock.as' - is this a resource
[2026.10.01 00:15:22][Error][WCC] Failed to cook 'gameplay\gui_new\actionscript\red\game\witcher3\menus\meditation_menu\meditationclock.as' !
[2026.10.01 00:15:22][Info][WCC] Start cooking 'gameplay\gui_new\actionscript\red\game\witcher3\menus\meditation_menu\menumeditationclock.as' (isSeedFile: 1)
[2026.10.01 00:15:22][Error][WCC] Failed to load 'gameplay\gui_new\actionscript\red\game\witcher3\menus\meditation_menu\menumeditationclock.as' - is this a resource
[2026.10.01 00:15:22][Error][WCC] Failed to cook 'gameplay\gui_new\actionscript\red\game\witcher3\menus\meditation_menu\menumeditationclock.as' !
[2026.10.01 00:15:22][Info][WCC] Start cooking 'gameplay\gui_new\actionscript\red\game\witcher3\menus\modmenu\boxedtext.as' (isSeedFile: 1)
[2026.10.01 00:15:22][Error][WCC] Failed to load 'gameplay\gui_new\actionscript\red\game\witcher3\menus\modmenu\boxedtext.as' - is this a resource
[2026.10.01 00:15:22][Error][WCC] Failed to cook 'gameplay\gui_new\actionscript\red\game\witcher3\menus\modmenu\boxedtext.as' !
[2026.10.01 00:15:22][Info][WCC] Start cooking 'gameplay\gui_new\actionscript\red\game\witcher3\menus\modmenu\librarymoddetails.as' (isSeedFile: 1)
[2026.10.01 00:15:22][Error][WCC] Failed to load 'gameplay\gui_new\actionscript\red\game\witcher3\menus\modmenu\librarymoddetails.as' - is this a resource
[2026.10.01 00:15:22][Error][WCC] Failed to cook 'gameplay\gui_new\actionscript\red\game\witcher3\menus\modmenu\librarymoddetails.as' !
[2026.10.01 00:15:22][Info][WCC] Start cooking 'gameplay\gui_new\actionscript\red\game\witcher3\menus\modmenu\librarymodpreview.as' (isSeedFile: 1)
[2026.10.01 00:15:22][Error][WCC] Failed to load 'gameplay\gui_new\actionscript\red\game\witcher3\menus\modmenu\librarymodpreview.as' - is this a resource
[2026.10.01 00:15:22][Error][WCC] Failed to cook 'gameplay\gui_new\actionscript\red\game\witcher3\menus\modmenu\librarymodpreview.as' !
[2026.10.01 00:15:22][Info][WCC] Start cooking 'gameplay\gui_new\actionscript\red\game\witcher3\menus\modmenu\moddependencymodule.as' (isSeedFile: 1)
[2026.10.01 00:15:22][Error][WCC] Failed to load 'gameplay\gui_new\actionscript\red\game\witcher3\menus\modmenu\moddependencymodule.as' - is this a resource
[2026.10.01 00:15:22][Error][WCC] Failed to cook 'gameplay\gui_new\actionscript\red\game\witcher3\menus\modmenu\moddependencymodule.as' !
[2026.10.01 00:15:22][Info][WCC] Start cooking 'gameplay\gui_new\actionscript\red\game\witcher3\menus\modmenu\moddetailswindow.as' (isSeedFile: 1)
[2026.10.01 00:15:22][Error][WCC] Failed to load 'gameplay\gui_new\actionscript\red\game\witcher3\menus\modmenu\moddetailswindow.as' - is this a resource
[2026.10.01 00:15:22][Error][WCC] Failed to cook 'gameplay\gui_new\actionscript\red\game\witcher3\menus\modmenu\moddetailswindow.as' !
[2026.10.01 00:15:22][Info][WCC] Start cooking 'gameplay\gui_new\actionscript\red\game\witcher3\menus\modmenu\modfilteritemrenderer.as' (isSeedFile: 1)
[2026.10.01 00:15:22][Error][WCC] Failed to load 'gameplay\gui_new\actionscript\red\game\witcher3\menus\modmenu\modfilteritemrenderer.as' - is this a resource
[2026.10.01 00:15:22][Error][WCC] Failed to cook 'gameplay\gui_new\actionscript\red\game\witcher3\menus\modmenu\modfilteritemrenderer.as' !
[2026.10.01 00:15:22][Info][WCC] Start cooking 'gameplay\gui_new\actionscript\red\game\witcher3\menus\modmenu\modimagedata.as' (isSeedFile: 1)
[2026.10.01 00:15:22][Error][WCC] Failed to load 'gameplay\gui_new\actionscript\red\game\witcher3\menus\modmenu\modimagedata.as' - is this a resource
[2026.10.01 00:15:22][Error][WCC] Failed to cook 'gameplay\gui_new\actionscript\red\game\witcher3\menus\modmenu\modimagedata.as' !
[2026.10.01 00:15:22][Info][WCC] Start cooking 'gameplay\gui_new\actionscript\red\game\witcher3\menus\modmenu\modimagegallery.as' (isSeedFile: 1)
[2026.10.01 00:15:22][Error][WCC] Failed to load 'gameplay\gui_new\actionscript\red\game\witcher3\menus\modmenu\modimagegallery.as' - is this a resource
[2026.10.01 00:15:22][Error][WCC] Failed to cook 'gameplay\gui_new\actionscript\red\game\witcher3\menus\modmenu\modimagegallery.as' !
[2026.10.01 00:15:22][Info][WCC] Start cooking 'gameplay\gui_new\actionscript\red\game\witcher3\menus\modmenu\modimageloadhandler.as' (isSeedFile: 1)
[2026.10.01 00:15:22][Error][WCC] Failed to load 'gameplay\gui_new\actionscript\red\game\witcher3\menus\modmenu\modimageloadhandler.as' - is this a resource
[2026.10.01 00:15:22][Error][WCC] Failed to cook 'gameplay\gui_new\actionscript\red\game\witcher3\menus\modmenu\modimageloadhandler.as' !
[2026.10.01 00:15:22][Info][WCC] Start cooking 'gameplay\gui_new\actionscript\red\game\witcher3\menus\modmenu\modmenu.as' (isSeedFile: 1)
[2026.10.01 00:15:22][Error][WCC] Failed to load 'gameplay\gui_new\actionscript\red\game\witcher3\menus\modmenu\modmenu.as' - is this a resource
[2026.10.01 00:15:22][Error][WCC] Failed to cook 'gameplay\gui_new\actionscript\red\game\witcher3\menus\modmenu\modmenu.as' !
[2026.10.01 00:15:22][Info][WCC] Start cooking 'gameplay\gui_new\actionscript\red\game\witcher3\menus\modmenu\modmenubrowsepage.as' (isSeedFile: 1)
[2026.10.01 00:15:22][Error][WCC] Failed to load 'gameplay\gui_new\actionscript\red\game\witcher3\menus\modmenu\modmenubrowsepage.as' - is this a resource
[2026.10.01 00:15:22][Error][WCC] Failed to cook 'gameplay\gui_new\actionscript\red\game\witcher3\menus\modmenu\modmenubrowsepage.as' !
[2026.10.01 00:15:22][Info][WCC] Start cooking 'gameplay\gui_new\actionscript\red\game\witcher3\menus\modmenu\modmenuinstalledpage.as' (isSeedFile: 1)
[2026.10.01 00:15:22][Error][WCC] Failed to load 'gameplay\gui_new\actionscript\red\game\witcher3\menus\modmenu\modmenuinstalledpage.as' - is this a resource
[2026.10.01 00:15:22][Error][WCC] Failed to cook 'gameplay\gui_new\actionscript\red\game\witcher3\menus\modmenu\modmenuinstalledpage.as' !
[2026.10.01 00:15:22][Info][WCC] Start cooking 'gameplay\gui_new\actionscript\red\game\witcher3\menus\modmenu\modmenustorageindicator.as' (isSeedFile: 1)
[2026.10.01 00:15:22][Error][WCC] Failed to load 'gameplay\gui_new\actionscript\red\game\witcher3\menus\modmenu\modmenustorageindicator.as' - is this a resource
[2026.10.01 00:15:22][Error][WCC] Failed to cook 'gameplay\gui_new\actionscript\red\game\witcher3\menus\modmenu\modmenustorageindicator.as' !
[2026.10.01 00:15:22][Info][WCC] Start cooking 'gameplay\gui_new\actionscript\red\game\witcher3\menus\modmenu\modmenutagscrolllist.as' (isSeedFile: 1)
[2026.10.01 00:15:22][Error][WCC] Failed to load 'gameplay\gui_new\actionscript\red\game\witcher3\menus\modmenu\modmenutagscrolllist.as' - is this a resource
[2026.10.01 00:15:22][Error][WCC] Failed to cook 'gameplay\gui_new\actionscript\red\game\witcher3\menus\modmenu\modmenutagscrolllist.as' !
[2026.10.01 00:15:22][Info][WCC] Start cooking 'gameplay\gui_new\actionscript\red\game\witcher3\menus\modmenu\modmenutextareamodule.as' (isSeedFile: 1)
[2026.10.01 00:15:22][Error][WCC] Failed to load 'gameplay\gui_new\actionscript\red\game\witcher3\menus\modmenu\modmenutextareamodule.as' - is this a resource
[2026.10.01 00:15:22][Error][WCC] Failed to cook 'gameplay\gui_new\actionscript\red\game\witcher3\menus\modmenu\modmenutextareamodule.as' !
[2026.10.01 00:15:22][Info][WCC] Start cooking 'gameplay\gui_new\actionscript\red\game\witcher3\menus\modmenu\modpaginatorcontroller.as' (isSeedFile: 1)
[2026.10.01 00:15:22][Error][WCC] Failed to load 'gameplay\gui_new\actionscript\red\game\witcher3\menus\modmenu\modpaginatorcontroller.as' - is this a resource
[2026.10.01 00:15:22][Error][WCC] Failed to cook 'gameplay\gui_new\actionscript\red\game\witcher3\menus\modmenu\modpaginatorcontroller.as' !
[2026.10.01 00:15:22][Info][WCC] Start cooking 'gameplay\gui_new\actionscript\red\game\witcher3\menus\modmenu\modpreview.as' (isSeedFile: 1)
[2026.10.01 00:15:22][Error][WCC] Failed to load 'gameplay\gui_new\actionscript\red\game\witcher3\menus\modmenu\modpreview.as' - is this a resource
[2026.10.01 00:15:22][Error][WCC] Failed to cook 'gameplay\gui_new\actionscript\red\game\witcher3\menus\modmenu\modpreview.as' !
[2026.10.01 00:15:22][Info][WCC] Start cooking 'gameplay\gui_new\actionscript\red\game\witcher3\menus\modmenu\modpreviewline.as' (isSeedFile: 1)
[2026.10.01 00:15:22][Error][WCC] Failed to load 'gameplay\gui_new\actionscript\red\game\witcher3\menus\modmenu\modpreviewline.as' - is this a resource
[2026.10.01 00:15:22][Error][WCC] Failed to cook 'gameplay\gui_new\actionscript\red\game\witcher3\menus\modmenu\modpreviewline.as' !
[2026.10.01 00:15:22][Info][WCC] Start cooking 'gameplay\gui_new\actionscript\red\game\witcher3\menus\modmenu\modquickbuttonbar.as' (isSeedFile: 1)
[2026.10.01 00:15:22][Error][WCC] Failed to load 'gameplay\gui_new\actionscript\red\game\witcher3\menus\modmenu\modquickbuttonbar.as' - is this a resource
[2026.10.01 00:15:22][Error][WCC] Failed to cook 'gameplay\gui_new\actionscript\red\game\witcher3\menus\modmenu\modquickbuttonbar.as' !
[2026.10.01 00:15:22][Info][WCC] Start cooking 'gameplay\gui_new\actionscript\red\game\witcher3\menus\modmenu\modreportwindow.as' (isSeedFile: 1)
[2026.10.01 00:15:22][Error][WCC] Failed to load 'gameplay\gui_new\actionscript\red\game\witcher3\menus\modmenu\modreportwindow.as' - is this a resource
[2026.10.01 00:15:22][Error][WCC] Failed to cook 'gameplay\gui_new\actionscript\red\game\witcher3\menus\modmenu\modreportwindow.as' !
[2026.10.01 00:15:22][Info][WCC] Start cooking 'gameplay\gui_new\actionscript\red\game\witcher3\menus\modmenu\modstatics.as' (isSeedFile: 1)
[2026.10.01 00:15:22][Error][WCC] Failed to load 'gameplay\gui_new\actionscript\red\game\witcher3\menus\modmenu\modstatics.as' - is this a resource
[2026.10.01 00:15:22][Error][WCC] Failed to cook 'gameplay\gui_new\actionscript\red\game\witcher3\menus\modmenu\modstatics.as' !
[2026.10.01 00:15:22][Info][WCC] Start cooking 'gameplay\gui_new\actionscript\red\game\witcher3\menus\modmenu\moresandwichpanel.as' (isSeedFile: 1)
[2026.10.01 00:15:22][Error][WCC] Failed to load 'gameplay\gui_new\actionscript\red\game\witcher3\menus\modmenu\moresandwichpanel.as' - is this a resource
[2026.10.01 00:15:22][Error][WCC] Failed to cook 'gameplay\gui_new\actionscript\red\game\witcher3\menus\modmenu\moresandwichpanel.as' !
[2026.10.01 00:15:22][Info][WCC] Start cooking 'gameplay\gui_new\actionscript\red\game\witcher3\menus\modmenu\orderbutton.as' (isSeedFile: 1)
[2026.10.01 00:15:22][Error][WCC] Failed to load 'gameplay\gui_new\actionscript\red\game\witcher3\menus\modmenu\orderbutton.as' - is this a resource
[2026.10.01 00:15:22][Error][WCC] Failed to cook 'gameplay\gui_new\actionscript\red\game\witcher3\menus\modmenu\orderbutton.as' !
[2026.10.01 00:15:22][Info][WCC] Start cooking 'gameplay\gui_new\actionscript\red\game\witcher3\menus\modmenu\statusbutton.as' (isSeedFile: 1)
[2026.10.01 00:15:22][Error][WCC] Failed to load 'gameplay\gui_new\actionscript\red\game\witcher3\menus\modmenu\statusbutton.as' - is this a resource
[2026.10.01 00:15:22][Error][WCC] Failed to cook 'gameplay\gui_new\actionscript\red\game\witcher3\menus\modmenu\statusbutton.as' !
[2026.10.01 00:15:22][Info][WCC] Start cooking 'gameplay\gui_new\actionscript\red\game\witcher3\menus\modmenu\statusbuttonevent.as' (isSeedFile: 1)
[2026.10.01 00:15:22][Error][WCC] Failed to load 'gameplay\gui_new\actionscript\red\game\witcher3\menus\modmenu\statusbuttonevent.as' - is this a resource
[2026.10.01 00:15:22][Error][WCC] Failed to cook 'gameplay\gui_new\actionscript\red\game\witcher3\menus\modmenu\statusbuttonevent.as' !
[2026.10.01 00:15:22][Info][WCC] Start cooking 'gameplay\gui_new\actionscript\red\game\witcher3\menus\modmenu\textinputmanager.as' (isSeedFile: 1)
[2026.10.01 00:15:22][Error][WCC] Failed to load 'gameplay\gui_new\actionscript\red\game\witcher3\menus\modmenu\textinputmanager.as' - is this a resource
[2026.10.01 00:15:22][Error][WCC] Failed to cook 'gameplay\gui_new\actionscript\red\game\witcher3\menus\modmenu\textinputmanager.as' !
[2026.10.01 00:15:22][Info][WCC] Start cooking 'gameplay\gui_new\actionscript\red\game\witcher3\menus\modmenu\thinmodpreview.as' (isSeedFile: 1)
[2026.10.01 00:15:22][Error][WCC] Failed to load 'gameplay\gui_new\actionscript\red\game\witcher3\menus\modmenu\thinmodpreview.as' - is this a resource
[2026.10.01 00:15:22][Error][WCC] Failed to cook 'gameplay\gui_new\actionscript\red\game\witcher3\menus\modmenu\thinmodpreview.as' !
[2026.10.01 00:15:22][Info][WCC] Start cooking 'gameplay\gui_new\actionscript\red\game\witcher3\menus\modmenu\verificationmodpreview.as' (isSeedFile: 1)
[2026.10.01 00:15:22][Error][WCC] Failed to load 'gameplay\gui_new\actionscript\red\game\witcher3\menus\modmenu\verificationmodpreview.as' - is this a resource
[2026.10.01 00:15:22][Error][WCC] Failed to cook 'gameplay\gui_new\actionscript\red\game\witcher3\menus\modmenu\verificationmodpreview.as' !
[2026.10.01 00:15:22][Info][WCC] Start cooking 'gameplay\gui_new\actionscript\red\game\witcher3\menus\modmenu\w3textinput.as' (isSeedFile: 1)
[2026.10.01 00:15:22][Error][WCC] Failed to load 'gameplay\gui_new\actionscript\red\game\witcher3\menus\modmenu\w3textinput.as' - is this a resource
[2026.10.01 00:15:22][Error][WCC] Failed to cook 'gameplay\gui_new\actionscript\red\game\witcher3\menus\modmenu\w3textinput.as' !
[2026.10.01 00:15:22][Info][WCC] Start cooking 'gameplay\gui_new\actionscript\red\game\witcher3\menus\modmenu\w3textinputevent.as' (isSeedFile: 1)
[2026.10.01 00:15:22][Error][WCC] Failed to load 'gameplay\gui_new\actionscript\red\game\witcher3\menus\modmenu\w3textinputevent.as' - is this a resource
[2026.10.01 00:15:22][Error][WCC] Failed to cook 'gameplay\gui_new\actionscript\red\game\witcher3\menus\modmenu\w3textinputevent.as' !
[2026.10.01 00:15:22][Info][WCC] Start cooking 'gameplay\gui_new\actionscript\red\game\witcher3\menus\noticeboard\noticeboardlistitem.as' (isSeedFile: 1)
[2026.10.01 00:15:22][Error][WCC] Failed to load 'gameplay\gui_new\actionscript\red\game\witcher3\menus\noticeboard\noticeboardlistitem.as' - is this a resource
[2026.10.01 00:15:22][Error][WCC] Failed to cook 'gameplay\gui_new\actionscript\red\game\witcher3\menus\noticeboard\noticeboardlistitem.as' !
[2026.10.01 00:15:22][Info][WCC] Start cooking 'gameplay\gui_new\actionscript\red\game\witcher3\menus\noticeboard\noticeboardmenu.as' (isSeedFile: 1)
[2026.10.01 00:15:22][Error][WCC] Failed to load 'gameplay\gui_new\actionscript\red\game\witcher3\menus\noticeboard\noticeboardmenu.as' - is this a resource
[2026.10.01 00:15:22][Error][WCC] Failed to cook 'gameplay\gui_new\actionscript\red\game\witcher3\menus\noticeboard\noticeboardmenu.as' !
[2026.10.01 00:15:22][Info][WCC] Start cooking 'gameplay\gui_new\actionscript\red\game\witcher3\menus\overlay\basepopup.as' (isSeedFile: 1)
[2026.10.01 00:15:22][Error][WCC] Failed to load 'gameplay\gui_new\actionscript\red\game\witcher3\menus\overlay\basepopup.as' - is this a resource
[2026.10.01 00:15:22][Error][WCC] Failed to cook 'gameplay\gui_new\actionscript\red\game\witcher3\menus\overlay\basepopup.as' !
[2026.10.01 00:15:22][Info][WCC] Start cooking 'gameplay\gui_new\actionscript\red\game\witcher3\menus\overlay\bookitemrenderer.as' (isSeedFile: 1)
[2026.10.01 00:15:22][Error][WCC] Failed to load 'gameplay\gui_new\actionscript\red\game\witcher3\menus\overlay\bookitemrenderer.as' - is this a resource
[2026.10.01 00:15:22][Error][WCC] Failed to cook 'gameplay\gui_new\actionscript\red\game\witcher3\menus\overlay\bookitemrenderer.as' !
[2026.10.01 00:15:22][Info][WCC] Start cooking 'gameplay\gui_new\actionscript\red\game\witcher3\menus\overlay\bookpopup.as' (isSeedFile: 1)
[2026.10.01 00:15:22][Error][WCC] Failed to load 'gameplay\gui_new\actionscript\red\game\witcher3\menus\overlay\bookpopup.as' - is this a resource
[2026.10.01 00:15:22][Error][WCC] Failed to cook 'gameplay\gui_new\actionscript\red\game\witcher3\menus\overlay\bookpopup.as' !
[2026.10.01 00:15:22][Info][WCC] Start cooking 'gameplay\gui_new\actionscript\red\game\witcher3\menus\overlay\checkboxlistpopup.as' (isSeedFile: 1)
[2026.10.01 00:15:22][Error][WCC] Failed to load 'gameplay\gui_new\actionscript\red\game\witcher3\menus\overlay\checkboxlistpopup.as' - is this a resource
[2026.10.01 00:15:22][Error][WCC] Failed to cook 'gameplay\gui_new\actionscript\red\game\witcher3\menus\overlay\checkboxlistpopup.as' !
[2026.10.01 00:15:22][Info][WCC] Start cooking 'gameplay\gui_new\actionscript\red\game\witcher3\menus\overlay\confirmationpopup.as' (isSeedFile: 1)
[2026.10.01 00:15:22][Error][WCC] Failed to load 'gameplay\gui_new\actionscript\red\game\witcher3\menus\overlay\confirmationpopup.as' - is this a resource
[2026.10.01 00:15:22][Error][WCC] Failed to cook 'gameplay\gui_new\actionscript\red\game\witcher3\menus\overlay\confirmationpopup.as' !
[2026.10.01 00:15:22][Info][WCC] Start cooking 'gameplay\gui_new\actionscript\red\game\witcher3\menus\overlay\contextmenupopup.as' (isSeedFile: 1)
[2026.10.01 00:15:22][Error][WCC] Failed to load 'gameplay\gui_new\actionscript\red\game\witcher3\menus\overlay\contextmenupopup.as' - is this a resource
[2026.10.01 00:15:22][Error][WCC] Failed to cook 'gameplay\gui_new\actionscript\red\game\witcher3\menus\overlay\contextmenupopup.as' !
[2026.10.01 00:15:22][Info][WCC] Start cooking 'gameplay\gui_new\actionscript\red\game\witcher3\menus\overlay\iteminfopopup.as' (isSeedFile: 1)
[2026.10.01 00:15:22][Error][WCC] Failed to load 'gameplay\gui_new\actionscript\red\game\witcher3\menus\overlay\iteminfopopup.as' - is this a resource
[2026.10.01 00:15:22][Error][WCC] Failed to cook 'gameplay\gui_new\actionscript\red\game\witcher3\menus\overlay\iteminfopopup.as' !
[2026.10.01 00:15:22][Info][WCC] Start cooking 'gameplay\gui_new\actionscript\red\game\witcher3\menus\overlay\itemselectmenu.as' (isSeedFile: 1)
[2026.10.01 00:15:22][Error][WCC] Failed to load 'gameplay\gui_new\actionscript\red\game\witcher3\menus\overlay\itemselectmenu.as' - is this a resource
[2026.10.01 00:15:22][Error][WCC] Failed to cook 'gameplay\gui_new\actionscript\red\game\witcher3\menus\overlay\itemselectmenu.as' !
[2026.10.01 00:15:22][Info][WCC] Start cooking 'gameplay\gui_new\actionscript\red\game\witcher3\menus\overlay\modtempauthenticationpopup.as' (isSeedFile: 1)
[2026.10.01 00:15:22][Error][WCC] Failed to load 'gameplay\gui_new\actionscript\red\game\witcher3\menus\overlay\modtempauthenticationpopup.as' - is this a resource
[2026.10.01 00:15:22][Error][WCC] Failed to cook 'gameplay\gui_new\actionscript\red\game\witcher3\menus\overlay\modtempauthenticationpopup.as' !
[2026.10.01 00:15:22][Info][WCC] Start cooking 'gameplay\gui_new\actionscript\red\game\witcher3\menus\overlay\modverificationpopup.as' (isSeedFile: 1)
[2026.10.01 00:15:22][Error][WCC] Failed to load 'gameplay\gui_new\actionscript\red\game\witcher3\menus\overlay\modverificationpopup.as' - is this a resource
[2026.10.01 00:15:22][Error][WCC] Failed to cook 'gameplay\gui_new\actionscript\red\game\witcher3\menus\overlay\modverificationpopup.as' !
[2026.10.01 00:15:22][Info][WCC] Start cooking 'gameplay\gui_new\actionscript\red\game\witcher3\menus\overlay\overlaypanel.as' (isSeedFile: 1)
[2026.10.01 00:15:22][Error][WCC] Failed to load 'gameplay\gui_new\actionscript\red\game\witcher3\menus\overlay\overlaypanel.as' - is this a resource
[2026.10.01 00:15:22][Error][WCC] Failed to cook 'gameplay\gui_new\actionscript\red\game\witcher3\menus\overlay\overlaypanel.as' !
[2026.10.01 00:15:22][Info][WCC] Start cooking 'gameplay\gui_new\actionscript\red\game\witcher3\menus\overlay\paintingpopup.as' (isSeedFile: 1)
[2026.10.01 00:15:22][Error][WCC] Failed to load 'gameplay\gui_new\actionscript\red\game\witcher3\menus\overlay\paintingpopup.as' - is this a resource
[2026.10.01 00:15:22][Error][WCC] Failed to cook 'gameplay\gui_new\actionscript\red\game\witcher3\menus\overlay\paintingpopup.as' !
[2026.10.01 00:15:22][Info][WCC] Start cooking 'gameplay\gui_new\actionscript\red\game\witcher3\menus\overlay\priceconfirmationpopup.as' (isSeedFile: 1)
[2026.10.01 00:15:22][Error][WCC] Failed to load 'gameplay\gui_new\actionscript\red\game\witcher3\menus\overlay\priceconfirmationpopup.as' - is this a resource
[2026.10.01 00:15:22][Error][WCC] Failed to cook 'gameplay\gui_new\actionscript\red\game\witcher3\menus\overlay\priceconfirmationpopup.as' !
[2026.10.01 00:15:22][Info][WCC] Start cooking 'gameplay\gui_new\actionscript\red\game\witcher3\menus\overlay\quantitymonsterbarganingpopup.as' (isSeedFile: 1)
[2026.10.01 00:15:22][Error][WCC] Failed to load 'gameplay\gui_new\actionscript\red\game\witcher3\menus\overlay\quantitymonsterbarganingpopup.as' - is this a resource
[2026.10.01 00:15:22][Error][WCC] Failed to cook 'gameplay\gui_new\actionscript\red\game\witcher3\menus\overlay\quantitymonsterbarganingpopup.as' !
[2026.10.01 00:15:22][Info][WCC] Start cooking 'gameplay\gui_new\actionscript\red\game\witcher3\menus\overlay\quantitypopup.as' (isSeedFile: 1)
[2026.10.01 00:15:22][Error][WCC] Failed to load 'gameplay\gui_new\actionscript\red\game\witcher3\menus\overlay\quantitypopup.as' - is this a resource
[2026.10.01 00:15:22][Error][WCC] Failed to cook 'gameplay\gui_new\actionscript\red\game\witcher3\menus\overlay\quantitypopup.as' !
[2026.10.01 00:15:22][Info][WCC] Start cooking 'gameplay\gui_new\actionscript\red\game\witcher3\menus\overlay\tutorialblocker.as' (isSeedFile: 1)
[2026.10.01 00:15:22][Error][WCC] Failed to load 'gameplay\gui_new\actionscript\red\game\witcher3\menus\overlay\tutorialblocker.as' - is this a resource
[2026.10.01 00:15:22][Error][WCC] Failed to cook 'gameplay\gui_new\actionscript\red\game\witcher3\menus\overlay\tutorialblocker.as' !
[2026.10.01 00:15:22][Info][WCC] Start cooking 'gameplay\gui_new\actionscript\red\game\witcher3\menus\overlay\tutoriallist.as' (isSeedFile: 1)
[2026.10.01 00:15:22][Error][WCC] Failed to load 'gameplay\gui_new\actionscript\red\game\witcher3\menus\overlay\tutoriallist.as' - is this a resource
[2026.10.01 00:15:22][Error][WCC] Failed to cook 'gameplay\gui_new\actionscript\red\game\witcher3\menus\overlay\tutoriallist.as' !
[2026.10.01 00:15:22][Info][WCC] Start cooking 'gameplay\gui_new\actionscript\red\game\witcher3\menus\overlay\tutorialoverlay.as' (isSeedFile: 1)
[2026.10.01 00:15:22][Error][WCC] Failed to load 'gameplay\gui_new\actionscript\red\game\witcher3\menus\overlay\tutorialoverlay.as' - is this a resource
[2026.10.01 00:15:22][Error][WCC] Failed to cook 'gameplay\gui_new\actionscript\red\game\witcher3\menus\overlay\tutorialoverlay.as' !
[2026.10.01 00:15:22][Info][WCC] Start cooking 'gameplay\gui_new\actionscript\red\game\witcher3\menus\overlay\tutorialpopup.as' (isSeedFile: 1)
[2026.10.01 00:15:22][Error][WCC] Failed to load 'gameplay\gui_new\actionscript\red\game\witcher3\menus\overlay\tutorialpopup.as' - is this a resource
[2026.10.01 00:15:22][Error][WCC] Failed to cook 'gameplay\gui_new\actionscript\red\game\witcher3\menus\overlay\tutorialpopup.as' !
[2026.10.01 00:15:22][Info][WCC] Start cooking 'gameplay\gui_new\actionscript\red\game\witcher3\menus\overlay\tutorialpopuptitle.as' (isSeedFile: 1)
[2026.10.01 00:15:22][Error][WCC] Failed to load 'gameplay\gui_new\actionscript\red\game\witcher3\menus\overlay\tutorialpopuptitle.as' - is this a resource
[2026.10.01 00:15:22][Error][WCC] Failed to cook 'gameplay\gui_new\actionscript\red\game\witcher3\menus\overlay\tutorialpopuptitle.as' !
[2026.10.01 00:15:22][Info][WCC] Start cooking 'gameplay\gui_new\actionscript\red\game\witcher3\menus\overlay\w3licenseagreementpopup.as' (isSeedFile: 1)
[2026.10.01 00:15:22][Error][WCC] Failed to load 'gameplay\gui_new\actionscript\red\game\witcher3\menus\overlay\w3licenseagreementpopup.as' - is this a resource
[2026.10.01 00:15:22][Error][WCC] Failed to cook 'gameplay\gui_new\actionscript\red\game\witcher3\menus\overlay\w3licenseagreementpopup.as' !
[2026.10.01 00:15:22][Info][WCC] Start cooking 'gameplay\gui_new\actionscript\red\game\witcher3\menus\overlay\watermarkpanel.as' (isSeedFile: 1)
[2026.10.01 00:15:22][Error][WCC] Failed to load 'gameplay\gui_new\actionscript\red\game\witcher3\menus\overlay\watermarkpanel.as' - is this a resource
[2026.10.01 00:15:22][Error][WCC] Failed to cook 'gameplay\gui_new\actionscript\red\game\witcher3\menus\overlay\watermarkpanel.as' !
[2026.10.01 00:15:22][Info][WCC] Start cooking 'gameplay\gui_new\actionscript\red\game\witcher3\menus\overlay\watermarkpanelembed.as' (isSeedFile: 1)
[2026.10.01 00:15:22][Error][WCC] Failed to load 'gameplay\gui_new\actionscript\red\game\witcher3\menus\overlay\watermarkpanelembed.as' - is this a resource
[2026.10.01 00:15:22][Error][WCC] Failed to cook 'gameplay\gui_new\actionscript\red\game\witcher3\menus\overlay\watermarkpanelembed.as' !
[2026.10.01 00:15:22][Info][WCC] Start cooking 'gameplay\gui_new\actionscript\red\game\witcher3\menus\perks_menu\menubookperks.as' (isSeedFile: 1)
[2026.10.01 00:15:22][Error][WCC] Failed to load 'gameplay\gui_new\actionscript\red\game\witcher3\menus\perks_menu\menubookperks.as' - is this a resource
[2026.10.01 00:15:22][Error][WCC] Failed to cook 'gameplay\gui_new\actionscript\red\game\witcher3\menus\perks_menu\menubookperks.as' !
[2026.10.01 00:15:22][Info][WCC] Start cooking 'gameplay\gui_new\actionscript\red\game\witcher3\menus\perks_menu\moduleskilllist.as' (isSeedFile: 1)
[2026.10.01 00:15:22][Error][WCC] Failed to load 'gameplay\gui_new\actionscript\red\game\witcher3\menus\perks_menu\moduleskilllist.as' - is this a resource
[2026.10.01 00:15:22][Error][WCC] Failed to cook 'gameplay\gui_new\actionscript\red\game\witcher3\menus\perks_menu\moduleskilllist.as' !
[2026.10.01 00:15:22][Info][WCC] Start cooking 'gameplay\gui_new\actionscript\red\game\witcher3\menus\photomode\photomodecharacterlist.as' (isSeedFile: 1)
[2026.10.01 00:15:22][Error][WCC] Failed to load 'gameplay\gui_new\actionscript\red\game\witcher3\menus\photomode\photomodecharacterlist.as' - is this a resource
[2026.10.01 00:15:22][Error][WCC] Failed to cook 'gameplay\gui_new\actionscript\red\game\witcher3\menus\photomode\photomodecharacterlist.as' !
[2026.10.01 00:15:22][Info][WCC] Start cooking 'gameplay\gui_new\actionscript\red\game\witcher3\menus\photomode\photomodecharacterselectorrenderer.as' (isSeedFile: 1)
[2026.10.01 00:15:22][Error][WCC] Failed to load 'gameplay\gui_new\actionscript\red\game\witcher3\menus\photomode\photomodecharacterselectorrenderer.as' - is this a resource
[2026.10.01 00:15:22][Error][WCC] Failed to cook 'gameplay\gui_new\actionscript\red\game\witcher3\menus\photomode\photomodecharacterselectorrenderer.as' !
[2026.10.01 00:15:22][Info][WCC] Start cooking 'gameplay\gui_new\actionscript\red\game\witcher3\menus\photomode\photomodecharacterselectorslot.as' (isSeedFile: 1)
[2026.10.01 00:15:22][Error][WCC] Failed to load 'gameplay\gui_new\actionscript\red\game\witcher3\menus\photomode\photomodecharacterselectorslot.as' - is this a resource
[2026.10.01 00:15:22][Error][WCC] Failed to cook 'gameplay\gui_new\actionscript\red\game\witcher3\menus\photomode\photomodecharacterselectorslot.as' !
[2026.10.01 00:15:22][Info][WCC] Start cooking 'gameplay\gui_new\actionscript\red\game\witcher3\menus\photomode\photomodecolorslider.as' (isSeedFile: 1)
[2026.10.01 00:15:22][Error][WCC] Failed to load 'gameplay\gui_new\actionscript\red\game\witcher3\menus\photomode\photomodecolorslider.as' - is this a resource
[2026.10.01 00:15:22][Error][WCC] Failed to cook 'gameplay\gui_new\actionscript\red\game\witcher3\menus\photomode\photomodecolorslider.as' !
[2026.10.01 00:15:22][Info][WCC] Start cooking 'gameplay\gui_new\actionscript\red\game\witcher3\menus\photomode\photomodecolorsliderrenderer.as' (isSeedFile: 1)
[2026.10.01 00:15:22][Error][WCC] Failed to load 'gameplay\gui_new\actionscript\red\game\witcher3\menus\photomode\photomodecolorsliderrenderer.as' - is this a resource
[2026.10.01 00:15:22][Error][WCC] Failed to cook 'gameplay\gui_new\actionscript\red\game\witcher3\menus\photomode\photomodecolorsliderrenderer.as' !
[2026.10.01 00:15:22][Info][WCC] Start cooking 'gameplay\gui_new\actionscript\red\game\witcher3\menus\photomode\photomodegridslot.as' (isSeedFile: 1)
[2026.10.01 00:15:22][Error][WCC] Failed to load 'gameplay\gui_new\actionscript\red\game\witcher3\menus\photomode\photomodegridslot.as' - is this a resource
[2026.10.01 00:15:22][Error][WCC] Failed to cook 'gameplay\gui_new\actionscript\red\game\witcher3\menus\photomode\photomodegridslot.as' !
[2026.10.01 00:15:22][Info][WCC] Start cooking 'gameplay\gui_new\actionscript\red\game\witcher3\menus\photomode\photomodelightlist.as' (isSeedFile: 1)
[2026.10.01 00:15:22][Error][WCC] Failed to load 'gameplay\gui_new\actionscript\red\game\witcher3\menus\photomode\photomodelightlist.as' - is this a resource
[2026.10.01 00:15:22][Error][WCC] Failed to cook 'gameplay\gui_new\actionscript\red\game\witcher3\menus\photomode\photomodelightlist.as' !
[2026.10.01 00:15:22][Info][WCC] Start cooking 'gameplay\gui_new\actionscript\red\game\witcher3\menus\photomode\photomodelightselectorrenderer.as' (isSeedFile: 1)
[2026.10.01 00:15:22][Error][WCC] Failed to load 'gameplay\gui_new\actionscript\red\game\witcher3\menus\photomode\photomodelightselectorrenderer.as' - is this a resource
[2026.10.01 00:15:22][Error][WCC] Failed to cook 'gameplay\gui_new\actionscript\red\game\witcher3\menus\photomode\photomodelightselectorrenderer.as' !
[2026.10.01 00:15:22][Info][WCC] Start cooking 'gameplay\gui_new\actionscript\red\game\witcher3\menus\photomode\photomodelightselectorslot.as' (isSeedFile: 1)
[2026.10.01 00:15:22][Error][WCC] Failed to load 'gameplay\gui_new\actionscript\red\game\witcher3\menus\photomode\photomodelightselectorslot.as' - is this a resource
[2026.10.01 00:15:22][Error][WCC] Failed to cook 'gameplay\gui_new\actionscript\red\game\witcher3\menus\photomode\photomodelightselectorslot.as' !
[2026.10.01 00:15:22][Info][WCC] Start cooking 'gameplay\gui_new\actionscript\red\game\witcher3\menus\photomode\photomodemenu.as' (isSeedFile: 1)
[2026.10.01 00:15:22][Error][WCC] Failed to load 'gameplay\gui_new\actionscript\red\game\witcher3\menus\photomode\photomodemenu.as' - is this a resource
[2026.10.01 00:15:22][Error][WCC] Failed to cook 'gameplay\gui_new\actionscript\red\game\witcher3\menus\photomode\photomodemenu.as' !
[2026.10.01 00:15:22][Info][WCC] Start cooking 'gameplay\gui_new\actionscript\red\game\witcher3\menus\photomode\photomodemenuelement.as' (isSeedFile: 1)
[2026.10.01 00:15:22][Error][WCC] Failed to load 'gameplay\gui_new\actionscript\red\game\witcher3\menus\photomode\photomodemenuelement.as' - is this a resource
[2026.10.01 00:15:22][Error][WCC] Failed to cook 'gameplay\gui_new\actionscript\red\game\witcher3\menus\photomode\photomodemenuelement.as' !
[2026.10.01 00:15:22][Info][WCC] Start cooking 'gameplay\gui_new\actionscript\red\game\witcher3\menus\photomode\photomodenotification.as' (isSeedFile: 1)
[2026.10.01 00:15:22][Error][WCC] Failed to load 'gameplay\gui_new\actionscript\red\game\witcher3\menus\photomode\photomodenotification.as' - is this a resource
[2026.10.01 00:15:22][Error][WCC] Failed to cook 'gameplay\gui_new\actionscript\red\game\witcher3\menus\photomode\photomodenotification.as' !
[2026.10.01 00:15:22][Info][WCC] Start cooking 'gameplay\gui_new\actionscript\red\game\witcher3\menus\photomode\photomodeproplist.as' (isSeedFile: 1)
[2026.10.01 00:15:22][Error][WCC] Failed to load 'gameplay\gui_new\actionscript\red\game\witcher3\menus\photomode\photomodeproplist.as' - is this a resource
[2026.10.01 00:15:22][Error][WCC] Failed to cook 'gameplay\gui_new\actionscript\red\game\witcher3\menus\photomode\photomodeproplist.as' !
[2026.10.01 00:15:22][Info][WCC] Start cooking 'gameplay\gui_new\actionscript\red\game\witcher3\menus\photomode\photomodepropselectorrenderer.as' (isSeedFile: 1)
[2026.10.01 00:15:22][Error][WCC] Failed to load 'gameplay\gui_new\actionscript\red\game\witcher3\menus\photomode\photomodepropselectorrenderer.as' - is this a resource
[2026.10.01 00:15:22][Error][WCC] Failed to cook 'gameplay\gui_new\actionscript\red\game\witcher3\menus\photomode\photomodepropselectorrenderer.as' !
[2026.10.01 00:15:22][Info][WCC] Start cooking 'gameplay\gui_new\actionscript\red\game\witcher3\menus\photomode\photomodepropselectorslot.as' (isSeedFile: 1)
[2026.10.01 00:15:22][Error][WCC] Failed to load 'gameplay\gui_new\actionscript\red\game\witcher3\menus\photomode\photomodepropselectorslot.as' - is this a resource
[2026.10.01 00:15:22][Error][WCC] Failed to cook 'gameplay\gui_new\actionscript\red\game\witcher3\menus\photomode\photomodepropselectorslot.as' !
[2026.10.01 00:15:22][Info][WCC] Start cooking 'gameplay\gui_new\actionscript\red\game\witcher3\menus\photomode\photomoderenderer.as' (isSeedFile: 1)
[2026.10.01 00:15:22][Error][WCC] Failed to load 'gameplay\gui_new\actionscript\red\game\witcher3\menus\photomode\photomoderenderer.as' - is this a resource
[2026.10.01 00:15:22][Error][WCC] Failed to cook 'gameplay\gui_new\actionscript\red\game\witcher3\menus\photomode\photomoderenderer.as' !
[2026.10.01 00:15:22][Info][WCC] Start cooking 'gameplay\gui_new\actionscript\red\game\witcher3\menus\photomode\photomoderesetbuttonsrenderer.as' (isSeedFile: 1)
[2026.10.01 00:15:22][Error][WCC] Failed to load 'gameplay\gui_new\actionscript\red\game\witcher3\menus\photomode\photomoderesetbuttonsrenderer.as' - is this a resource
[2026.10.01 00:15:22][Error][WCC] Failed to cook 'gameplay\gui_new\actionscript\red\game\witcher3\menus\photomode\photomoderesetbuttonsrenderer.as' !
[2026.10.01 00:15:22][Info][WCC] Start cooking 'gameplay\gui_new\actionscript\red\game\witcher3\menus\photomode\photomodesaverrenderer.as' (isSeedFile: 1)
[2026.10.01 00:15:22][Error][WCC] Failed to load 'gameplay\gui_new\actionscript\red\game\witcher3\menus\photomode\photomodesaverrenderer.as' - is this a resource
[2026.10.01 00:15:22][Error][WCC] Failed to cook 'gameplay\gui_new\actionscript\red\game\witcher3\menus\photomode\photomodesaverrenderer.as' !
[2026.10.01 00:15:22][Info][WCC] Start cooking 'gameplay\gui_new\actionscript\red\game\witcher3\menus\photomode\photomodeselectorrenderer.as' (isSeedFile: 1)
[2026.10.01 00:15:22][Error][WCC] Failed to load 'gameplay\gui_new\actionscript\red\game\witcher3\menus\photomode\photomodeselectorrenderer.as' - is this a resource
[2026.10.01 00:15:22][Error][WCC] Failed to cook 'gameplay\gui_new\actionscript\red\game\witcher3\menus\photomode\photomodeselectorrenderer.as' !
[2026.10.01 00:15:22][Info][WCC] Start cooking 'gameplay\gui_new\actionscript\red\game\witcher3\menus\photomode\photomodesliderdatamodel.as' (isSeedFile: 1)
[2026.10.01 00:15:22][Error][WCC] Failed to load 'gameplay\gui_new\actionscript\red\game\witcher3\menus\photomode\photomodesliderdatamodel.as' - is this a resource
[2026.10.01 00:15:22][Error][WCC] Failed to cook 'gameplay\gui_new\actionscript\red\game\witcher3\menus\photomode\photomodesliderdatamodel.as' !
[2026.10.01 00:15:22][Info][WCC] Start cooking 'gameplay\gui_new\actionscript\red\game\witcher3\menus\photomode\photomodesliderrenderer.as' (isSeedFile: 1)
[2026.10.01 00:15:22][Error][WCC] Failed to load 'gameplay\gui_new\actionscript\red\game\witcher3\menus\photomode\photomodesliderrenderer.as' - is this a resource
[2026.10.01 00:15:22][Error][WCC] Failed to cook 'gameplay\gui_new\actionscript\red\game\witcher3\menus\photomode\photomodesliderrenderer.as' !
[2026.10.01 00:15:22][Info][WCC] Start cooking 'gameplay\gui_new\actionscript\red\game\witcher3\menus\photomode\photomodetabbedmenu.as' (isSeedFile: 1)
[2026.10.01 00:15:22][Error][WCC] Failed to load 'gameplay\gui_new\actionscript\red\game\witcher3\menus\photomode\photomodetabbedmenu.as' - is this a resource
[2026.10.01 00:15:22][Error][WCC] Failed to cook 'gameplay\gui_new\actionscript\red\game\witcher3\menus\photomode\photomodetabbedmenu.as' !
[2026.10.01 00:15:22][Info][WCC] Start cooking 'gameplay\gui_new\actionscript\red\game\witcher3\menus\photomode\photomodetabrenderer.as' (isSeedFile: 1)
[2026.10.01 00:15:22][Error][WCC] Failed to load 'gameplay\gui_new\actionscript\red\game\witcher3\menus\photomode\photomodetabrenderer.as' - is this a resource
[2026.10.01 00:15:22][Error][WCC] Failed to cook 'gameplay\gui_new\actionscript\red\game\witcher3\menus\photomode\photomodetabrenderer.as' !
[2026.10.01 00:15:22][Info][WCC] Start cooking 'gameplay\gui_new\actionscript\red\game\witcher3\menus\photomode\photomodethirdslines.as' (isSeedFile: 1)
[2026.10.01 00:15:22][Error][WCC] Failed to load 'gameplay\gui_new\actionscript\red\game\witcher3\menus\photomode\photomodethirdslines.as' - is this a resource
[2026.10.01 00:15:22][Error][WCC] Failed to cook 'gameplay\gui_new\actionscript\red\game\witcher3\menus\photomode\photomodethirdslines.as' !
[2026.10.01 00:15:22][Info][WCC] Start cooking 'gameplay\gui_new\actionscript\red\game\witcher3\menus\poster\postermenu.as' (isSeedFile: 1)
[2026.10.01 00:15:22][Error][WCC] Failed to load 'gameplay\gui_new\actionscript\red\game\witcher3\menus\poster\postermenu.as' - is this a resource
[2026.10.01 00:15:22][Error][WCC] Failed to cook 'gameplay\gui_new\actionscript\red\game\witcher3\menus\poster\postermenu.as' !
[2026.10.01 00:15:22][Info][WCC] Start cooking 'gameplay\gui_new\actionscript\red\game\witcher3\menus\preparation\preparationmainmenu.as' (isSeedFile: 1)
[2026.10.01 00:15:22][Error][WCC] Failed to load 'gameplay\gui_new\actionscript\red\game\witcher3\menus\preparation\preparationmainmenu.as' - is this a resource
[2026.10.01 00:15:22][Error][WCC] Failed to cook 'gameplay\gui_new\actionscript\red\game\witcher3\menus\preparation\preparationmainmenu.as' !
[2026.10.01 00:15:22][Info][WCC] Start cooking 'gameplay\gui_new\actionscript\red\game\witcher3\menus\preparation\preparationmenubase.as' (isSeedFile: 1)
[2026.10.01 00:15:22][Error][WCC] Failed to load 'gameplay\gui_new\actionscript\red\game\witcher3\menus\preparation\preparationmenubase.as' - is this a resource
[2026.10.01 00:15:22][Error][WCC] Failed to cook 'gameplay\gui_new\actionscript\red\game\witcher3\menus\preparation\preparationmenubase.as' !
[2026.10.01 00:15:22][Info][WCC] Start cooking 'gameplay\gui_new\actionscript\red\game\witcher3\menus\preparation\preparationmutagensmenu.as' (isSeedFile: 1)
[2026.10.01 00:15:22][Error][WCC] Failed to load 'gameplay\gui_new\actionscript\red\game\witcher3\menus\preparation\preparationmutagensmenu.as' - is this a resource
[2026.10.01 00:15:22][Error][WCC] Failed to cook 'gameplay\gui_new\actionscript\red\game\witcher3\menus\preparation\preparationmutagensmenu.as' !
[2026.10.01 00:15:22][Info][WCC] Start cooking 'gameplay\gui_new\actionscript\red\game\witcher3\menus\preparation\preparationmutagenssublistmodule.as' (isSeedFile: 1)
[2026.10.01 00:15:22][Error][WCC] Failed to load 'gameplay\gui_new\actionscript\red\game\witcher3\menus\preparation\preparationmutagenssublistmodule.as' - is this a resource
[2026.10.01 00:15:22][Error][WCC] Failed to cook 'gameplay\gui_new\actionscript\red\game\witcher3\menus\preparation\preparationmutagenssublistmodule.as' !
[2026.10.01 00:15:22][Info][WCC] Start cooking 'gameplay\gui_new\actionscript\red\game\witcher3\menus\preparation\preparationoilsmenu.as' (isSeedFile: 1)
[2026.10.01 00:15:22][Error][WCC] Failed to load 'gameplay\gui_new\actionscript\red\game\witcher3\menus\preparation\preparationoilsmenu.as' - is this a resource
[2026.10.01 00:15:22][Error][WCC] Failed to cook 'gameplay\gui_new\actionscript\red\game\witcher3\menus\preparation\preparationoilsmenu.as' !
[2026.10.01 00:15:22][Info][WCC] Start cooking 'gameplay\gui_new\actionscript\red\game\witcher3\menus\preparation\preparationoilssublistmodule.as' (isSeedFile: 1)
[2026.10.01 00:15:22][Error][WCC] Failed to load 'gameplay\gui_new\actionscript\red\game\witcher3\menus\preparation\preparationoilssublistmodule.as' - is this a resource
[2026.10.01 00:15:22][Error][WCC] Failed to cook 'gameplay\gui_new\actionscript\red\game\witcher3\menus\preparation\preparationoilssublistmodule.as' !
[2026.10.01 00:15:22][Info][WCC] Start cooking 'gameplay\gui_new\actionscript\red\game\witcher3\menus\preparation\preparationpotionandbombssublistmodule.as' (isSeedFile: 1)
[2026.10.01 00:15:22][Error][WCC] Failed to load 'gameplay\gui_new\actionscript\red\game\witcher3\menus\preparation\preparationpotionandbombssublistmodule.as' - is this a resource
[2026.10.01 00:15:22][Error][WCC] Failed to cook 'gameplay\gui_new\actionscript\red\game\witcher3\menus\preparation\preparationpotionandbombssublistmodule.as' !
[2026.10.01 00:15:22][Info][WCC] Start cooking 'gameplay\gui_new\actionscript\red\game\witcher3\menus\preparation\preparationpotionsandbombsmenu.as' (isSeedFile: 1)
[2026.10.01 00:15:22][Error][WCC] Failed to load 'gameplay\gui_new\actionscript\red\game\witcher3\menus\preparation\preparationpotionsandbombsmenu.as' - is this a resource
[2026.10.01 00:15:22][Error][WCC] Failed to cook 'gameplay\gui_new\actionscript\red\game\witcher3\menus\preparation\preparationpotionsandbombsmenu.as' !
[2026.10.01 00:15:22][Info][WCC] Start cooking 'gameplay\gui_new\actionscript\red\game\witcher3\menus\preparation\preparationtabsmodule.as' (isSeedFile: 1)
[2026.10.01 00:15:22][Error][WCC] Failed to load 'gameplay\gui_new\actionscript\red\game\witcher3\menus\preparation\preparationtabsmodule.as' - is this a resource
[2026.10.01 00:15:22][Error][WCC] Failed to cook 'gameplay\gui_new\actionscript\red\game\witcher3\menus\preparation\preparationtabsmodule.as' !
[2026.10.01 00:15:22][Info][WCC] Start cooking 'gameplay\gui_new\actionscript\red\game\witcher3\menus\preparation\preparationtoxicitybarmodule.as' (isSeedFile: 1)
[2026.10.01 00:15:22][Error][WCC] Failed to load 'gameplay\gui_new\actionscript\red\game\witcher3\menus\preparation\preparationtoxicitybarmodule.as' - is this a resource
[2026.10.01 00:15:22][Error][WCC] Failed to cook 'gameplay\gui_new\actionscript\red\game\witcher3\menus\preparation\preparationtoxicitybarmodule.as' !
[2026.10.01 00:15:22][Info][WCC] Start cooking 'gameplay\gui_new\actionscript\red\game\witcher3\menus\preparation_menu\menupreparation.as' (isSeedFile: 1)
[2026.10.01 00:15:22][Error][WCC] Failed to load 'gameplay\gui_new\actionscript\red\game\witcher3\menus\preparation_menu\menupreparation.as' - is this a resource
[2026.10.01 00:15:22][Error][WCC] Failed to cook 'gameplay\gui_new\actionscript\red\game\witcher3\menus\preparation_menu\menupreparation.as' !
[2026.10.01 00:15:22][Info][WCC] Start cooking 'gameplay\gui_new\actionscript\red\game\witcher3\menus\preparation_menu\modulemonstertrack.as' (isSeedFile: 1)
[2026.10.01 00:15:22][Error][WCC] Failed to load 'gameplay\gui_new\actionscript\red\game\witcher3\menus\preparation_menu\modulemonstertrack.as' - is this a resource
[2026.10.01 00:15:22][Error][WCC] Failed to cook 'gameplay\gui_new\actionscript\red\game\witcher3\menus\preparation_menu\modulemonstertrack.as' !
[2026.10.01 00:15:22][Info][WCC] Start cooking 'gameplay\gui_new\actionscript\red\game\witcher3\menus\preparation_menu\modulepreparationslots.as' (isSeedFile: 1)
[2026.10.01 00:15:22][Error][WCC] Failed to load 'gameplay\gui_new\actionscript\red\game\witcher3\menus\preparation_menu\modulepreparationslots.as' - is this a resource
[2026.10.01 00:15:22][Error][WCC] Failed to cook 'gameplay\gui_new\actionscript\red\game\witcher3\menus\preparation_menu\modulepreparationslots.as' !
[2026.10.01 00:15:22][Info][WCC] Start cooking 'gameplay\gui_new\actionscript\red\game\witcher3\menus\preparation_menu\preparationdropdownmenu.as' (isSeedFile: 1)
[2026.10.01 00:15:22][Error][WCC] Failed to load 'gameplay\gui_new\actionscript\red\game\witcher3\menus\preparation_menu\preparationdropdownmenu.as' - is this a resource
[2026.10.01 00:15:22][Error][WCC] Failed to cook 'gameplay\gui_new\actionscript\red\game\witcher3\menus\preparation_menu\preparationdropdownmenu.as' !
[2026.10.01 00:15:22][Info][WCC] Start cooking 'gameplay\gui_new\actionscript\red\game\witcher3\menus\preparation_menu\preparationdropdownmenulistitem.as' (isSeedFile: 1)
[2026.10.01 00:15:22][Error][WCC] Failed to load 'gameplay\gui_new\actionscript\red\game\witcher3\menus\preparation_menu\preparationdropdownmenulistitem.as' - is this a resource
[2026.10.01 00:15:22][Error][WCC] Failed to cook 'gameplay\gui_new\actionscript\red\game\witcher3\menus\preparation_menu\preparationdropdownmenulistitem.as' !
[2026.10.01 00:15:22][Info][WCC] Start cooking 'gameplay\gui_new\actionscript\red\game\witcher3\menus\preparation_menu\preparationtabbedmodule.as' (isSeedFile: 1)
[2026.10.01 00:15:22][Error][WCC] Failed to load 'gameplay\gui_new\actionscript\red\game\witcher3\menus\preparation_menu\preparationtabbedmodule.as' - is this a resource
[2026.10.01 00:15:22][Error][WCC] Failed to cook 'gameplay\gui_new\actionscript\red\game\witcher3\menus\preparation_menu\preparationtabbedmodule.as' !
[2026.10.01 00:15:22][Info][WCC] Start cooking 'gameplay\gui_new\actionscript\red\game\witcher3\menus\preparation_menu\toxicitybar.as' (isSeedFile: 1)
[2026.10.01 00:15:22][Error][WCC] Failed to load 'gameplay\gui_new\actionscript\red\game\witcher3\menus\preparation_menu\toxicitybar.as' - is this a resource
[2026.10.01 00:15:22][Error][WCC] Failed to cook 'gameplay\gui_new\actionscript\red\game\witcher3\menus\preparation_menu\toxicitybar.as' !
[2026.10.01 00:15:22][Info][WCC] Start cooking 'gameplay\gui_new\actionscript\red\game\witcher3\menus\preparation_menu\trackedmonsterheader.as' (isSeedFile: 1)
[2026.10.01 00:15:22][Error][WCC] Failed to load 'gameplay\gui_new\actionscript\red\game\witcher3\menus\preparation_menu\trackedmonsterheader.as' - is this a resource
[2026.10.01 00:15:22][Error][WCC] Failed to cook 'gameplay\gui_new\actionscript\red\game\witcher3\menus\preparation_menu\trackedmonsterheader.as' !
[2026.10.01 00:15:22][Info][WCC] Start cooking 'gameplay\gui_new\actionscript\red\game\witcher3\menus\preparation_menu\trackedmonsterinfo.as' (isSeedFile: 1)
[2026.10.01 00:15:22][Error][WCC] Failed to load 'gameplay\gui_new\actionscript\red\game\witcher3\menus\preparation_menu\trackedmonsterinfo.as' - is this a resource
[2026.10.01 00:15:22][Error][WCC] Failed to cook 'gameplay\gui_new\actionscript\red\game\witcher3\menus\preparation_menu\trackedmonsterinfo.as' !
[2026.10.01 00:15:22][Info][WCC] Start cooking 'gameplay\gui_new\actionscript\red\game\witcher3\menus\preparation_menu\trackedmonsterrecommend.as' (isSeedFile: 1)
[2026.10.01 00:15:22][Error][WCC] Failed to load 'gameplay\gui_new\actionscript\red\game\witcher3\menus\preparation_menu\trackedmonsterrecommend.as' - is this a resource
[2026.10.01 00:15:22][Error][WCC] Failed to cook 'gameplay\gui_new\actionscript\red\game\witcher3\menus\preparation_menu\trackedmonsterrecommend.as' !
[2026.10.01 00:15:22][Info][WCC] Start cooking 'gameplay\gui_new\actionscript\red\game\witcher3\menus\ryan_alchemy\alchemypanel.as' (isSeedFile: 1)
[2026.10.01 00:15:22][Error][WCC] Failed to load 'gameplay\gui_new\actionscript\red\game\witcher3\menus\ryan_alchemy\alchemypanel.as' - is this a resource
[2026.10.01 00:15:22][Error][WCC] Failed to cook 'gameplay\gui_new\actionscript\red\game\witcher3\menus\ryan_alchemy\alchemypanel.as' !
[2026.10.01 00:15:22][Info][WCC] Start cooking 'gameplay\gui_new\actionscript\red\game\witcher3\menus\ryan_alchemy\recipelistitem.as' (isSeedFile: 1)
[2026.10.01 00:15:22][Error][WCC] Failed to load 'gameplay\gui_new\actionscript\red\game\witcher3\menus\ryan_alchemy\recipelistitem.as' - is this a resource
[2026.10.01 00:15:22][Error][WCC] Failed to cook 'gameplay\gui_new\actionscript\red\game\witcher3\menus\ryan_alchemy\recipelistitem.as' !
[2026.10.01 00:15:22][Info][WCC] Start cooking 'gameplay\gui_new\actionscript\red\game\witcher3\menus\startscreen\startscreenmenu.as' (isSeedFile: 1)
[2026.10.01 00:15:22][Error][WCC] Failed to load 'gameplay\gui_new\actionscript\red\game\witcher3\menus\startscreen\startscreenmenu.as' - is this a resource
[2026.10.01 00:15:22][Error][WCC] Failed to cook 'gameplay\gui_new\actionscript\red\game\witcher3\menus\startscreen\startscreenmenu.as' !
[2026.10.01 00:15:22][Info][WCC] Start cooking 'gameplay\gui_new\actionscript\red\game\witcher3\menus\startscreen\startscreenmenuep1.as' (isSeedFile: 1)
[2026.10.01 00:15:22][Error][WCC] Failed to load 'gameplay\gui_new\actionscript\red\game\witcher3\menus\startscreen\startscreenmenuep1.as' - is this a resource
[2026.10.01 00:15:22][Error][WCC] Failed to cook 'gameplay\gui_new\actionscript\red\game\witcher3\menus\startscreen\startscreenmenuep1.as' !
[2026.10.01 00:15:22][Info][WCC] Start cooking 'gameplay\gui_new\actionscript\red\game\witcher3\menus\startscreen\startscreenmenuep2.as' (isSeedFile: 1)
[2026.10.01 00:15:22][Error][WCC] Failed to load 'gameplay\gui_new\actionscript\red\game\witcher3\menus\startscreen\startscreenmenuep2.as' - is this a resource
[2026.10.01 00:15:22][Error][WCC] Failed to cook 'gameplay\gui_new\actionscript\red\game\witcher3\menus\startscreen\startscreenmenuep2.as' !
[2026.10.01 00:15:22][Info][WCC] Start cooking 'gameplay\gui_new\actionscript\red\game\witcher3\menus\startscreen\w3startscreenvideoobject.as' (isSeedFile: 1)
[2026.10.01 00:15:22][Error][WCC] Failed to load 'gameplay\gui_new\actionscript\red\game\witcher3\menus\startscreen\w3startscreenvideoobject.as' - is this a resource
[2026.10.01 00:15:22][Error][WCC] Failed to cook 'gameplay\gui_new\actionscript\red\game\witcher3\menus\startscreen\w3startscreenvideoobject.as' !
[2026.10.01 00:15:22][Info][WCC] Start cooking 'gameplay\gui_new\actionscript\red\game\witcher3\menus\startup\startup1menu.as' (isSeedFile: 1)
[2026.10.01 00:15:22][Error][WCC] Failed to load 'gameplay\gui_new\actionscript\red\game\witcher3\menus\startup\startup1menu.as' - is this a resource
[2026.10.01 00:15:22][Error][WCC] Failed to cook 'gameplay\gui_new\actionscript\red\game\witcher3\menus\startup\startup1menu.as' !
[2026.10.01 00:15:22][Info][WCC] Start cooking 'gameplay\gui_new\actionscript\red\game\witcher3\menus\startup_experience\connectedpage.as' (isSeedFile: 1)
[2026.10.01 00:15:22][Error][WCC] Failed to load 'gameplay\gui_new\actionscript\red\game\witcher3\menus\startup_experience\connectedpage.as' - is this a resource
[2026.10.01 00:15:22][Error][WCC] Failed to cook 'gameplay\gui_new\actionscript\red\game\witcher3\menus\startup_experience\connectedpage.as' !
[2026.10.01 00:15:22][Info][WCC] Start cooking 'gameplay\gui_new\actionscript\red\game\witcher3\menus\startup_experience\connectpage.as' (isSeedFile: 1)
[2026.10.01 00:15:22][Error][WCC] Failed to load 'gameplay\gui_new\actionscript\red\game\witcher3\menus\startup_experience\connectpage.as' - is this a resource
[2026.10.01 00:15:22][Error][WCC] Failed to cook 'gameplay\gui_new\actionscript\red\game\witcher3\menus\startup_experience\connectpage.as' !
[2026.10.01 00:15:22][Info][WCC] Start cooking 'gameplay\gui_new\actionscript\red\game\witcher3\menus\startup_experience\patchnotesentry.as' (isSeedFile: 1)
[2026.10.01 00:15:22][Error][WCC] Failed to load 'gameplay\gui_new\actionscript\red\game\witcher3\menus\startup_experience\patchnotesentry.as' - is this a resource
[2026.10.01 00:15:22][Error][WCC] Failed to cook 'gameplay\gui_new\actionscript\red\game\witcher3\menus\startup_experience\patchnotesentry.as' !
[2026.10.01 00:15:22][Info][WCC] Start cooking 'gameplay\gui_new\actionscript\red\game\witcher3\menus\startup_experience\patchnotespage.as' (isSeedFile: 1)
[2026.10.01 00:15:22][Error][WCC] Failed to load 'gameplay\gui_new\actionscript\red\game\witcher3\menus\startup_experience\patchnotespage.as' - is this a resource
[2026.10.01 00:15:22][Error][WCC] Failed to cook 'gameplay\gui_new\actionscript\red\game\witcher3\menus\startup_experience\patchnotespage.as' !
[2026.10.01 00:15:22][Info][WCC] Start cooking 'gameplay\gui_new\actionscript\red\game\witcher3\menus\startup_experience\qrpanel.as' (isSeedFile: 1)
[2026.10.01 00:15:22][Error][WCC] Failed to load 'gameplay\gui_new\actionscript\red\game\witcher3\menus\startup_experience\qrpanel.as' - is this a resource
[2026.10.01 00:15:22][Error][WCC] Failed to cook 'gameplay\gui_new\actionscript\red\game\witcher3\menus\startup_experience\qrpanel.as' !
[2026.10.01 00:15:22][Info][WCC] Start cooking 'gameplay\gui_new\actionscript\red\game\witcher3\menus\startup_experience\startupexperiencemenu.as' (isSeedFile: 1)
[2026.10.01 00:15:22][Error][WCC] Failed to load 'gameplay\gui_new\actionscript\red\game\witcher3\menus\startup_experience\startupexperiencemenu.as' - is this a resource
[2026.10.01 00:15:22][Error][WCC] Failed to cook 'gameplay\gui_new\actionscript\red\game\witcher3\menus\startup_experience\startupexperiencemenu.as' !
[2026.10.01 00:15:22][Info][WCC] Start cooking 'gameplay\gui_new\actionscript\red\game\witcher3\menus\startup_experience\telemetrypage.as' (isSeedFile: 1)
[2026.10.01 00:15:22][Error][WCC] Failed to load 'gameplay\gui_new\actionscript\red\game\witcher3\menus\startup_experience\telemetrypage.as' - is this a resource
[2026.10.01 00:15:22][Error][WCC] Failed to cook 'gameplay\gui_new\actionscript\red\game\witcher3\menus\startup_experience\telemetrypage.as' !
[2026.10.01 00:15:22][Info][WCC] Start cooking 'gameplay\gui_new\actionscript\red\game\witcher3\menus\startup_experience\textedicon.as' (isSeedFile: 1)
[2026.10.01 00:15:22][Error][WCC] Failed to load 'gameplay\gui_new\actionscript\red\game\witcher3\menus\startup_experience\textedicon.as' - is this a resource
[2026.10.01 00:15:22][Error][WCC] Failed to cook 'gameplay\gui_new\actionscript\red\game\witcher3\menus\startup_experience\textedicon.as' !
[2026.10.01 00:15:22][Info][WCC] Start cooking 'gameplay\gui_new\actionscript\red\game\witcher3\menus\testmap\testmenu.as' (isSeedFile: 1)
[2026.10.01 00:15:22][Error][WCC] Failed to load 'gameplay\gui_new\actionscript\red\game\witcher3\menus\testmap\testmenu.as' - is this a resource
[2026.10.01 00:15:22][Error][WCC] Failed to cook 'gameplay\gui_new\actionscript\red\game\witcher3\menus\testmap\testmenu.as' !
[2026.10.01 00:15:22][Info][WCC] Start cooking 'gameplay\gui_new\actionscript\red\game\witcher3\menus\uirescale\uirescalemenu.as' (isSeedFile: 1)
[2026.10.01 00:15:22][Error][WCC] Failed to load 'gameplay\gui_new\actionscript\red\game\witcher3\menus\uirescale\uirescalemenu.as' - is this a resource
[2026.10.01 00:15:22][Error][WCC] Failed to cook 'gameplay\gui_new\actionscript\red\game\witcher3\menus\uirescale\uirescalemenu.as' !
[2026.10.01 00:15:22][Info][WCC] Start cooking 'gameplay\gui_new\actionscript\red\game\witcher3\menus\worldmap\basemap.as' (isSeedFile: 1)
[2026.10.01 00:15:22][Error][WCC] Failed to load 'gameplay\gui_new\actionscript\red\game\witcher3\menus\worldmap\basemap.as' - is this a resource
[2026.10.01 00:15:22][Error][WCC] Failed to cook 'gameplay\gui_new\actionscript\red\game\witcher3\menus\worldmap\basemap.as' !
[2026.10.01 00:15:22][Info][WCC] Start cooking 'gameplay\gui_new\actionscript\red\game\witcher3\menus\worldmap\currentquestmaphint.as' (isSeedFile: 1)
[2026.10.01 00:15:22][Error][WCC] Failed to load 'gameplay\gui_new\actionscript\red\game\witcher3\menus\worldmap\currentquestmaphint.as' - is this a resource
[2026.10.01 00:15:22][Error][WCC] Failed to cook 'gameplay\gui_new\actionscript\red\game\witcher3\menus\worldmap\currentquestmaphint.as' !
[2026.10.01 00:15:22][Info][WCC] Start cooking 'gameplay\gui_new\actionscript\red\game\witcher3\menus\worldmap\data\categorydata.as' (isSeedFile: 1)
[2026.10.01 00:15:22][Error][WCC] Failed to load 'gameplay\gui_new\actionscript\red\game\witcher3\menus\worldmap\data\categorydata.as' - is this a resource
[2026.10.01 00:15:22][Error][WCC] Failed to cook 'gameplay\gui_new\actionscript\red\game\witcher3\menus\worldmap\data\categorydata.as' !
[2026.10.01 00:15:22][Info][WCC] Start cooking 'gameplay\gui_new\actionscript\red\game\witcher3\menus\worldmap\data\categorypindata.as' (isSeedFile: 1)
[2026.10.01 00:15:22][Error][WCC] Failed to load 'gameplay\gui_new\actionscript\red\game\witcher3\menus\worldmap\data\categorypindata.as' - is this a resource
[2026.10.01 00:15:22][Error][WCC] Failed to cook 'gameplay\gui_new\actionscript\red\game\witcher3\menus\worldmap\data\categorypindata.as' !
[2026.10.01 00:15:22][Info][WCC] Start cooking 'gameplay\gui_new\actionscript\red\game\witcher3\menus\worldmap\data\categorypininstancedata.as' (isSeedFile: 1)
[2026.10.01 00:15:22][Error][WCC] Failed to load 'gameplay\gui_new\actionscript\red\game\witcher3\menus\worldmap\data\categorypininstancedata.as' - is this a resource
[2026.10.01 00:15:22][Error][WCC] Failed to cook 'gameplay\gui_new\actionscript\red\game\witcher3\menus\worldmap\data\categorypininstancedata.as' !
[2026.10.01 00:15:22][Info][WCC] Start cooking 'gameplay\gui_new\actionscript\red\game\witcher3\menus\worldmap\filteredpinrenderer.as' (isSeedFile: 1)
[2026.10.01 00:15:22][Error][WCC] Failed to load 'gameplay\gui_new\actionscript\red\game\witcher3\menus\worldmap\filteredpinrenderer.as' - is this a resource
[2026.10.01 00:15:22][Error][WCC] Failed to cook 'gameplay\gui_new\actionscript\red\game\witcher3\menus\worldmap\filteredpinrenderer.as' !
[2026.10.01 00:15:22][Info][WCC] Start cooking 'gameplay\gui_new\actionscript\red\game\witcher3\menus\worldmap\hubmap.as' (isSeedFile: 1)
[2026.10.01 00:15:22][Error][WCC] Failed to load 'gameplay\gui_new\actionscript\red\game\witcher3\menus\worldmap\hubmap.as' - is this a resource
[2026.10.01 00:15:22][Error][WCC] Failed to cook 'gameplay\gui_new\actionscript\red\game\witcher3\menus\worldmap\hubmap.as' !
[2026.10.01 00:15:22][Info][WCC] Start cooking 'gameplay\gui_new\actionscript\red\game\witcher3\menus\worldmap\hubmapcontainer.as' (isSeedFile: 1)
[2026.10.01 00:15:22][Error][WCC] Failed to load 'gameplay\gui_new\actionscript\red\game\witcher3\menus\worldmap\hubmapcontainer.as' - is this a resource
[2026.10.01 00:15:22][Error][WCC] Failed to cook 'gameplay\gui_new\actionscript\red\game\witcher3\menus\worldmap\hubmapcontainer.as' !
[2026.10.01 00:15:22][Info][WCC] Start cooking 'gameplay\gui_new\actionscript\red\game\witcher3\menus\worldmap\hubmappincategoryitemrenderer.as' (isSeedFile: 1)
[2026.10.01 00:15:22][Error][WCC] Failed to load 'gameplay\gui_new\actionscript\red\game\witcher3\menus\worldmap\hubmappincategoryitemrenderer.as' - is this a resource
[2026.10.01 00:15:22][Error][WCC] Failed to cook 'gameplay\gui_new\actionscript\red\game\witcher3\menus\worldmap\hubmappincategoryitemrenderer.as' !
[2026.10.01 00:15:22][Info][WCC] Start cooking 'gameplay\gui_new\actionscript\red\game\witcher3\menus\worldmap\hubmappincontainer.as' (isSeedFile: 1)
[2026.10.01 00:15:22][Error][WCC] Failed to load 'gameplay\gui_new\actionscript\red\game\witcher3\menus\worldmap\hubmappincontainer.as' - is this a resource
[2026.10.01 00:15:22][Error][WCC] Failed to cook 'gameplay\gui_new\actionscript\red\game\witcher3\menus\worldmap\hubmappincontainer.as' !
[2026.10.01 00:15:22][Info][WCC] Start cooking 'gameplay\gui_new\actionscript\red\game\witcher3\menus\worldmap\hubmappinpanel.as' (isSeedFile: 1)
[2026.10.01 00:15:22][Error][WCC] Failed to load 'gameplay\gui_new\actionscript\red\game\witcher3\menus\worldmap\hubmappinpanel.as' - is this a resource
[2026.10.01 00:15:22][Error][WCC] Failed to cook 'gameplay\gui_new\actionscript\red\game\witcher3\menus\worldmap\hubmappinpanel.as' !
[2026.10.01 00:15:22][Info][WCC] Start cooking 'gameplay\gui_new\actionscript\red\game\witcher3\menus\worldmap\hubmappreview.as' (isSeedFile: 1)
[2026.10.01 00:15:22][Error][WCC] Failed to load 'gameplay\gui_new\actionscript\red\game\witcher3\menus\worldmap\hubmappreview.as' - is this a resource
[2026.10.01 00:15:22][Error][WCC] Failed to cook 'gameplay\gui_new\actionscript\red\game\witcher3\menus\worldmap\hubmappreview.as' !
[2026.10.01 00:15:22][Info][WCC] Start cooking 'gameplay\gui_new\actionscript\red\game\witcher3\menus\worldmap\hubmappreviewzoomcontainer.as' (isSeedFile: 1)
[2026.10.01 00:15:22][Error][WCC] Failed to load 'gameplay\gui_new\actionscript\red\game\witcher3\menus\worldmap\hubmappreviewzoomcontainer.as' - is this a resource
[2026.10.01 00:15:22][Error][WCC] Failed to cook 'gameplay\gui_new\actionscript\red\game\witcher3\menus\worldmap\hubmappreviewzoomcontainer.as' !
[2026.10.01 00:15:22][Info][WCC] Start cooking 'gameplay\gui_new\actionscript\red\game\witcher3\menus\worldmap\hubmapquesttracker.as' (isSeedFile: 1)
[2026.10.01 00:15:22][Error][WCC] Failed to load 'gameplay\gui_new\actionscript\red\game\witcher3\menus\worldmap\hubmapquesttracker.as' - is this a resource
[2026.10.01 00:15:22][Error][WCC] Failed to cook 'gameplay\gui_new\actionscript\red\game\witcher3\menus\worldmap\hubmapquesttracker.as' !
[2026.10.01 00:15:22][Info][WCC] Start cooking 'gameplay\gui_new\actionscript\red\game\witcher3\menus\worldmap\hubmapquesttrackeritemrenderer.as' (isSeedFile: 1)
[2026.10.01 00:15:22][Error][WCC] Failed to load 'gameplay\gui_new\actionscript\red\game\witcher3\menus\worldmap\hubmapquesttrackeritemrenderer.as' - is this a resource
[2026.10.01 00:15:22][Error][WCC] Failed to cook 'gameplay\gui_new\actionscript\red\game\witcher3\menus\worldmap\hubmapquesttrackeritemrenderer.as' !
[2026.10.01 00:15:22][Info][WCC] Start cooking 'gameplay\gui_new\actionscript\red\game\witcher3\menus\worldmap\hubmapquesttrackernewobjrenderer.as' (isSeedFile: 1)
[2026.10.01 00:15:22][Error][WCC] Failed to load 'gameplay\gui_new\actionscript\red\game\witcher3\menus\worldmap\hubmapquesttrackernewobjrenderer.as' - is this a resource
[2026.10.01 00:15:22][Error][WCC] Failed to cook 'gameplay\gui_new\actionscript\red\game\witcher3\menus\worldmap\hubmapquesttrackernewobjrenderer.as' !
[2026.10.01 00:15:22][Info][WCC] Start cooking 'gameplay\gui_new\actionscript\red\game\witcher3\menus\worldmap\hubmapquesttrackernewquestrenderer.as' (isSeedFile: 1)
[2026.10.01 00:15:22][Error][WCC] Failed to load 'gameplay\gui_new\actionscript\red\game\witcher3\menus\worldmap\hubmapquesttrackernewquestrenderer.as' - is this a resource
[2026.10.01 00:15:22][Error][WCC] Failed to cook 'gameplay\gui_new\actionscript\red\game\witcher3\menus\worldmap\hubmapquesttrackernewquestrenderer.as' !
[2026.10.01 00:15:22][Info][WCC] Start cooking 'gameplay\gui_new\actionscript\red\game\witcher3\menus\worldmap\hubmaptile.as' (isSeedFile: 1)
[2026.10.01 00:15:22][Error][WCC] Failed to load 'gameplay\gui_new\actionscript\red\game\witcher3\menus\worldmap\hubmaptile.as' - is this a resource
[2026.10.01 00:15:22][Error][WCC] Failed to cook 'gameplay\gui_new\actionscript\red\game\witcher3\menus\worldmap\hubmaptile.as' !
[2026.10.01 00:15:22][Info][WCC] Start cooking 'gameplay\gui_new\actionscript\red\game\witcher3\menus\worldmap\hubmaptileloader.as' (isSeedFile: 1)
[2026.10.01 00:15:22][Error][WCC] Failed to load 'gameplay\gui_new\actionscript\red\game\witcher3\menus\worldmap\hubmaptileloader.as' - is this a resource
[2026.10.01 00:15:22][Error][WCC] Failed to cook 'gameplay\gui_new\actionscript\red\game\witcher3\menus\worldmap\hubmaptileloader.as' !
[2026.10.01 00:15:22][Info][WCC] Start cooking 'gameplay\gui_new\actionscript\red\game\witcher3\menus\worldmap\hubmapzoomcontainer.as' (isSeedFile: 1)
[2026.10.01 00:15:22][Error][WCC] Failed to load 'gameplay\gui_new\actionscript\red\game\witcher3\menus\worldmap\hubmapzoomcontainer.as' - is this a resource
[2026.10.01 00:15:22][Error][WCC] Failed to cook 'gameplay\gui_new\actionscript\red\game\witcher3\menus\worldmap\hubmapzoomcontainer.as' !
[2026.10.01 00:15:22][Info][WCC] Start cooking 'gameplay\gui_new\actionscript\red\game\witcher3\menus\worldmap\imagecontainer.as' (isSeedFile: 1)
[2026.10.01 00:15:22][Error][WCC] Failed to load 'gameplay\gui_new\actionscript\red\game\witcher3\menus\worldmap\imagecontainer.as' - is this a resource
[2026.10.01 00:15:22][Error][WCC] Failed to cook 'gameplay\gui_new\actionscript\red\game\witcher3\menus\worldmap\imagecontainer.as' !
[2026.10.01 00:15:22][Info][WCC] Start cooking 'gameplay\gui_new\actionscript\red\game\witcher3\menus\worldmap\interiormap.as' (isSeedFile: 1)
[2026.10.01 00:15:22][Error][WCC] Failed to load 'gameplay\gui_new\actionscript\red\game\witcher3\menus\worldmap\interiormap.as' - is this a resource
[2026.10.01 00:15:22][Error][WCC] Failed to cook 'gameplay\gui_new\actionscript\red\game\witcher3\menus\worldmap\interiormap.as' !
[2026.10.01 00:15:22][Info][WCC] Start cooking 'gameplay\gui_new\actionscript\red\game\witcher3\menus\worldmap\lodcontainer.as' (isSeedFile: 1)
[2026.10.01 00:15:22][Error][WCC] Failed to load 'gameplay\gui_new\actionscript\red\game\witcher3\menus\worldmap\lodcontainer.as' - is this a resource
[2026.10.01 00:15:22][Error][WCC] Failed to cook 'gameplay\gui_new\actionscript\red\game\witcher3\menus\worldmap\lodcontainer.as' !
[2026.10.01 00:15:22][Info][WCC] Start cooking 'gameplay\gui_new\actionscript\red\game\witcher3\menus\worldmap\mapcrosshair.as' (isSeedFile: 1)
[2026.10.01 00:15:22][Error][WCC] Failed to load 'gameplay\gui_new\actionscript\red\game\witcher3\menus\worldmap\mapcrosshair.as' - is this a resource
[2026.10.01 00:15:22][Error][WCC] Failed to cook 'gameplay\gui_new\actionscript\red\game\witcher3\menus\worldmap\mapcrosshair.as' !
[2026.10.01 00:15:22][Info][WCC] Start cooking 'gameplay\gui_new\actionscript\red\game\witcher3\menus\worldmap\mapmenu.as' (isSeedFile: 1)
[2026.10.01 00:15:22][Error][WCC] Failed to load 'gameplay\gui_new\actionscript\red\game\witcher3\menus\worldmap\mapmenu.as' - is this a resource
[2026.10.01 00:15:22][Error][WCC] Failed to cook 'gameplay\gui_new\actionscript\red\game\witcher3\menus\worldmap\mapmenu.as' !
[2026.10.01 00:15:22][Info][WCC] Start cooking 'gameplay\gui_new\actionscript\red\game\witcher3\menus\worldmap\pinpointersmanager.as' (isSeedFile: 1)
[2026.10.01 00:15:22][Error][WCC] Failed to load 'gameplay\gui_new\actionscript\red\game\witcher3\menus\worldmap\pinpointersmanager.as' - is this a resource
[2026.10.01 00:15:22][Error][WCC] Failed to cook 'gameplay\gui_new\actionscript\red\game\witcher3\menus\worldmap\pinpointersmanager.as' !
[2026.10.01 00:15:22][Info][WCC] Start cooking 'gameplay\gui_new\actionscript\red\game\witcher3\menus\worldmap\staticmappindescribed.as' (isSeedFile: 1)
[2026.10.01 00:15:22][Error][WCC] Failed to load 'gameplay\gui_new\actionscript\red\game\witcher3\menus\worldmap\staticmappindescribed.as' - is this a resource
[2026.10.01 00:15:22][Error][WCC] Failed to cook 'gameplay\gui_new\actionscript\red\game\witcher3\menus\worldmap\staticmappindescribed.as' !
[2026.10.01 00:15:22][Info][WCC] Start cooking 'gameplay\gui_new\actionscript\red\game\witcher3\menus\worldmap\staticmappinpreviewdescribed.as' (isSeedFile: 1)
[2026.10.01 00:15:22][Error][WCC] Failed to load 'gameplay\gui_new\actionscript\red\game\witcher3\menus\worldmap\staticmappinpreviewdescribed.as' - is this a resource
[2026.10.01 00:15:22][Error][WCC] Failed to cook 'gameplay\gui_new\actionscript\red\game\witcher3\menus\worldmap\staticmappinpreviewdescribed.as' !
[2026.10.01 00:15:22][Info][WCC] Start cooking 'gameplay\gui_new\actionscript\red\game\witcher3\menus\worldmap\universearea.as' (isSeedFile: 1)
[2026.10.01 00:15:22][Error][WCC] Failed to load 'gameplay\gui_new\actionscript\red\game\witcher3\menus\worldmap\universearea.as' - is this a resource
[2026.10.01 00:15:22][Error][WCC] Failed to cook 'gameplay\gui_new\actionscript\red\game\witcher3\menus\worldmap\universearea.as' !
[2026.10.01 00:15:22][Info][WCC] Start cooking 'gameplay\gui_new\actionscript\red\game\witcher3\menus\worldmap\universemap.as' (isSeedFile: 1)
[2026.10.01 00:15:22][Error][WCC] Failed to load 'gameplay\gui_new\actionscript\red\game\witcher3\menus\worldmap\universemap.as' - is this a resource
[2026.10.01 00:15:22][Error][WCC] Failed to cook 'gameplay\gui_new\actionscript\red\game\witcher3\menus\worldmap\universemap.as' !
[2026.10.01 00:15:22][Info][WCC] Start cooking 'gameplay\gui_new\actionscript\red\game\witcher3\menus\worldmap\universemapcontainer.as' (isSeedFile: 1)
[2026.10.01 00:15:22][Error][WCC] Failed to load 'gameplay\gui_new\actionscript\red\game\witcher3\menus\worldmap\universemapcontainer.as' - is this a resource
[2026.10.01 00:15:22][Error][WCC] Failed to cook 'gameplay\gui_new\actionscript\red\game\witcher3\menus\worldmap\universemapcontainer.as' !
[2026.10.01 00:15:22][Info][WCC] Start cooking 'gameplay\gui_new\actionscript\red\game\witcher3\menus\worldmap\userpinitemrenderer.as' (isSeedFile: 1)
[2026.10.01 00:15:22][Error][WCC] Failed to load 'gameplay\gui_new\actionscript\red\game\witcher3\menus\worldmap\userpinitemrenderer.as' - is this a resource
[2026.10.01 00:15:22][Error][WCC] Failed to cook 'gameplay\gui_new\actionscript\red\game\witcher3\menus\worldmap\userpinitemrenderer.as' !
[2026.10.01 00:15:22][Info][WCC] Start cooking 'gameplay\gui_new\actionscript\red\game\witcher3\menus\worldmap\userpinpanel.as' (isSeedFile: 1)
[2026.10.01 00:15:22][Error][WCC] Failed to load 'gameplay\gui_new\actionscript\red\game\witcher3\menus\worldmap\userpinpanel.as' - is this a resource
[2026.10.01 00:15:22][Error][WCC] Failed to cook 'gameplay\gui_new\actionscript\red\game\witcher3\menus\worldmap\userpinpanel.as' !
[2026.10.01 00:15:22][Info][WCC] Start cooking 'gameplay\gui_new\actionscript\red\game\witcher3\menus\worldmap\zoomboundary.as' (isSeedFile: 1)
[2026.10.01 00:15:22][Error][WCC] Failed to load 'gameplay\gui_new\actionscript\red\game\witcher3\menus\worldmap\zoomboundary.as' - is this a resource
[2026.10.01 00:15:22][Error][WCC] Failed to cook 'gameplay\gui_new\actionscript\red\game\witcher3\menus\worldmap\zoomboundary.as' !
[2026.10.01 00:15:22][Info][WCC] Start cooking 'gameplay\gui_new\actionscript\red\game\witcher3\modules\collapsabletabbedlistmodule.as' (isSeedFile: 1)
[2026.10.01 00:15:22][Error][WCC] Failed to load 'gameplay\gui_new\actionscript\red\game\witcher3\modules\collapsabletabbedlistmodule.as' - is this a resource
[2026.10.01 00:15:22][Error][WCC] Failed to cook 'gameplay\gui_new\actionscript\red\game\witcher3\modules\collapsabletabbedlistmodule.as' !
[2026.10.01 00:15:22][Info][WCC] Start cooking 'gameplay\gui_new\actionscript\red\game\witcher3\modules\itemtooltipmodule.as' (isSeedFile: 1)
[2026.10.01 00:15:22][Error][WCC] Failed to load 'gameplay\gui_new\actionscript\red\game\witcher3\modules\itemtooltipmodule.as' - is this a resource
[2026.10.01 00:15:22][Error][WCC] Failed to cook 'gameplay\gui_new\actionscript\red\game\witcher3\modules\itemtooltipmodule.as' !
[2026.10.01 00:15:22][Info][WCC] Start cooking 'gameplay\gui_new\actionscript\red\game\witcher3\modules\simplelistmodule.as' (isSeedFile: 1)
[2026.10.01 00:15:22][Error][WCC] Failed to load 'gameplay\gui_new\actionscript\red\game\witcher3\modules\simplelistmodule.as' - is this a resource
[2026.10.01 00:15:22][Error][WCC] Failed to cook 'gameplay\gui_new\actionscript\red\game\witcher3\modules\simplelistmodule.as' !
[2026.10.01 00:15:22][Info][WCC] Start cooking 'gameplay\gui_new\actionscript\red\game\witcher3\modules\tabbedscrollinglistmodule.as' (isSeedFile: 1)
[2026.10.01 00:15:22][Error][WCC] Failed to load 'gameplay\gui_new\actionscript\red\game\witcher3\modules\tabbedscrollinglistmodule.as' - is this a resource
[2026.10.01 00:15:22][Error][WCC] Failed to cook 'gameplay\gui_new\actionscript\red\game\witcher3\modules\tabbedscrollinglistmodule.as' !
[2026.10.01 00:15:22][Info][WCC] Start cooking 'gameplay\gui_new\actionscript\red\game\witcher3\popups\itemselectionpopupmenu.as' (isSeedFile: 1)
[2026.10.01 00:15:22][Error][WCC] Failed to load 'gameplay\gui_new\actionscript\red\game\witcher3\popups\itemselectionpopupmenu.as' - is this a resource
[2026.10.01 00:15:22][Error][WCC] Failed to cook 'gameplay\gui_new\actionscript\red\game\witcher3\popups\itemselectionpopupmenu.as' !
[2026.10.01 00:15:22][Info][WCC] Start cooking 'gameplay\gui_new\actionscript\red\game\witcher3\popups\lootpopupmenu.as' (isSeedFile: 1)
[2026.10.01 00:15:22][Error][WCC] Failed to load 'gameplay\gui_new\actionscript\red\game\witcher3\popups\lootpopupmenu.as' - is this a resource
[2026.10.01 00:15:22][Error][WCC] Failed to cook 'gameplay\gui_new\actionscript\red\game\witcher3\popups\lootpopupmenu.as' !
[2026.10.01 00:15:22][Info][WCC] Start cooking 'gameplay\gui_new\actionscript\red\game\witcher3\popups\messagepopupmenu.as' (isSeedFile: 1)
[2026.10.01 00:15:22][Error][WCC] Failed to load 'gameplay\gui_new\actionscript\red\game\witcher3\popups\messagepopupmenu.as' - is this a resource
[2026.10.01 00:15:22][Error][WCC] Failed to cook 'gameplay\gui_new\actionscript\red\game\witcher3\popups\messagepopupmenu.as' !
[2026.10.01 00:15:22][Info][WCC] Start cooking 'gameplay\gui_new\actionscript\red\game\witcher3\popups\notificationmodule.as' (isSeedFile: 1)
[2026.10.01 00:15:22][Error][WCC] Failed to load 'gameplay\gui_new\actionscript\red\game\witcher3\popups\notificationmodule.as' - is this a resource
[2026.10.01 00:15:22][Error][WCC] Failed to cook 'gameplay\gui_new\actionscript\red\game\witcher3\popups\notificationmodule.as' !
[2026.10.01 00:15:22][Info][WCC] Start cooking 'gameplay\gui_new\actionscript\red\game\witcher3\popups\overlaypopupmenu.as' (isSeedFile: 1)
[2026.10.01 00:15:22][Error][WCC] Failed to load 'gameplay\gui_new\actionscript\red\game\witcher3\popups\overlaypopupmenu.as' - is this a resource
[2026.10.01 00:15:22][Error][WCC] Failed to cook 'gameplay\gui_new\actionscript\red\game\witcher3\popups\overlaypopupmenu.as' !
[2026.10.01 00:15:22][Info][WCC] Start cooking 'gameplay\gui_new\actionscript\red\game\witcher3\popups\psopopup.as' (isSeedFile: 1)
[2026.10.01 00:15:22][Error][WCC] Failed to load 'gameplay\gui_new\actionscript\red\game\witcher3\popups\psopopup.as' - is this a resource
[2026.10.01 00:15:22][Error][WCC] Failed to cook 'gameplay\gui_new\actionscript\red\game\witcher3\popups\psopopup.as' !
[2026.10.01 00:15:22][Info][WCC] Start cooking 'gameplay\gui_new\actionscript\red\game\witcher3\popups\systemmessagemodule.as' (isSeedFile: 1)
[2026.10.01 00:15:22][Error][WCC] Failed to load 'gameplay\gui_new\actionscript\red\game\witcher3\popups\systemmessagemodule.as' - is this a resource
[2026.10.01 00:15:22][Error][WCC] Failed to cook 'gameplay\gui_new\actionscript\red\game\witcher3\popups\systemmessagemodule.as' !
[2026.10.01 00:15:22][Info][WCC] Start cooking 'gameplay\gui_new\actionscript\red\game\witcher3\popups\test\test2popup.as' (isSeedFile: 1)
[2026.10.01 00:15:22][Error][WCC] Failed to load 'gameplay\gui_new\actionscript\red\game\witcher3\popups\test\test2popup.as' - is this a resource
[2026.10.01 00:15:22][Error][WCC] Failed to cook 'gameplay\gui_new\actionscript\red\game\witcher3\popups\test\test2popup.as' !
[2026.10.01 00:15:22][Info][WCC] Start cooking 'gameplay\gui_new\actionscript\red\game\witcher3\popups\test\testpopup.as' (isSeedFile: 1)
[2026.10.01 00:15:22][Error][WCC] Failed to load 'gameplay\gui_new\actionscript\red\game\witcher3\popups\test\testpopup.as' - is this a resource
[2026.10.01 00:15:22][Error][WCC] Failed to cook 'gameplay\gui_new\actionscript\red\game\witcher3\popups\test\testpopup.as' !
[2026.10.01 00:15:22][Info][WCC] Start cooking 'gameplay\gui_new\actionscript\red\game\witcher3\popups\tutorialpopupmenu.as' (isSeedFile: 1)
[2026.10.01 00:15:22][Error][WCC] Failed to load 'gameplay\gui_new\actionscript\red\game\witcher3\popups\tutorialpopupmenu.as' - is this a resource
[2026.10.01 00:15:22][Error][WCC] Failed to cook 'gameplay\gui_new\actionscript\red\game\witcher3\popups\tutorialpopupmenu.as' !
[2026.10.01 00:15:22][Info][WCC] Start cooking 'gameplay\gui_new\actionscript\red\game\witcher3\slots\slotbase.as' (isSeedFile: 1)
[2026.10.01 00:15:22][Error][WCC] Failed to load 'gameplay\gui_new\actionscript\red\game\witcher3\slots\slotbase.as' - is this a resource
[2026.10.01 00:15:22][Error][WCC] Failed to cook 'gameplay\gui_new\actionscript\red\game\witcher3\slots\slotbase.as' !
[2026.10.01 00:15:22][Info][WCC] Start cooking 'gameplay\gui_new\actionscript\red\game\witcher3\slots\slotcrafting.as' (isSeedFile: 1)
[2026.10.01 00:15:22][Error][WCC] Failed to load 'gameplay\gui_new\actionscript\red\game\witcher3\slots\slotcrafting.as' - is this a resource
[2026.10.01 00:15:22][Error][WCC] Failed to cook 'gameplay\gui_new\actionscript\red\game\witcher3\slots\slotcrafting.as' !
[2026.10.01 00:15:22][Info][WCC] Start cooking 'gameplay\gui_new\actionscript\red\game\witcher3\slots\slotdragavatar.as' (isSeedFile: 1)
[2026.10.01 00:15:22][Error][WCC] Failed to load 'gameplay\gui_new\actionscript\red\game\witcher3\slots\slotdragavatar.as' - is this a resource
[2026.10.01 00:15:22][Error][WCC] Failed to cook 'gameplay\gui_new\actionscript\red\game\witcher3\slots\slotdragavatar.as' !
[2026.10.01 00:15:22][Info][WCC] Start cooking 'gameplay\gui_new\actionscript\red\game\witcher3\slots\slotdummy.as' (isSeedFile: 1)
[2026.10.01 00:15:22][Error][WCC] Failed to load 'gameplay\gui_new\actionscript\red\game\witcher3\slots\slotdummy.as' - is this a resource
[2026.10.01 00:15:22][Error][WCC] Failed to cook 'gameplay\gui_new\actionscript\red\game\witcher3\slots\slotdummy.as' !
[2026.10.01 00:15:22][Info][WCC] Start cooking 'gameplay\gui_new\actionscript\red\game\witcher3\slots\slotinventorygrid.as' (isSeedFile: 1)
[2026.10.01 00:15:22][Error][WCC] Failed to load 'gameplay\gui_new\actionscript\red\game\witcher3\slots\slotinventorygrid.as' - is this a resource
[2026.10.01 00:15:22][Error][WCC] Failed to cook 'gameplay\gui_new\actionscript\red\game\witcher3\slots\slotinventorygrid.as' !
[2026.10.01 00:15:22][Info][WCC] Start cooking 'gameplay\gui_new\actionscript\red\game\witcher3\slots\slotpaperdoll.as' (isSeedFile: 1)
[2026.10.01 00:15:22][Error][WCC] Failed to load 'gameplay\gui_new\actionscript\red\game\witcher3\slots\slotpaperdoll.as' - is this a resource
[2026.10.01 00:15:22][Error][WCC] Failed to cook 'gameplay\gui_new\actionscript\red\game\witcher3\slots\slotpaperdoll.as' !
[2026.10.01 00:15:22][Info][WCC] Start cooking 'gameplay\gui_new\actionscript\red\game\witcher3\slots\slotpointindicator.as' (isSeedFile: 1)
[2026.10.01 00:15:22][Error][WCC] Failed to load 'gameplay\gui_new\actionscript\red\game\witcher3\slots\slotpointindicator.as' - is this a resource
[2026.10.01 00:15:22][Error][WCC] Failed to cook 'gameplay\gui_new\actionscript\red\game\witcher3\slots\slotpointindicator.as' !
[2026.10.01 00:15:22][Info][WCC] Start cooking 'gameplay\gui_new\actionscript\red\game\witcher3\slots\slotskillgrid.as' (isSeedFile: 1)
[2026.10.01 00:15:22][Error][WCC] Failed to load 'gameplay\gui_new\actionscript\red\game\witcher3\slots\slotskillgrid.as' - is this a resource
[2026.10.01 00:15:22][Error][WCC] Failed to cook 'gameplay\gui_new\actionscript\red\game\witcher3\slots\slotskillgrid.as' !
[2026.10.01 00:15:22][Info][WCC] Start cooking 'gameplay\gui_new\actionscript\red\game\witcher3\slots\slotskillmutagen.as' (isSeedFile: 1)
[2026.10.01 00:15:22][Error][WCC] Failed to load 'gameplay\gui_new\actionscript\red\game\witcher3\slots\slotskillmutagen.as' - is this a resource
[2026.10.01 00:15:22][Error][WCC] Failed to cook 'gameplay\gui_new\actionscript\red\game\witcher3\slots\slotskillmutagen.as' !
[2026.10.01 00:15:22][Info][WCC] Start cooking 'gameplay\gui_new\actionscript\red\game\witcher3\slots\slotskillsocket.as' (isSeedFile: 1)
[2026.10.01 00:15:22][Error][WCC] Failed to load 'gameplay\gui_new\actionscript\red\game\witcher3\slots\slotskillsocket.as' - is this a resource
[2026.10.01 00:15:22][Error][WCC] Failed to cook 'gameplay\gui_new\actionscript\red\game\witcher3\slots\slotskillsocket.as' !
[2026.10.01 00:15:22][Info][WCC] Start cooking 'gameplay\gui_new\actionscript\red\game\witcher3\slots\slotslistbase.as' (isSeedFile: 1)
[2026.10.01 00:15:22][Error][WCC] Failed to load 'gameplay\gui_new\actionscript\red\game\witcher3\slots\slotslistbase.as' - is this a resource
[2026.10.01 00:15:22][Error][WCC] Failed to cook 'gameplay\gui_new\actionscript\red\game\witcher3\slots\slotslistbase.as' !
[2026.10.01 00:15:22][Info][WCC] Start cooking 'gameplay\gui_new\actionscript\red\game\witcher3\slots\slotslistcarousel.as' (isSeedFile: 1)
[2026.10.01 00:15:22][Error][WCC] Failed to load 'gameplay\gui_new\actionscript\red\game\witcher3\slots\slotslistcarousel.as' - is this a resource
[2026.10.01 00:15:22][Error][WCC] Failed to cook 'gameplay\gui_new\actionscript\red\game\witcher3\slots\slotslistcarousel.as' !
[2026.10.01 00:15:22][Info][WCC] Start cooking 'gameplay\gui_new\actionscript\red\game\witcher3\slots\slotslistcategorized.as' (isSeedFile: 1)
[2026.10.01 00:15:22][Error][WCC] Failed to load 'gameplay\gui_new\actionscript\red\game\witcher3\slots\slotslistcategorized.as' - is this a resource
[2026.10.01 00:15:22][Error][WCC] Failed to cook 'gameplay\gui_new\actionscript\red\game\witcher3\slots\slotslistcategorized.as' !
[2026.10.01 00:15:22][Info][WCC] Start cooking 'gameplay\gui_new\actionscript\red\game\witcher3\slots\slotslistgrid.as' (isSeedFile: 1)
[2026.10.01 00:15:22][Error][WCC] Failed to load 'gameplay\gui_new\actionscript\red\game\witcher3\slots\slotslistgrid.as' - is this a resource
[2026.10.01 00:15:22][Error][WCC] Failed to cook 'gameplay\gui_new\actionscript\red\game\witcher3\slots\slotslistgrid.as' !
[2026.10.01 00:15:22][Info][WCC] Start cooking 'gameplay\gui_new\actionscript\red\game\witcher3\slots\slotslistpaperdoll.as' (isSeedFile: 1)
[2026.10.01 00:15:22][Error][WCC] Failed to load 'gameplay\gui_new\actionscript\red\game\witcher3\slots\slotslistpaperdoll.as' - is this a resource
[2026.10.01 00:15:22][Error][WCC] Failed to cook 'gameplay\gui_new\actionscript\red\game\witcher3\slots\slotslistpaperdoll.as' !
[2026.10.01 00:15:22][Info][WCC] Start cooking 'gameplay\gui_new\actionscript\red\game\witcher3\slots\slotslistpreset.as' (isSeedFile: 1)
[2026.10.01 00:15:22][Error][WCC] Failed to load 'gameplay\gui_new\actionscript\red\game\witcher3\slots\slotslistpreset.as' - is this a resource
[2026.10.01 00:15:22][Error][WCC] Failed to cook 'gameplay\gui_new\actionscript\red\game\witcher3\slots\slotslistpreset.as' !
[2026.10.01 00:15:22][Info][WCC] Start cooking 'gameplay\gui_new\actionscript\red\game\witcher3\slots\slotslistskillsockets.as' (isSeedFile: 1)
[2026.10.01 00:15:22][Error][WCC] Failed to load 'gameplay\gui_new\actionscript\red\game\witcher3\slots\slotslistskillsockets.as' - is this a resource
[2026.10.01 00:15:22][Error][WCC] Failed to cook 'gameplay\gui_new\actionscript\red\game\witcher3\slots\slotslistskillsockets.as' !
[2026.10.01 00:15:22][Info][WCC] Start cooking 'gameplay\gui_new\actionscript\red\game\witcher3\slots\slotstate.as' (isSeedFile: 1)
[2026.10.01 00:15:22][Error][WCC] Failed to load 'gameplay\gui_new\actionscript\red\game\witcher3\slots\slotstate.as' - is this a resource
[2026.10.01 00:15:22][Error][WCC] Failed to cook 'gameplay\gui_new\actionscript\red\game\witcher3\slots\slotstate.as' !
[2026.10.01 00:15:22][Info][WCC] Start cooking 'gameplay\gui_new\actionscript\red\game\witcher3\slots\slotstransfermanager.as' (isSeedFile: 1)
[2026.10.01 00:15:22][Error][WCC] Failed to load 'gameplay\gui_new\actionscript\red\game\witcher3\slots\slotstransfermanager.as' - is this a resource
[2026.10.01 00:15:22][Error][WCC] Failed to cook 'gameplay\gui_new\actionscript\red\game\witcher3\slots\slotstransfermanager.as' !
[2026.10.01 00:15:22][Info][WCC] Start cooking 'gameplay\gui_new\actionscript\red\game\witcher3\tooltips\ingredienttooltip.as' (isSeedFile: 1)
[2026.10.01 00:15:22][Error][WCC] Failed to load 'gameplay\gui_new\actionscript\red\game\witcher3\tooltips\ingredienttooltip.as' - is this a resource
[2026.10.01 00:15:22][Error][WCC] Failed to cook 'gameplay\gui_new\actionscript\red\game\witcher3\tooltips\ingredienttooltip.as' !
[2026.10.01 00:15:22][Info][WCC] Start cooking 'gameplay\gui_new\actionscript\red\game\witcher3\tooltips\tooltipbase.as' (isSeedFile: 1)
[2026.10.01 00:15:22][Error][WCC] Failed to load 'gameplay\gui_new\actionscript\red\game\witcher3\tooltips\tooltipbase.as' - is this a resource
[2026.10.01 00:15:22][Error][WCC] Failed to cook 'gameplay\gui_new\actionscript\red\game\witcher3\tooltips\tooltipbase.as' !
[2026.10.01 00:15:22][Info][WCC] Start cooking 'gameplay\gui_new\actionscript\red\game\witcher3\tooltips\tooltipdescription.as' (isSeedFile: 1)
[2026.10.01 00:15:22][Error][WCC] Failed to load 'gameplay\gui_new\actionscript\red\game\witcher3\tooltips\tooltipdescription.as' - is this a resource
[2026.10.01 00:15:22][Error][WCC] Failed to cook 'gameplay\gui_new\actionscript\red\game\witcher3\tooltips\tooltipdescription.as' !
[2026.10.01 00:15:22][Info][WCC] Start cooking 'gameplay\gui_new\actionscript\red\game\witcher3\tooltips\tooltipemptysocket.as' (isSeedFile: 1)
[2026.10.01 00:15:22][Error][WCC] Failed to load 'gameplay\gui_new\actionscript\red\game\witcher3\tooltips\tooltipemptysocket.as' - is this a resource
[2026.10.01 00:15:22][Error][WCC] Failed to cook 'gameplay\gui_new\actionscript\red\game\witcher3\tooltips\tooltipemptysocket.as' !
[2026.10.01 00:15:22][Info][WCC] Start cooking 'gameplay\gui_new\actionscript\red\game\witcher3\tooltips\tooltipgenstatrenderer.as' (isSeedFile: 1)
[2026.10.01 00:15:22][Error][WCC] Failed to load 'gameplay\gui_new\actionscript\red\game\witcher3\tooltips\tooltipgenstatrenderer.as' - is this a resource
[2026.10.01 00:15:22][Error][WCC] Failed to cook 'gameplay\gui_new\actionscript\red\game\witcher3\tooltips\tooltipgenstatrenderer.as' !
[2026.10.01 00:15:22][Info][WCC] Start cooking 'gameplay\gui_new\actionscript\red\game\witcher3\tooltips\tooltipinventory.as' (isSeedFile: 1)
[2026.10.01 00:15:22][Error][WCC] Failed to load 'gameplay\gui_new\actionscript\red\game\witcher3\tooltips\tooltipinventory.as' - is this a resource
[2026.10.01 00:15:22][Error][WCC] Failed to cook 'gameplay\gui_new\actionscript\red\game\witcher3\tooltips\tooltipinventory.as' !
[2026.10.01 00:15:22][Info][WCC] Start cooking 'gameplay\gui_new\actionscript\red\game\witcher3\tooltips\tooltipinventorymouse.as' (isSeedFile: 1)
[2026.10.01 00:15:22][Error][WCC] Failed to load 'gameplay\gui_new\actionscript\red\game\witcher3\tooltips\tooltipinventorymouse.as' - is this a resource
[2026.10.01 00:15:22][Error][WCC] Failed to cook 'gameplay\gui_new\actionscript\red\game\witcher3\tooltips\tooltipinventorymouse.as' !
[2026.10.01 00:15:22][Info][WCC] Start cooking 'gameplay\gui_new\actionscript\red\game\witcher3\tooltips\tooltipitem.as' (isSeedFile: 1)
[2026.10.01 00:15:22][Error][WCC] Failed to load 'gameplay\gui_new\actionscript\red\game\witcher3\tooltips\tooltipitem.as' - is this a resource
[2026.10.01 00:15:22][Error][WCC] Failed to cook 'gameplay\gui_new\actionscript\red\game\witcher3\tooltips\tooltipitem.as' !
[2026.10.01 00:15:22][Info][WCC] Start cooking 'gameplay\gui_new\actionscript\red\game\witcher3\tooltips\tooltipmap.as' (isSeedFile: 1)
[2026.10.01 00:15:22][Error][WCC] Failed to load 'gameplay\gui_new\actionscript\red\game\witcher3\tooltips\tooltipmap.as' - is this a resource
[2026.10.01 00:15:22][Error][WCC] Failed to cook 'gameplay\gui_new\actionscript\red\game\witcher3\tooltips\tooltipmap.as' !
[2026.10.01 00:15:22][Info][WCC] Start cooking 'gameplay\gui_new\actionscript\red\game\witcher3\tooltips\tooltipprimarystat.as' (isSeedFile: 1)
[2026.10.01 00:15:22][Error][WCC] Failed to load 'gameplay\gui_new\actionscript\red\game\witcher3\tooltips\tooltipprimarystat.as' - is this a resource
[2026.10.01 00:15:22][Error][WCC] Failed to cook 'gameplay\gui_new\actionscript\red\game\witcher3\tooltips\tooltipprimarystat.as' !
[2026.10.01 00:15:22][Info][WCC] Start cooking 'gameplay\gui_new\actionscript\red\game\witcher3\tooltips\tooltipproprenderer.as' (isSeedFile: 1)
[2026.10.01 00:15:22][Error][WCC] Failed to load 'gameplay\gui_new\actionscript\red\game\witcher3\tooltips\tooltipproprenderer.as' - is this a resource
[2026.10.01 00:15:22][Error][WCC] Failed to cook 'gameplay\gui_new\actionscript\red\game\witcher3\tooltips\tooltipproprenderer.as' !
[2026.10.01 00:15:22][Info][WCC] Start cooking 'gameplay\gui_new\actionscript\red\game\witcher3\tooltips\tooltipproprenderer_craft.as' (isSeedFile: 1)
[2026.10.01 00:15:22][Error][WCC] Failed to load 'gameplay\gui_new\actionscript\red\game\witcher3\tooltips\tooltipproprenderer_craft.as' - is this a resource
[2026.10.01 00:15:22][Error][WCC] Failed to cook 'gameplay\gui_new\actionscript\red\game\witcher3\tooltips\tooltipproprenderer_craft.as' !
[2026.10.01 00:15:22][Info][WCC] Start cooking 'gameplay\gui_new\actionscript\red\game\witcher3\tooltips\tooltipproprenderer_mouse.as' (isSeedFile: 1)
[2026.10.01 00:15:22][Error][WCC] Failed to load 'gameplay\gui_new\actionscript\red\game\witcher3\tooltips\tooltipproprenderer_mouse.as' - is this a resource
[2026.10.01 00:15:22][Error][WCC] Failed to cook 'gameplay\gui_new\actionscript\red\game\witcher3\tooltips\tooltipproprenderer_mouse.as' !
[2026.10.01 00:15:22][Info][WCC] Start cooking 'gameplay\gui_new\actionscript\red\game\witcher3\tooltips\tooltipschematic.as' (isSeedFile: 1)
[2026.10.01 00:15:22][Error][WCC] Failed to load 'gameplay\gui_new\actionscript\red\game\witcher3\tooltips\tooltipschematic.as' - is this a resource
[2026.10.01 00:15:22][Error][WCC] Failed to cook 'gameplay\gui_new\actionscript\red\game\witcher3\tooltips\tooltipschematic.as' !
[2026.10.01 00:15:22][Info][WCC] Start cooking 'gameplay\gui_new\actionscript\red\game\witcher3\tooltips\tooltipsetstatrenderer.as' (isSeedFile: 1)
[2026.10.01 00:15:22][Error][WCC] Failed to load 'gameplay\gui_new\actionscript\red\game\witcher3\tooltips\tooltipsetstatrenderer.as' - is this a resource
[2026.10.01 00:15:22][Error][WCC] Failed to cook 'gameplay\gui_new\actionscript\red\game\witcher3\tooltips\tooltipsetstatrenderer.as' !
[2026.10.01 00:15:22][Info][WCC] Start cooking 'gameplay\gui_new\actionscript\red\game\witcher3\tooltips\tooltipsimple.as' (isSeedFile: 1)
[2026.10.01 00:15:22][Error][WCC] Failed to load 'gameplay\gui_new\actionscript\red\game\witcher3\tooltips\tooltipsimple.as' - is this a resource
[2026.10.01 00:15:22][Error][WCC] Failed to cook 'gameplay\gui_new\actionscript\red\game\witcher3\tooltips\tooltipsimple.as' !
[2026.10.01 00:15:22][Info][WCC] Start cooking 'gameplay\gui_new\actionscript\red\game\witcher3\tooltips\tooltipskill.as' (isSeedFile: 1)
[2026.10.01 00:15:22][Error][WCC] Failed to load 'gameplay\gui_new\actionscript\red\game\witcher3\tooltips\tooltipskill.as' - is this a resource
[2026.10.01 00:15:22][Error][WCC] Failed to cook 'gameplay\gui_new\actionscript\red\game\witcher3\tooltips\tooltipskill.as' !
[2026.10.01 00:15:22][Info][WCC] Start cooking 'gameplay\gui_new\actionscript\red\game\witcher3\tooltips\tooltipsocketrenderer.as' (isSeedFile: 1)
[2026.10.01 00:15:22][Error][WCC] Failed to load 'gameplay\gui_new\actionscript\red\game\witcher3\tooltips\tooltipsocketrenderer.as' - is this a resource
[2026.10.01 00:15:22][Error][WCC] Failed to cook 'gameplay\gui_new\actionscript\red\game\witcher3\tooltips\tooltipsocketrenderer.as' !
[2026.10.01 00:15:22][Info][WCC] Start cooking 'gameplay\gui_new\actionscript\red\game\witcher3\tooltips\tooltipstatistic.as' (isSeedFile: 1)
[2026.10.01 00:15:22][Error][WCC] Failed to load 'gameplay\gui_new\actionscript\red\game\witcher3\tooltips\tooltipstatistic.as' - is this a resource
[2026.10.01 00:15:22][Error][WCC] Failed to cook 'gameplay\gui_new\actionscript\red\game\witcher3\tooltips\tooltipstatistic.as' !
[2026.10.01 00:15:22][Info][WCC] Start cooking 'gameplay\gui_new\actionscript\red\game\witcher3\tooltips\tooltipstatistic_mouse.as' (isSeedFile: 1)
[2026.10.01 00:15:22][Error][WCC] Failed to load 'gameplay\gui_new\actionscript\red\game\witcher3\tooltips\tooltipstatistic_mouse.as' - is this a resource
[2026.10.01 00:15:22][Error][WCC] Failed to cook 'gameplay\gui_new\actionscript\red\game\witcher3\tooltips\tooltipstatistic_mouse.as' !
[2026.10.01 00:15:22][Info][WCC] Start cooking 'gameplay\gui_new\actionscript\red\game\witcher3\tooltips\tooltipstatrenderer.as' (isSeedFile: 1)
[2026.10.01 00:15:22][Error][WCC] Failed to load 'gameplay\gui_new\actionscript\red\game\witcher3\tooltips\tooltipstatrenderer.as' - is this a resource
[2026.10.01 00:15:22][Error][WCC] Failed to cook 'gameplay\gui_new\actionscript\red\game\witcher3\tooltips\tooltipstatrenderer.as' !
[2026.10.01 00:15:22][Info][WCC] Start cooking 'gameplay\gui_new\actionscript\red\game\witcher3\tooltips\tooltipstatrenderer_ar.as' (isSeedFile: 1)
[2026.10.01 00:15:22][Error][WCC] Failed to load 'gameplay\gui_new\actionscript\red\game\witcher3\tooltips\tooltipstatrenderer_ar.as' - is this a resource
[2026.10.01 00:15:22][Error][WCC] Failed to cook 'gameplay\gui_new\actionscript\red\game\witcher3\tooltips\tooltipstatrenderer_ar.as' !
[2026.10.01 00:15:22][Info][WCC] Start cooking 'gameplay\gui_new\actionscript\red\game\witcher3\tooltips\tooltipstatrenderer_craft.as' (isSeedFile: 1)
[2026.10.01 00:15:22][Error][WCC] Failed to load 'gameplay\gui_new\actionscript\red\game\witcher3\tooltips\tooltipstatrenderer_craft.as' - is this a resource
[2026.10.01 00:15:22][Error][WCC] Failed to cook 'gameplay\gui_new\actionscript\red\game\witcher3\tooltips\tooltipstatrenderer_craft.as' !
[2026.10.01 00:15:22][Info][WCC] Start cooking 'gameplay\gui_new\actionscript\red\game\witcher3\tooltips\tooltiptext.as' (isSeedFile: 1)
[2026.10.01 00:15:22][Error][WCC] Failed to load 'gameplay\gui_new\actionscript\red\game\witcher3\tooltips\tooltiptext.as' - is this a resource
[2026.10.01 00:15:22][Error][WCC] Failed to cook 'gameplay\gui_new\actionscript\red\game\witcher3\tooltips\tooltiptext.as' !
[2026.10.01 00:15:22][Info][WCC] Start cooking 'gameplay\gui_new\actionscript\red\game\witcher3\utils\activeobject.as' (isSeedFile: 1)
[2026.10.01 00:15:22][Error][WCC] Failed to load 'gameplay\gui_new\actionscript\red\game\witcher3\utils\activeobject.as' - is this a resource
[2026.10.01 00:15:22][Error][WCC] Failed to cook 'gameplay\gui_new\actionscript\red\game\witcher3\utils\activeobject.as' !
[2026.10.01 00:15:22][Info][WCC] Start cooking 'gameplay\gui_new\actionscript\red\game\witcher3\utils\commonutils.as' (isSeedFile: 1)
[2026.10.01 00:15:22][Error][WCC] Failed to load 'gameplay\gui_new\actionscript\red\game\witcher3\utils\commonutils.as' - is this a resource
[2026.10.01 00:15:22][Error][WCC] Failed to cook 'gameplay\gui_new\actionscript\red\game\witcher3\utils\commonutils.as' !
[2026.10.01 00:15:22][Info][WCC] Start cooking 'gameplay\gui_new\actionscript\red\game\witcher3\utils\ctwoframesbutton.as' (isSeedFile: 1)
[2026.10.01 00:15:22][Error][WCC] Failed to load 'gameplay\gui_new\actionscript\red\game\witcher3\utils\ctwoframesbutton.as' - is this a resource
[2026.10.01 00:15:22][Error][WCC] Failed to cook 'gameplay\gui_new\actionscript\red\game\witcher3\utils\ctwoframesbutton.as' !
[2026.10.01 00:15:22][Info][WCC] Start cooking 'gameplay\gui_new\actionscript\red\game\witcher3\utils\currentactiveobject.as' (isSeedFile: 1)
[2026.10.01 00:15:22][Error][WCC] Failed to load 'gameplay\gui_new\actionscript\red\game\witcher3\utils\currentactiveobject.as' - is this a resource
[2026.10.01 00:15:22][Error][WCC] Failed to cook 'gameplay\gui_new\actionscript\red\game\witcher3\utils\currentactiveobject.as' !
[2026.10.01 00:15:22][Info][WCC] Start cooking 'gameplay\gui_new\actionscript\red\game\witcher3\utils\finitestatemachine.as' (isSeedFile: 1)
[2026.10.01 00:15:22][Error][WCC] Failed to load 'gameplay\gui_new\actionscript\red\game\witcher3\utils\finitestatemachine.as' - is this a resource
[2026.10.01 00:15:22][Error][WCC] Failed to cook 'gameplay\gui_new\actionscript\red\game\witcher3\utils\finitestatemachine.as' !
[2026.10.01 00:15:22][Info][WCC] Start cooking 'gameplay\gui_new\actionscript\red\game\witcher3\utils\fsmstate.as' (isSeedFile: 1)
[2026.10.01 00:15:22][Error][WCC] Failed to load 'gameplay\gui_new\actionscript\red\game\witcher3\utils\fsmstate.as' - is this a resource
[2026.10.01 00:15:22][Error][WCC] Failed to cook 'gameplay\gui_new\actionscript\red\game\witcher3\utils\fsmstate.as' !
[2026.10.01 00:15:22][Info][WCC] Start cooking 'gameplay\gui_new\actionscript\red\game\witcher3\utils\inpututils.as' (isSeedFile: 1)
[2026.10.01 00:15:22][Error][WCC] Failed to load 'gameplay\gui_new\actionscript\red\game\witcher3\utils\inpututils.as' - is this a resource
[2026.10.01 00:15:22][Error][WCC] Failed to cook 'gameplay\gui_new\actionscript\red\game\witcher3\utils\inpututils.as' !
[2026.10.01 00:15:22][Info][WCC] Start cooking 'gameplay\gui_new\actionscript\red\game\witcher3\utils\loaderutil.as' (isSeedFile: 1)
[2026.10.01 00:15:22][Error][WCC] Failed to load 'gameplay\gui_new\actionscript\red\game\witcher3\utils\loaderutil.as' - is this a resource
[2026.10.01 00:15:22][Error][WCC] Failed to cook 'gameplay\gui_new\actionscript\red\game\witcher3\utils\loaderutil.as' !
[2026.10.01 00:15:22][Info][WCC] Start cooking 'gameplay\gui_new\actionscript\red\game\witcher3\utils\math2.as' (isSeedFile: 1)
[2026.10.01 00:15:22][Error][WCC] Failed to load 'gameplay\gui_new\actionscript\red\game\witcher3\utils\math2.as' - is this a resource
[2026.10.01 00:15:22][Error][WCC] Failed to cook 'gameplay\gui_new\actionscript\red\game\witcher3\utils\math2.as' !
[2026.10.01 00:15:22][Info][WCC] Start cooking 'gameplay\gui_new\actionscript\red\game\witcher3\utils\motion\tweenex.as' (isSeedFile: 1)
[2026.10.01 00:15:22][Error][WCC] Failed to load 'gameplay\gui_new\actionscript\red\game\witcher3\utils\motion\tweenex.as' - is this a resource
[2026.10.01 00:15:22][Error][WCC] Failed to cook 'gameplay\gui_new\actionscript\red\game\witcher3\utils\motion\tweenex.as' !
[2026.10.01 00:15:22][Info][WCC] Start cooking 'gameplay\gui_new\actionscript\red\game\witcher3\utils\mydragmanager\draggeditemvo.as' (isSeedFile: 1)
[2026.10.01 00:15:22][Error][WCC] Failed to load 'gameplay\gui_new\actionscript\red\game\witcher3\utils\mydragmanager\draggeditemvo.as' - is this a resource
[2026.10.01 00:15:22][Error][WCC] Failed to cook 'gameplay\gui_new\actionscript\red\game\witcher3\utils\mydragmanager\draggeditemvo.as' !
[2026.10.01 00:15:22][Info][WCC] Start cooking 'gameplay\gui_new\actionscript\red\game\witcher3\utils\mydragmanager\mydragmanager.as' (isSeedFile: 1)
[2026.10.01 00:15:22][Error][WCC] Failed to load 'gameplay\gui_new\actionscript\red\game\witcher3\utils\mydragmanager\mydragmanager.as' - is this a resource
[2026.10.01 00:15:22][Error][WCC] Failed to cook 'gameplay\gui_new\actionscript\red\game\witcher3\utils\mydragmanager\mydragmanager.as' !
[2026.10.01 00:15:22][Info][WCC] Start cooking 'gameplay\gui_new\actionscript\red\game\witcher3\utils\mydragmanager\mydragmanagerevent.as' (isSeedFile: 1)
[2026.10.01 00:15:22][Error][WCC] Failed to load 'gameplay\gui_new\actionscript\red\game\witcher3\utils\mydragmanager\mydragmanagerevent.as' - is this a resource
[2026.10.01 00:15:22][Error][WCC] Failed to cook 'gameplay\gui_new\actionscript\red\game\witcher3\utils\mydragmanager\mydragmanagerevent.as' !
[2026.10.01 00:15:22][Info][WCC] Start cooking 'gameplay\gui_new\actionscript\red\game\witcher3\utils\mydragmanager\slotvo.as' (isSeedFile: 1)
[2026.10.01 00:15:22][Error][WCC] Failed to load 'gameplay\gui_new\actionscript\red\game\witcher3\utils\mydragmanager\slotvo.as' - is this a resource
[2026.10.01 00:15:22][Error][WCC] Failed to cook 'gameplay\gui_new\actionscript\red\game\witcher3\utils\mydragmanager\slotvo.as' !
[2026.10.01 00:15:22][Info][WCC] Start cooking 'gameplay\gui_new\actionscript\red\game\witcher3\utils\scrollbar\scrollbar.as' (isSeedFile: 1)
[2026.10.01 00:15:22][Error][WCC] Failed to load 'gameplay\gui_new\actionscript\red\game\witcher3\utils\scrollbar\scrollbar.as' - is this a resource
[2026.10.01 00:15:22][Error][WCC] Failed to cook 'gameplay\gui_new\actionscript\red\game\witcher3\utils\scrollbar\scrollbar.as' !
[2026.10.01 00:15:22][Info][WCC] Start cooking 'gameplay\gui_new\actionscript\red\game\witcher3\utils\scrollbar\scrollbarevent.as' (isSeedFile: 1)
[2026.10.01 00:15:22][Error][WCC] Failed to load 'gameplay\gui_new\actionscript\red\game\witcher3\utils\scrollbar\scrollbarevent.as' - is this a resource
[2026.10.01 00:15:22][Error][WCC] Failed to cook 'gameplay\gui_new\actionscript\red\game\witcher3\utils\scrollbar\scrollbarevent.as' !
[2026.10.01 00:15:22][Info][WCC] Start cooking 'gameplay\gui_new\actionscript\red\game\witcher3\utils\scrollbar\scrollbarwithbuttons.as' (isSeedFile: 1)
[2026.10.01 00:15:22][Error][WCC] Failed to load 'gameplay\gui_new\actionscript\red\game\witcher3\utils\scrollbar\scrollbarwithbuttons.as' - is this a resource
[2026.10.01 00:15:22][Error][WCC] Failed to cook 'gameplay\gui_new\actionscript\red\game\witcher3\utils\scrollbar\scrollbarwithbuttons.as' !
[2026.10.01 00:15:22][Info][WCC] Start cooking 'gameplay\gui_new\actionscript\red\game\witcher3\utils\scrollbar\scrollbox.as' (isSeedFile: 1)
[2026.10.01 00:15:22][Error][WCC] Failed to load 'gameplay\gui_new\actionscript\red\game\witcher3\utils\scrollbar\scrollbox.as' - is this a resource
[2026.10.01 00:15:22][Error][WCC] Failed to cook 'gameplay\gui_new\actionscript\red\game\witcher3\utils\scrollbar\scrollbox.as' !
[2026.10.01 00:15:22][Info][WCC] Start cooking 'gameplay\gui_new\actionscript\scaleform\clik\constants\constrainmode.as' (isSeedFile: 1)
[2026.10.01 00:15:22][Error][WCC] Failed to load 'gameplay\gui_new\actionscript\scaleform\clik\constants\constrainmode.as' - is this a resource
[2026.10.01 00:15:22][Error][WCC] Failed to cook 'gameplay\gui_new\actionscript\scaleform\clik\constants\constrainmode.as' !
[2026.10.01 00:15:22][Info][WCC] Start cooking 'gameplay\gui_new\actionscript\scaleform\clik\constants\controllertype.as' (isSeedFile: 1)
[2026.10.01 00:15:22][Error][WCC] Failed to load 'gameplay\gui_new\actionscript\scaleform\clik\constants\controllertype.as' - is this a resource
[2026.10.01 00:15:22][Error][WCC] Failed to cook 'gameplay\gui_new\actionscript\scaleform\clik\constants\controllertype.as' !
[2026.10.01 00:15:22][Info][WCC] Start cooking 'gameplay\gui_new\actionscript\scaleform\clik\constants\directionmode.as' (isSeedFile: 1)
[2026.10.01 00:15:22][Error][WCC] Failed to load 'gameplay\gui_new\actionscript\scaleform\clik\constants\directionmode.as' - is this a resource
[2026.10.01 00:15:22][Error][WCC] Failed to cook 'gameplay\gui_new\actionscript\scaleform\clik\constants\directionmode.as' !
[2026.10.01 00:15:22][Info][WCC] Start cooking 'gameplay\gui_new\actionscript\scaleform\clik\constants\focusmode.as' (isSeedFile: 1)
[2026.10.01 00:15:22][Error][WCC] Failed to load 'gameplay\gui_new\actionscript\scaleform\clik\constants\focusmode.as' - is this a resource
[2026.10.01 00:15:22][Error][WCC] Failed to cook 'gameplay\gui_new\actionscript\scaleform\clik\constants\focusmode.as' !
[2026.10.01 00:15:22][Info][WCC] Start cooking 'gameplay\gui_new\actionscript\scaleform\clik\constants\inputvalue.as' (isSeedFile: 1)
[2026.10.01 00:15:22][Error][WCC] Failed to load 'gameplay\gui_new\actionscript\scaleform\clik\constants\inputvalue.as' - is this a resource
[2026.10.01 00:15:22][Error][WCC] Failed to cook 'gameplay\gui_new\actionscript\scaleform\clik\constants\inputvalue.as' !
[2026.10.01 00:15:22][Info][WCC] Start cooking 'gameplay\gui_new\actionscript\scaleform\clik\constants\invalidationtype.as' (isSeedFile: 1)
[2026.10.01 00:15:22][Error][WCC] Failed to load 'gameplay\gui_new\actionscript\scaleform\clik\constants\invalidationtype.as' - is this a resource
[2026.10.01 00:15:22][Error][WCC] Failed to cook 'gameplay\gui_new\actionscript\scaleform\clik\constants\invalidationtype.as' !
[2026.10.01 00:15:22][Info][WCC] Start cooking 'gameplay\gui_new\actionscript\scaleform\clik\constants\layoutmode.as' (isSeedFile: 1)
[2026.10.01 00:15:22][Error][WCC] Failed to load 'gameplay\gui_new\actionscript\scaleform\clik\constants\layoutmode.as' - is this a resource
[2026.10.01 00:15:22][Error][WCC] Failed to cook 'gameplay\gui_new\actionscript\scaleform\clik\constants\layoutmode.as' !
[2026.10.01 00:15:22][Info][WCC] Start cooking 'gameplay\gui_new\actionscript\scaleform\clik\constants\navigationcode.as' (isSeedFile: 1)
[2026.10.01 00:15:22][Error][WCC] Failed to load 'gameplay\gui_new\actionscript\scaleform\clik\constants\navigationcode.as' - is this a resource
[2026.10.01 00:15:22][Error][WCC] Failed to cook 'gameplay\gui_new\actionscript\scaleform\clik\constants\navigationcode.as' !
[2026.10.01 00:15:22][Info][WCC] Start cooking 'gameplay\gui_new\actionscript\scaleform\clik\constants\scrollbardirection.as' (isSeedFile: 1)
[2026.10.01 00:15:22][Error][WCC] Failed to load 'gameplay\gui_new\actionscript\scaleform\clik\constants\scrollbardirection.as' - is this a resource
[2026.10.01 00:15:22][Error][WCC] Failed to cook 'gameplay\gui_new\actionscript\scaleform\clik\constants\scrollbardirection.as' !
[2026.10.01 00:15:22][Info][WCC] Start cooking 'gameplay\gui_new\actionscript\scaleform\clik\constants\scrollbartrackmode.as' (isSeedFile: 1)
[2026.10.01 00:15:22][Error][WCC] Failed to load 'gameplay\gui_new\actionscript\scaleform\clik\constants\scrollbartrackmode.as' - is this a resource
[2026.10.01 00:15:22][Error][WCC] Failed to cook 'gameplay\gui_new\actionscript\scaleform\clik\constants\scrollbartrackmode.as' !
[2026.10.01 00:15:22][Info][WCC] Start cooking 'gameplay\gui_new\actionscript\scaleform\clik\constants\wrappingmode.as' (isSeedFile: 1)
[2026.10.01 00:15:22][Error][WCC] Failed to load 'gameplay\gui_new\actionscript\scaleform\clik\constants\wrappingmode.as' - is this a resource
[2026.10.01 00:15:22][Error][WCC] Failed to cook 'gameplay\gui_new\actionscript\scaleform\clik\constants\wrappingmode.as' !
[2026.10.01 00:15:22][Info][WCC] Start cooking 'gameplay\gui_new\actionscript\scaleform\clik\controls\button.as' (isSeedFile: 1)
[2026.10.01 00:15:22][Error][WCC] Failed to load 'gameplay\gui_new\actionscript\scaleform\clik\controls\button.as' - is this a resource
[2026.10.01 00:15:22][Error][WCC] Failed to cook 'gameplay\gui_new\actionscript\scaleform\clik\controls\button.as' !
[2026.10.01 00:15:22][Info][WCC] Start cooking 'gameplay\gui_new\actionscript\scaleform\clik\controls\buttonbar.as' (isSeedFile: 1)
[2026.10.01 00:15:22][Error][WCC] Failed to load 'gameplay\gui_new\actionscript\scaleform\clik\controls\buttonbar.as' - is this a resource
[2026.10.01 00:15:22][Error][WCC] Failed to cook 'gameplay\gui_new\actionscript\scaleform\clik\controls\buttonbar.as' !
[2026.10.01 00:15:22][Info][WCC] Start cooking 'gameplay\gui_new\actionscript\scaleform\clik\controls\buttongroup.as' (isSeedFile: 1)
[2026.10.01 00:15:22][Error][WCC] Failed to load 'gameplay\gui_new\actionscript\scaleform\clik\controls\buttongroup.as' - is this a resource
[2026.10.01 00:15:22][Error][WCC] Failed to cook 'gameplay\gui_new\actionscript\scaleform\clik\controls\buttongroup.as' !
[2026.10.01 00:15:22][Info][WCC] Start cooking 'gameplay\gui_new\actionscript\scaleform\clik\controls\checkbox.as' (isSeedFile: 1)
[2026.10.01 00:15:22][Error][WCC] Failed to load 'gameplay\gui_new\actionscript\scaleform\clik\controls\checkbox.as' - is this a resource
[2026.10.01 00:15:22][Error][WCC] Failed to cook 'gameplay\gui_new\actionscript\scaleform\clik\controls\checkbox.as' !
[2026.10.01 00:15:22][Info][WCC] Start cooking 'gameplay\gui_new\actionscript\scaleform\clik\controls\corelist.as' (isSeedFile: 1)
[2026.10.01 00:15:22][Error][WCC] Failed to load 'gameplay\gui_new\actionscript\scaleform\clik\controls\corelist.as' - is this a resource
[2026.10.01 00:15:22][Error][WCC] Failed to cook 'gameplay\gui_new\actionscript\scaleform\clik\controls\corelist.as' !
[2026.10.01 00:15:22][Info][WCC] Start cooking 'gameplay\gui_new\actionscript\scaleform\clik\controls\dragslot.as' (isSeedFile: 1)
[2026.10.01 00:15:22][Error][WCC] Failed to load 'gameplay\gui_new\actionscript\scaleform\clik\controls\dragslot.as' - is this a resource
[2026.10.01 00:15:22][Error][WCC] Failed to cook 'gameplay\gui_new\actionscript\scaleform\clik\controls\dragslot.as' !
[2026.10.01 00:15:22][Info][WCC] Start cooking 'gameplay\gui_new\actionscript\scaleform\clik\controls\dropdownmenu.as' (isSeedFile: 1)
[2026.10.01 00:15:22][Error][WCC] Failed to load 'gameplay\gui_new\actionscript\scaleform\clik\controls\dropdownmenu.as' - is this a resource
[2026.10.01 00:15:22][Error][WCC] Failed to cook 'gameplay\gui_new\actionscript\scaleform\clik\controls\dropdownmenu.as' !
[2026.10.01 00:15:22][Info][WCC] Start cooking 'gameplay\gui_new\actionscript\scaleform\clik\controls\label.as' (isSeedFile: 1)
[2026.10.01 00:15:22][Error][WCC] Failed to load 'gameplay\gui_new\actionscript\scaleform\clik\controls\label.as' - is this a resource
[2026.10.01 00:15:22][Error][WCC] Failed to cook 'gameplay\gui_new\actionscript\scaleform\clik\controls\label.as' !
[2026.10.01 00:15:22][Info][WCC] Start cooking 'gameplay\gui_new\actionscript\scaleform\clik\controls\listitemrenderer.as' (isSeedFile: 1)
[2026.10.01 00:15:22][Error][WCC] Failed to load 'gameplay\gui_new\actionscript\scaleform\clik\controls\listitemrenderer.as' - is this a resource
[2026.10.01 00:15:22][Error][WCC] Failed to cook 'gameplay\gui_new\actionscript\scaleform\clik\controls\listitemrenderer.as' !
[2026.10.01 00:15:22][Info][WCC] Start cooking 'gameplay\gui_new\actionscript\scaleform\clik\controls\numericstepper.as' (isSeedFile: 1)
[2026.10.01 00:15:22][Error][WCC] Failed to load 'gameplay\gui_new\actionscript\scaleform\clik\controls\numericstepper.as' - is this a resource
[2026.10.01 00:15:22][Error][WCC] Failed to cook 'gameplay\gui_new\actionscript\scaleform\clik\controls\numericstepper.as' !
[2026.10.01 00:15:22][Info][WCC] Start cooking 'gameplay\gui_new\actionscript\scaleform\clik\controls\optionstepper.as' (isSeedFile: 1)
[2026.10.01 00:15:22][Error][WCC] Failed to load 'gameplay\gui_new\actionscript\scaleform\clik\controls\optionstepper.as' - is this a resource
[2026.10.01 00:15:22][Error][WCC] Failed to cook 'gameplay\gui_new\actionscript\scaleform\clik\controls\optionstepper.as' !
[2026.10.01 00:15:22][Info][WCC] Start cooking 'gameplay\gui_new\actionscript\scaleform\clik\controls\radiobutton.as' (isSeedFile: 1)
[2026.10.01 00:15:22][Error][WCC] Failed to load 'gameplay\gui_new\actionscript\scaleform\clik\controls\radiobutton.as' - is this a resource
[2026.10.01 00:15:22][Error][WCC] Failed to cook 'gameplay\gui_new\actionscript\scaleform\clik\controls\radiobutton.as' !
[2026.10.01 00:15:22][Info][WCC] Start cooking 'gameplay\gui_new\actionscript\scaleform\clik\controls\scrollbar.as' (isSeedFile: 1)
[2026.10.01 00:15:22][Error][WCC] Failed to load 'gameplay\gui_new\actionscript\scaleform\clik\controls\scrollbar.as' - is this a resource
[2026.10.01 00:15:22][Error][WCC] Failed to cook 'gameplay\gui_new\actionscript\scaleform\clik\controls\scrollbar.as' !
[2026.10.01 00:15:22][Info][WCC] Start cooking 'gameplay\gui_new\actionscript\scaleform\clik\controls\scrollindicator.as' (isSeedFile: 1)
[2026.10.01 00:15:22][Error][WCC] Failed to load 'gameplay\gui_new\actionscript\scaleform\clik\controls\scrollindicator.as' - is this a resource
[2026.10.01 00:15:22][Error][WCC] Failed to cook 'gameplay\gui_new\actionscript\scaleform\clik\controls\scrollindicator.as' !
[2026.10.01 00:15:22][Info][WCC] Start cooking 'gameplay\gui_new\actionscript\scaleform\clik\controls\scrollinglist.as' (isSeedFile: 1)
[2026.10.01 00:15:22][Error][WCC] Failed to load 'gameplay\gui_new\actionscript\scaleform\clik\controls\scrollinglist.as' - is this a resource
[2026.10.01 00:15:22][Error][WCC] Failed to cook 'gameplay\gui_new\actionscript\scaleform\clik\controls\scrollinglist.as' !
[2026.10.01 00:15:22][Info][WCC] Start cooking 'gameplay\gui_new\actionscript\scaleform\clik\controls\slider.as' (isSeedFile: 1)
[2026.10.01 00:15:22][Error][WCC] Failed to load 'gameplay\gui_new\actionscript\scaleform\clik\controls\slider.as' - is this a resource
[2026.10.01 00:15:22][Error][WCC] Failed to cook 'gameplay\gui_new\actionscript\scaleform\clik\controls\slider.as' !
[2026.10.01 00:15:22][Info][WCC] Start cooking 'gameplay\gui_new\actionscript\scaleform\clik\controls\statusindicator.as' (isSeedFile: 1)
[2026.10.01 00:15:22][Error][WCC] Failed to load 'gameplay\gui_new\actionscript\scaleform\clik\controls\statusindicator.as' - is this a resource
[2026.10.01 00:15:22][Error][WCC] Failed to cook 'gameplay\gui_new\actionscript\scaleform\clik\controls\statusindicator.as' !
[2026.10.01 00:15:22][Info][WCC] Start cooking 'gameplay\gui_new\actionscript\scaleform\clik\controls\textarea.as' (isSeedFile: 1)
[2026.10.01 00:15:22][Error][WCC] Failed to load 'gameplay\gui_new\actionscript\scaleform\clik\controls\textarea.as' - is this a resource
[2026.10.01 00:15:22][Error][WCC] Failed to cook 'gameplay\gui_new\actionscript\scaleform\clik\controls\textarea.as' !
[2026.10.01 00:15:22][Info][WCC] Start cooking 'gameplay\gui_new\actionscript\scaleform\clik\controls\textinput.as' (isSeedFile: 1)
[2026.10.01 00:15:22][Error][WCC] Failed to load 'gameplay\gui_new\actionscript\scaleform\clik\controls\textinput.as' - is this a resource
[2026.10.01 00:15:22][Error][WCC] Failed to cook 'gameplay\gui_new\actionscript\scaleform\clik\controls\textinput.as' !
[2026.10.01 00:15:22][Info][WCC] Start cooking 'gameplay\gui_new\actionscript\scaleform\clik\controls\tilelist.as' (isSeedFile: 1)
[2026.10.01 00:15:22][Error][WCC] Failed to load 'gameplay\gui_new\actionscript\scaleform\clik\controls\tilelist.as' - is this a resource
[2026.10.01 00:15:22][Error][WCC] Failed to cook 'gameplay\gui_new\actionscript\scaleform\clik\controls\tilelist.as' !
[2026.10.01 00:15:22][Info][WCC] Start cooking 'gameplay\gui_new\actionscript\scaleform\clik\controls\uiloader.as' (isSeedFile: 1)
[2026.10.01 00:15:22][Error][WCC] Failed to load 'gameplay\gui_new\actionscript\scaleform\clik\controls\uiloader.as' - is this a resource
[2026.10.01 00:15:22][Error][WCC] Failed to cook 'gameplay\gui_new\actionscript\scaleform\clik\controls\uiloader.as' !
[2026.10.01 00:15:22][Info][WCC] Start cooking 'gameplay\gui_new\actionscript\scaleform\clik\controls\window.as' (isSeedFile: 1)
[2026.10.01 00:15:22][Error][WCC] Failed to load 'gameplay\gui_new\actionscript\scaleform\clik\controls\window.as' - is this a resource
[2026.10.01 00:15:22][Error][WCC] Failed to cook 'gameplay\gui_new\actionscript\scaleform\clik\controls\window.as' !
[2026.10.01 00:15:22][Info][WCC] Start cooking 'gameplay\gui_new\actionscript\scaleform\clik\core\clik.as' (isSeedFile: 1)
[2026.10.01 00:15:22][Error][WCC] Failed to load 'gameplay\gui_new\actionscript\scaleform\clik\core\clik.as' - is this a resource
[2026.10.01 00:15:22][Error][WCC] Failed to cook 'gameplay\gui_new\actionscript\scaleform\clik\core\clik.as' !
[2026.10.01 00:15:22][Info][WCC] Start cooking 'gameplay\gui_new\actionscript\scaleform\clik\core\uicomponent.as' (isSeedFile: 1)
[2026.10.01 00:15:22][Error][WCC] Failed to load 'gameplay\gui_new\actionscript\scaleform\clik\core\uicomponent.as' - is this a resource
[2026.10.01 00:15:22][Error][WCC] Failed to cook 'gameplay\gui_new\actionscript\scaleform\clik\core\uicomponent.as' !
[2026.10.01 00:15:22][Info][WCC] Start cooking 'gameplay\gui_new\actionscript\scaleform\clik\data\databinding.as' (isSeedFile: 1)
[2026.10.01 00:15:22][Error][WCC] Failed to load 'gameplay\gui_new\actionscript\scaleform\clik\data\databinding.as' - is this a resource
[2026.10.01 00:15:22][Error][WCC] Failed to cook 'gameplay\gui_new\actionscript\scaleform\clik\data\databinding.as' !
[2026.10.01 00:15:22][Info][WCC] Start cooking 'gameplay\gui_new\actionscript\scaleform\clik\data\dataprovider.as' (isSeedFile: 1)
[2026.10.01 00:15:22][Error][WCC] Failed to load 'gameplay\gui_new\actionscript\scaleform\clik\data\dataprovider.as' - is this a resource
[2026.10.01 00:15:22][Error][WCC] Failed to cook 'gameplay\gui_new\actionscript\scaleform\clik\data\dataprovider.as' !
[2026.10.01 00:15:22][Info][WCC] Start cooking 'gameplay\gui_new\actionscript\scaleform\clik\data\listdata.as' (isSeedFile: 1)
[2026.10.01 00:15:22][Error][WCC] Failed to load 'gameplay\gui_new\actionscript\scaleform\clik\data\listdata.as' - is this a resource
[2026.10.01 00:15:22][Error][WCC] Failed to cook 'gameplay\gui_new\actionscript\scaleform\clik\data\listdata.as' !
[2026.10.01 00:15:22][Info][WCC] Start cooking 'gameplay\gui_new\actionscript\scaleform\clik\events\buttonbarevent.as' (isSeedFile: 1)
[2026.10.01 00:15:22][Error][WCC] Failed to load 'gameplay\gui_new\actionscript\scaleform\clik\events\buttonbarevent.as' - is this a resource
[2026.10.01 00:15:22][Error][WCC] Failed to cook 'gameplay\gui_new\actionscript\scaleform\clik\events\buttonbarevent.as' !
[2026.10.01 00:15:22][Info][WCC] Start cooking 'gameplay\gui_new\actionscript\scaleform\clik\events\buttonevent.as' (isSeedFile: 1)
[2026.10.01 00:15:22][Error][WCC] Failed to load 'gameplay\gui_new\actionscript\scaleform\clik\events\buttonevent.as' - is this a resource
[2026.10.01 00:15:22][Error][WCC] Failed to cook 'gameplay\gui_new\actionscript\scaleform\clik\events\buttonevent.as' !
[2026.10.01 00:15:22][Info][WCC] Start cooking 'gameplay\gui_new\actionscript\scaleform\clik\events\componentevent.as' (isSeedFile: 1)
[2026.10.01 00:15:22][Error][WCC] Failed to load 'gameplay\gui_new\actionscript\scaleform\clik\events\componentevent.as' - is this a resource
[2026.10.01 00:15:22][Error][WCC] Failed to cook 'gameplay\gui_new\actionscript\scaleform\clik\events\componentevent.as' !
[2026.10.01 00:15:22][Info][WCC] Start cooking 'gameplay\gui_new\actionscript\scaleform\clik\events\dialogevent.as' (isSeedFile: 1)
[2026.10.01 00:15:22][Error][WCC] Failed to load 'gameplay\gui_new\actionscript\scaleform\clik\events\dialogevent.as' - is this a resource
[2026.10.01 00:15:22][Error][WCC] Failed to cook 'gameplay\gui_new\actionscript\scaleform\clik\events\dialogevent.as' !
[2026.10.01 00:15:22][Info][WCC] Start cooking 'gameplay\gui_new\actionscript\scaleform\clik\events\dragevent.as' (isSeedFile: 1)
[2026.10.01 00:15:22][Error][WCC] Failed to load 'gameplay\gui_new\actionscript\scaleform\clik\events\dragevent.as' - is this a resource
[2026.10.01 00:15:22][Error][WCC] Failed to cook 'gameplay\gui_new\actionscript\scaleform\clik\events\dragevent.as' !
[2026.10.01 00:15:22][Info][WCC] Start cooking 'gameplay\gui_new\actionscript\scaleform\clik\events\focushandlerevent.as' (isSeedFile: 1)
[2026.10.01 00:15:22][Error][WCC] Failed to load 'gameplay\gui_new\actionscript\scaleform\clik\events\focushandlerevent.as' - is this a resource
[2026.10.01 00:15:22][Error][WCC] Failed to cook 'gameplay\gui_new\actionscript\scaleform\clik\events\focushandlerevent.as' !
[2026.10.01 00:15:22][Info][WCC] Start cooking 'gameplay\gui_new\actionscript\scaleform\clik\events\indexevent.as' (isSeedFile: 1)
[2026.10.01 00:15:22][Error][WCC] Failed to load 'gameplay\gui_new\actionscript\scaleform\clik\events\indexevent.as' - is this a resource
[2026.10.01 00:15:22][Error][WCC] Failed to cook 'gameplay\gui_new\actionscript\scaleform\clik\events\indexevent.as' !
[2026.10.01 00:15:22][Info][WCC] Start cooking 'gameplay\gui_new\actionscript\scaleform\clik\events\inputevent.as' (isSeedFile: 1)
[2026.10.01 00:15:22][Error][WCC] Failed to load 'gameplay\gui_new\actionscript\scaleform\clik\events\inputevent.as' - is this a resource
[2026.10.01 00:15:22][Error][WCC] Failed to cook 'gameplay\gui_new\actionscript\scaleform\clik\events\inputevent.as' !
[2026.10.01 00:15:22][Info][WCC] Start cooking 'gameplay\gui_new\actionscript\scaleform\clik\events\listevent.as' (isSeedFile: 1)
[2026.10.01 00:15:22][Error][WCC] Failed to load 'gameplay\gui_new\actionscript\scaleform\clik\events\listevent.as' - is this a resource
[2026.10.01 00:15:22][Error][WCC] Failed to cook 'gameplay\gui_new\actionscript\scaleform\clik\events\listevent.as' !
[2026.10.01 00:15:22][Info][WCC] Start cooking 'gameplay\gui_new\actionscript\scaleform\clik\events\resizeevent.as' (isSeedFile: 1)
[2026.10.01 00:15:22][Error][WCC] Failed to load 'gameplay\gui_new\actionscript\scaleform\clik\events\resizeevent.as' - is this a resource
[2026.10.01 00:15:22][Error][WCC] Failed to cook 'gameplay\gui_new\actionscript\scaleform\clik\events\resizeevent.as' !
[2026.10.01 00:15:22][Info][WCC] Start cooking 'gameplay\gui_new\actionscript\scaleform\clik\events\sliderevent.as' (isSeedFile: 1)
[2026.10.01 00:15:22][Error][WCC] Failed to load 'gameplay\gui_new\actionscript\scaleform\clik\events\sliderevent.as' - is this a resource
[2026.10.01 00:15:22][Error][WCC] Failed to cook 'gameplay\gui_new\actionscript\scaleform\clik\events\sliderevent.as' !
[2026.10.01 00:15:22][Info][WCC] Start cooking 'gameplay\gui_new\actionscript\scaleform\clik\interfaces\idataprovider.as' (isSeedFile: 1)
[2026.10.01 00:15:22][Error][WCC] Failed to load 'gameplay\gui_new\actionscript\scaleform\clik\interfaces\idataprovider.as' - is this a resource
[2026.10.01 00:15:22][Error][WCC] Failed to cook 'gameplay\gui_new\actionscript\scaleform\clik\interfaces\idataprovider.as' !
[2026.10.01 00:15:22][Info][WCC] Start cooking 'gameplay\gui_new\actionscript\scaleform\clik\interfaces\idragslot.as' (isSeedFile: 1)
[2026.10.01 00:15:22][Error][WCC] Failed to load 'gameplay\gui_new\actionscript\scaleform\clik\interfaces\idragslot.as' - is this a resource
[2026.10.01 00:15:22][Error][WCC] Failed to cook 'gameplay\gui_new\actionscript\scaleform\clik\interfaces\idragslot.as' !
[2026.10.01 00:15:22][Info][WCC] Start cooking 'gameplay\gui_new\actionscript\scaleform\clik\interfaces\ilistitemrenderer.as' (isSeedFile: 1)
[2026.10.01 00:15:22][Error][WCC] Failed to load 'gameplay\gui_new\actionscript\scaleform\clik\interfaces\ilistitemrenderer.as' - is this a resource
[2026.10.01 00:15:22][Error][WCC] Failed to cook 'gameplay\gui_new\actionscript\scaleform\clik\interfaces\ilistitemrenderer.as' !
[2026.10.01 00:15:22][Info][WCC] Start cooking 'gameplay\gui_new\actionscript\scaleform\clik\interfaces\iscrollbar.as' (isSeedFile: 1)
[2026.10.01 00:15:22][Error][WCC] Failed to load 'gameplay\gui_new\actionscript\scaleform\clik\interfaces\iscrollbar.as' - is this a resource
[2026.10.01 00:15:22][Error][WCC] Failed to cook 'gameplay\gui_new\actionscript\scaleform\clik\interfaces\iscrollbar.as' !
[2026.10.01 00:15:22][Info][WCC] Start cooking 'gameplay\gui_new\actionscript\scaleform\clik\interfaces\iuicomponent.as' (isSeedFile: 1)
[2026.10.01 00:15:22][Error][WCC] Failed to load 'gameplay\gui_new\actionscript\scaleform\clik\interfaces\iuicomponent.as' - is this a resource
[2026.10.01 00:15:22][Error][WCC] Failed to cook 'gameplay\gui_new\actionscript\scaleform\clik\interfaces\iuicomponent.as' !
[2026.10.01 00:15:22][Info][WCC] Start cooking 'gameplay\gui_new\actionscript\scaleform\clik\layout\layout.as' (isSeedFile: 1)
[2026.10.01 00:15:22][Error][WCC] Failed to load 'gameplay\gui_new\actionscript\scaleform\clik\layout\layout.as' - is this a resource
[2026.10.01 00:15:22][Error][WCC] Failed to cook 'gameplay\gui_new\actionscript\scaleform\clik\layout\layout.as' !
[2026.10.01 00:15:22][Info][WCC] Start cooking 'gameplay\gui_new\actionscript\scaleform\clik\layout\layoutdata.as' (isSeedFile: 1)
[2026.10.01 00:15:22][Error][WCC] Failed to load 'gameplay\gui_new\actionscript\scaleform\clik\layout\layoutdata.as' - is this a resource
[2026.10.01 00:15:22][Error][WCC] Failed to cook 'gameplay\gui_new\actionscript\scaleform\clik\layout\layoutdata.as' !
[2026.10.01 00:15:22][Info][WCC] Start cooking 'gameplay\gui_new\actionscript\scaleform\clik\managers\dragmanager.as' (isSeedFile: 1)
[2026.10.01 00:15:22][Error][WCC] Failed to load 'gameplay\gui_new\actionscript\scaleform\clik\managers\dragmanager.as' - is this a resource
[2026.10.01 00:15:22][Error][WCC] Failed to cook 'gameplay\gui_new\actionscript\scaleform\clik\managers\dragmanager.as' !
[2026.10.01 00:15:22][Info][WCC] Start cooking 'gameplay\gui_new\actionscript\scaleform\clik\managers\focushandler.as' (isSeedFile: 1)
[2026.10.01 00:15:22][Error][WCC] Failed to load 'gameplay\gui_new\actionscript\scaleform\clik\managers\focushandler.as' - is this a resource
[2026.10.01 00:15:22][Error][WCC] Failed to cook 'gameplay\gui_new\actionscript\scaleform\clik\managers\focushandler.as' !
[2026.10.01 00:15:22][Info][WCC] Start cooking 'gameplay\gui_new\actionscript\scaleform\clik\managers\inputdelegate.as' (isSeedFile: 1)
[2026.10.01 00:15:22][Error][WCC] Failed to load 'gameplay\gui_new\actionscript\scaleform\clik\managers\inputdelegate.as' - is this a resource
[2026.10.01 00:15:22][Error][WCC] Failed to cook 'gameplay\gui_new\actionscript\scaleform\clik\managers\inputdelegate.as' !
[2026.10.01 00:15:22][Info][WCC] Start cooking 'gameplay\gui_new\actionscript\scaleform\clik\managers\popupmanager.as' (isSeedFile: 1)
[2026.10.01 00:15:22][Error][WCC] Failed to load 'gameplay\gui_new\actionscript\scaleform\clik\managers\popupmanager.as' - is this a resource
[2026.10.01 00:15:22][Error][WCC] Failed to cook 'gameplay\gui_new\actionscript\scaleform\clik\managers\popupmanager.as' !
[2026.10.01 00:15:22][Info][WCC] Start cooking 'gameplay\gui_new\actionscript\scaleform\clik\motion\tween.as' (isSeedFile: 1)
[2026.10.01 00:15:22][Error][WCC] Failed to load 'gameplay\gui_new\actionscript\scaleform\clik\motion\tween.as' - is this a resource
[2026.10.01 00:15:22][Error][WCC] Failed to cook 'gameplay\gui_new\actionscript\scaleform\clik\motion\tween.as' !
[2026.10.01 00:15:22][Info][WCC] Start cooking 'gameplay\gui_new\actionscript\scaleform\clik\ui\inputdetails.as' (isSeedFile: 1)
[2026.10.01 00:15:22][Error][WCC] Failed to load 'gameplay\gui_new\actionscript\scaleform\clik\ui\inputdetails.as' - is this a resource
[2026.10.01 00:15:22][Error][WCC] Failed to cook 'gameplay\gui_new\actionscript\scaleform\clik\ui\inputdetails.as' !
[2026.10.01 00:15:22][Info][WCC] Start cooking 'gameplay\gui_new\actionscript\scaleform\clik\utils\constrainedelement.as' (isSeedFile: 1)
[2026.10.01 00:15:22][Error][WCC] Failed to load 'gameplay\gui_new\actionscript\scaleform\clik\utils\constrainedelement.as' - is this a resource
[2026.10.01 00:15:22][Error][WCC] Failed to cook 'gameplay\gui_new\actionscript\scaleform\clik\utils\constrainedelement.as' !
[2026.10.01 00:15:22][Info][WCC] Start cooking 'gameplay\gui_new\actionscript\scaleform\clik\utils\constraints.as' (isSeedFile: 1)
[2026.10.01 00:15:22][Error][WCC] Failed to load 'gameplay\gui_new\actionscript\scaleform\clik\utils\constraints.as' - is this a resource
[2026.10.01 00:15:22][Error][WCC] Failed to cook 'gameplay\gui_new\actionscript\scaleform\clik\utils\constraints.as' !
[2026.10.01 00:15:22][Info][WCC] Start cooking 'gameplay\gui_new\actionscript\scaleform\clik\utils\gamecenterinterface.as' (isSeedFile: 1)
[2026.10.01 00:15:22][Error][WCC] Failed to load 'gameplay\gui_new\actionscript\scaleform\clik\utils\gamecenterinterface.as' - is this a resource
[2026.10.01 00:15:22][Error][WCC] Failed to cook 'gameplay\gui_new\actionscript\scaleform\clik\utils\gamecenterinterface.as' !
[2026.10.01 00:15:22][Info][WCC] Start cooking 'gameplay\gui_new\actionscript\scaleform\clik\utils\padding.as' (isSeedFile: 1)
[2026.10.01 00:15:22][Error][WCC] Failed to load 'gameplay\gui_new\actionscript\scaleform\clik\utils\padding.as' - is this a resource
[2026.10.01 00:15:22][Error][WCC] Failed to cook 'gameplay\gui_new\actionscript\scaleform\clik\utils\padding.as' !
[2026.10.01 00:15:22][Info][WCC] Start cooking 'gameplay\gui_new\actionscript\scaleform\clik\utils\weakreference.as' (isSeedFile: 1)
[2026.10.01 00:15:22][Error][WCC] Failed to load 'gameplay\gui_new\actionscript\scaleform\clik\utils\weakreference.as' - is this a resource
[2026.10.01 00:15:22][Error][WCC] Failed to cook 'gameplay\gui_new\actionscript\scaleform\clik\utils\weakreference.as' !
[2026.10.01 00:15:22][Info][WCC] Start cooking 'gameplay\gui_new\actionscript\scaleform\gfx\displayobjectex.as' (isSeedFile: 1)
[2026.10.01 00:15:22][Error][WCC] Failed to load 'gameplay\gui_new\actionscript\scaleform\gfx\displayobjectex.as' - is this a resource
[2026.10.01 00:15:22][Error][WCC] Failed to cook 'gameplay\gui_new\actionscript\scaleform\gfx\displayobjectex.as' !
[2026.10.01 00:15:22][Info][WCC] Start cooking 'gameplay\gui_new\actionscript\scaleform\gfx\extensions.as' (isSeedFile: 1)
[2026.10.01 00:15:22][Error][WCC] Failed to load 'gameplay\gui_new\actionscript\scaleform\gfx\extensions.as' - is this a resource
[2026.10.01 00:15:22][Error][WCC] Failed to cook 'gameplay\gui_new\actionscript\scaleform\gfx\extensions.as' !
[2026.10.01 00:15:22][Info][WCC] Start cooking 'gameplay\gui_new\actionscript\scaleform\gfx\focuseventex.as' (isSeedFile: 1)
[2026.10.01 00:15:22][Error][WCC] Failed to load 'gameplay\gui_new\actionscript\scaleform\gfx\focuseventex.as' - is this a resource
[2026.10.01 00:15:22][Error][WCC] Failed to cook 'gameplay\gui_new\actionscript\scaleform\gfx\focuseventex.as' !
[2026.10.01 00:15:22][Info][WCC] Start cooking 'gameplay\gui_new\actionscript\scaleform\gfx\focusmanager.as' (isSeedFile: 1)
[2026.10.01 00:15:22][Error][WCC] Failed to load 'gameplay\gui_new\actionscript\scaleform\gfx\focusmanager.as' - is this a resource
[2026.10.01 00:15:22][Error][WCC] Failed to cook 'gameplay\gui_new\actionscript\scaleform\gfx\focusmanager.as' !
[2026.10.01 00:15:22][Info][WCC] Start cooking 'gameplay\gui_new\actionscript\scaleform\gfx\gamepad.as' (isSeedFile: 1)
[2026.10.01 00:15:22][Error][WCC] Failed to load 'gameplay\gui_new\actionscript\scaleform\gfx\gamepad.as' - is this a resource
[2026.10.01 00:15:22][Error][WCC] Failed to cook 'gameplay\gui_new\actionscript\scaleform\gfx\gamepad.as' !
[2026.10.01 00:15:22][Info][WCC] Start cooking 'gameplay\gui_new\actionscript\scaleform\gfx\gamepadanalogevent.as' (isSeedFile: 1)
[2026.10.01 00:15:22][Error][WCC] Failed to load 'gameplay\gui_new\actionscript\scaleform\gfx\gamepadanalogevent.as' - is this a resource
[2026.10.01 00:15:22][Error][WCC] Failed to cook 'gameplay\gui_new\actionscript\scaleform\gfx\gamepadanalogevent.as' !
[2026.10.01 00:15:22][Info][WCC] Start cooking 'gameplay\gui_new\actionscript\scaleform\gfx\interactiveobjectex.as' (isSeedFile: 1)
[2026.10.01 00:15:22][Error][WCC] Failed to load 'gameplay\gui_new\actionscript\scaleform\gfx\interactiveobjectex.as' - is this a resource
[2026.10.01 00:15:22][Error][WCC] Failed to cook 'gameplay\gui_new\actionscript\scaleform\gfx\interactiveobjectex.as' !
[2026.10.01 00:15:22][Info][WCC] Start cooking 'gameplay\gui_new\actionscript\scaleform\gfx\keyboardeventex.as' (isSeedFile: 1)
[2026.10.01 00:15:22][Error][WCC] Failed to load 'gameplay\gui_new\actionscript\scaleform\gfx\keyboardeventex.as' - is this a resource
[2026.10.01 00:15:22][Error][WCC] Failed to cook 'gameplay\gui_new\actionscript\scaleform\gfx\keyboardeventex.as' !
[2026.10.01 00:15:22][Info][WCC] Start cooking 'gameplay\gui_new\actionscript\scaleform\gfx\mousecursorevent.as' (isSeedFile: 1)
[2026.10.01 00:15:22][Error][WCC] Failed to load 'gameplay\gui_new\actionscript\scaleform\gfx\mousecursorevent.as' - is this a resource
[2026.10.01 00:15:22][Error][WCC] Failed to cook 'gameplay\gui_new\actionscript\scaleform\gfx\mousecursorevent.as' !
[2026.10.01 00:15:22][Info][WCC] Start cooking 'gameplay\gui_new\actionscript\scaleform\gfx\mouseeventex.as' (isSeedFile: 1)
[2026.10.01 00:15:22][Error][WCC] Failed to load 'gameplay\gui_new\actionscript\scaleform\gfx\mouseeventex.as' - is this a resource
[2026.10.01 00:15:22][Error][WCC] Failed to cook 'gameplay\gui_new\actionscript\scaleform\gfx\mouseeventex.as' !
[2026.10.01 00:15:22][Info][WCC] Start cooking 'gameplay\gui_new\actionscript\scaleform\gfx\systemex.as' (isSeedFile: 1)
[2026.10.01 00:15:22][Error][WCC] Failed to load 'gameplay\gui_new\actionscript\scaleform\gfx\systemex.as' - is this a resource
[2026.10.01 00:15:22][Error][WCC] Failed to cook 'gameplay\gui_new\actionscript\scaleform\gfx\systemex.as' !
[2026.10.01 00:15:22][Info][WCC] Start cooking 'gameplay\gui_new\actionscript\scaleform\gfx\texteventex.as' (isSeedFile: 1)
[2026.10.01 00:15:22][Error][WCC] Failed to load 'gameplay\gui_new\actionscript\scaleform\gfx\texteventex.as' - is this a resource
[2026.10.01 00:15:22][Error][WCC] Failed to cook 'gameplay\gui_new\actionscript\scaleform\gfx\texteventex.as' !
[2026.10.01 00:15:22][Info][WCC] Start cooking 'gameplay\gui_new\actionscript\scaleform\gfx\textfieldex.as' (isSeedFile: 1)
[2026.10.01 00:15:22][Error][WCC] Failed to load 'gameplay\gui_new\actionscript\scaleform\gfx\textfieldex.as' - is this a resource
[2026.10.01 00:15:22][Error][WCC] Failed to cook 'gameplay\gui_new\actionscript\scaleform\gfx\textfieldex.as' !
[2026.10.01 00:15:22][Info][WCC] Start cooking 'gameplay\gui_new\fla\witcher3\menus\common\componentslib.fla' (isSeedFile: 1)
[2026.10.01 00:15:22][Error][WCC] Failed to load 'gameplay\gui_new\fla\witcher3\menus\common\componentslib.fla' - is this a resource
[2026.10.01 00:15:22][Error][WCC] Failed to cook 'gameplay\gui_new\fla\witcher3\menus\common\componentslib.fla' !
[2026.10.01 00:15:22][Info][WCC] Start cooking 'gameplay\gui_new\fla\witcher3\menus\inventory\menuinventory.fla' (isSeedFile: 1)
[2026.10.01 00:15:22][Error][WCC] Failed to load 'gameplay\gui_new\fla\witcher3\menus\inventory\menuinventory.fla' - is this a resource
[2026.10.01 00:15:22][Error][WCC] Failed to cook 'gameplay\gui_new\fla\witcher3\menus\inventory\menuinventory.fla' !
[2026.10.01 00:15:22][Info][WCC] Start cooking 'gameplay\gui_new\swf\common\componentslib.redswf' (isSeedFile: 1)
[2026.10.01 00:15:22][Info][Gui] SWF file magic 'CFX.' (0x00584643)
[2026.10.01 00:15:22][Info][TextureStreaming] Canceling texture streaming
[2026.10.01 00:15:22][Info][TextureStreaming] Canceling texture streaming
[2026.10.01 00:15:22][Info][WCC] Start cooking 'gameplay\gui_new\swf\common\componentslib.swf' (isSeedFile: 1)
[2026.10.01 00:15:22][Info][WCC] Start cooking 'gameplay\gui_new\swf\inventory\panel_inventory.redswf' (isSeedFile: 1)
[2026.10.01 00:15:22][Info][Gui] SWF file magic 'CFX.' (0x00584643)
[2026.10.01 00:15:22][Info][TextureStreaming] Canceling texture streaming
[2026.10.01 00:15:22][Info][TextureStreaming] Canceling texture streaming
[2026.10.01 00:15:22][Info][TextureStreaming] Canceling texture streaming
[2026.10.01 00:15:22][Info][TextureStreaming] Canceling texture streaming
[2026.10.01 00:15:22][Info][TextureStreaming] Canceling texture streaming
[2026.10.01 00:15:22][Info][WCC] Start cooking 'gameplay\gui_new\swf\inventory\panel_inventory.swf' (isSeedFile: 1)
[2026.10.01 00:15:22][Info][WCC] Start cooking 'scripts\game\gui\_old\components\guitooltipcomponent.ws' (isSeedFile: 1)
[2026.10.01 00:15:22][Error][WCC] Failed to load 'scripts\game\gui\_old\components\guitooltipcomponent.ws' - is this a resource
[2026.10.01 00:15:22][Error][WCC] Failed to cook 'scripts\game\gui\_old\components\guitooltipcomponent.ws' !
[2026.10.01 00:15:22][Info][WCC] Start cooking 'scripts\local\valueweightsorting.ws' (isSeedFile: 1)
[2026.10.01 00:15:22][Error][WCC] Failed to load 'scripts\local\valueweightsorting.ws' - is this a resource
[2026.10.01 00:15:22][Error][WCC] Failed to cook 'scripts\local\valueweightsorting.ws' !
[2026.10.01 00:15:22][Info][Core] Reachability		 34.23 ms
[2026.10.01 00:15:22][Info][Core] Collecting unreachables 0.18 ms
[2026.10.01 00:15:22][Info][Core] GC 101093->101084, 832 roots, 34.56 ms
[2026.10.01 00:15:22][Info][WCC] Cooker data base saved in 0.00s (881 entries, 0.20 MB)
[2026.10.01 00:15:22][Info][WCC] Cooking finished in 0.09s
[2026.10.01 00:15:22][Info][WCC] Cooked 881 files in total
[2026.10.01 00:15:22][Info][WCC] Total loading time: 0.00s
[2026.10.01 00:15:22][Info][WCC] Total saving time: 0.01s
[2026.10.01 00:15:22][Info][WCC] Total cooking time: 0.00s (9 objects)
[2026.10.01 00:15:22][Info][WCC] Per class cooking stats (2 classes):
[2026.10.01 00:15:22][Info][WCC]   0.002s: CSwfTexture (7 objects)
[2026.10.01 00:15:22][Info][WCC]   0.001s: CSwfResource (2 objects)
[2026.10.01 00:15:22][Info][WCC] Cooker data base saved in 0.00s (881 entries, 0.20 MB)
[2026.10.01 00:15:22][Info][Cooker] Flushing texture cache...
[2026.10.01 00:15:22][Info][Editor] ModCooker: Step Cook has been started!
[2026.10.01 00:15:22][Info][Editor] ModCooker: Step Cook has finished!
[2026.10.01 00:15:22][Error][SoundModCooker] Fatal Error: Wwise installation not found, please install it from https://www.audiokinetic.com/
 - The version must be 2023.1

The Editor searches in these places (in this order):
 - In the default installation folder: "C:\Program Files (x86)\Audiokinetic\Wwise..."
 - In the system's PATH, as "WwiseConsole.exe"
 - In "tools\wwise\x64\Release\bin\WwiseConsole.exe"
You can manually set the path in the Main Window: Tools/Sound/Set Wwise path..."

[2026.10.01 00:15:22][Info][Editor] ModCooker: Step CompileSounds has been started!
[2026.10.01 00:15:22][Info][Editor] ModCooker: Step CompileSounds has finished!
[2026.10.01 00:15:22][Info][Editor] Cooking 'pl' strings...
[2026.10.01 00:15:22][Info][Editor] d:\games\_modding\w3modding\redkit\projects\witcher3-value-weight\packed\mods\modpriceweight\content\pl.w3strings file created.
[2026.10.01 00:15:22][Info][Editor] Done cooking 'pl' strings!
[2026.10.01 00:15:22][Info][Editor] Cooking 'pl' speech...
[2026.10.01 00:15:23][Info][Core] Reachability		 35.24 ms
[2026.10.01 00:15:23][Info][Core] Collecting unreachables 0.20 ms
[2026.10.01 00:15:23][Info][Core] GC 101084->101084, 832 roots, 35.47 ms
[2026.10.01 00:15:23][Info][Core] [IO]: Low level move file failed: 0x2
[2026.10.01 00:15:23][Error][Core] CreateFile failed to open 'd:\games\_modding\w3modding\redkit\projects\witcher3-value-weight\packed\mods\modpriceweight\content\plpc.w3speech.old' for reading. GetLastError() returned 0x2
[2026.10.01 00:15:23][Info][Core] [IO]: Low level move file failed: 0x2
[2026.10.01 00:15:23][Info][Editor] d:\games\_modding\w3modding\redkit\projects\witcher3-value-weight\packed\mods\modpriceweight\content\plpc.w3speech has not changed.
[2026.10.01 00:15:23][Info][Editor] 	Voices new/all: 0/0 (0.00/0.00 MB)
[2026.10.01 00:15:23][Info][Editor] 	Lipsync new/all: 0/0 (0.00/0.00 MB)
[2026.10.01 00:15:23][Info][Editor] Done cooking 'pl' speech!
[2026.10.01 00:15:23][Info][Core] Reachability		 33.38 ms
[2026.10.01 00:15:23][Info][Core] Collecting unreachables 0.17 ms
[2026.10.01 00:15:23][Info][Core] GC 101084->101084, 832 roots, 33.59 ms
[2026.10.01 00:15:23][Info][Editor] Cooking 'en' strings...
[2026.10.01 00:15:23][Info][Editor] d:\games\_modding\w3modding\redkit\projects\witcher3-value-weight\packed\mods\modpriceweight\content\en.w3strings file created.
[2026.10.01 00:15:23][Info][Editor] Done cooking 'en' strings!
[2026.10.01 00:15:23][Info][Editor] Cooking 'en' speech...
[2026.10.01 00:15:23][Info][Core] Reachability		 34.16 ms
[2026.10.01 00:15:23][Info][Core] Collecting unreachables 0.20 ms
[2026.10.01 00:15:23][Info][Core] GC 101084->101084, 832 roots, 34.40 ms
[2026.10.01 00:15:23][Info][Core] [IO]: Low level move file failed: 0x2
[2026.10.01 00:15:23][Error][Core] CreateFile failed to open 'd:\games\_modding\w3modding\redkit\projects\witcher3-value-weight\packed\mods\modpriceweight\content\enpc.w3speech.old' for reading. GetLastError() returned 0x2
[2026.10.01 00:15:23][Info][Core] [IO]: Low level move file failed: 0x2
[2026.10.01 00:15:23][Info][Editor] d:\games\_modding\w3modding\redkit\projects\witcher3-value-weight\packed\mods\modpriceweight\content\enpc.w3speech has not changed.
[2026.10.01 00:15:23][Info][Editor] 	Voices new/all: 0/0 (0.00/0.00 MB)
[2026.10.01 00:15:23][Info][Editor] 	Lipsync new/all: 0/0 (0.00/0.00 MB)
[2026.10.01 00:15:23][Info][Editor] Done cooking 'en' speech!
[2026.10.01 00:15:23][Info][Core] Reachability		 35.71 ms
[2026.10.01 00:15:23][Info][Core] Collecting unreachables 0.19 ms
[2026.10.01 00:15:23][Info][Core] GC 101084->101084, 832 roots, 35.94 ms
[2026.10.01 00:15:23][Info][Editor] Cooking 'de' strings...
[2026.10.01 00:15:23][Info][Editor] d:\games\_modding\w3modding\redkit\projects\witcher3-value-weight\packed\mods\modpriceweight\content\de.w3strings file created.
[2026.10.01 00:15:23][Info][Editor] Done cooking 'de' strings!
[2026.10.01 00:15:23][Info][Editor] Cooking 'de' speech...
[2026.10.01 00:15:23][Info][Core] Reachability		 36.69 ms
[2026.10.01 00:15:23][Info][Core] Collecting unreachables 0.20 ms
[2026.10.01 00:15:23][Info][Core] GC 101084->101084, 832 roots, 36.92 ms
[2026.10.01 00:15:23][Info][Core] [IO]: Low level move file failed: 0x2
[2026.10.01 00:15:23][Error][Core] CreateFile failed to open 'd:\games\_modding\w3modding\redkit\projects\witcher3-value-weight\packed\mods\modpriceweight\content\depc.w3speech.old' for reading. GetLastError() returned 0x2
[2026.10.01 00:15:23][Info][Core] [IO]: Low level move file failed: 0x2
[2026.10.01 00:15:23][Info][Editor] d:\games\_modding\w3modding\redkit\projects\witcher3-value-weight\packed\mods\modpriceweight\content\depc.w3speech has not changed.
[2026.10.01 00:15:23][Info][Editor] 	Voices new/all: 0/0 (0.00/0.00 MB)
[2026.10.01 00:15:23][Info][Editor] 	Lipsync new/all: 0/0 (0.00/0.00 MB)
[2026.10.01 00:15:23][Info][Editor] Done cooking 'de' speech!
[2026.10.01 00:15:23][Info][Hairworks] [HairWorksLifetime] active=0 retiring=0 assets=0 pendingAssets=0 rtBytes=0
[2026.10.01 00:15:23][Info][Core] Reachability		 33.79 ms
[2026.10.01 00:15:23][Info][Core] Collecting unreachables 0.22 ms
[2026.10.01 00:15:23][Info][Core] GC 101084->101084, 832 roots, 34.03 ms
[2026.10.01 00:15:23][Info][Editor] Cooking 'it' strings...
[2026.10.01 00:15:23][Info][Editor] d:\games\_modding\w3modding\redkit\projects\witcher3-value-weight\packed\mods\modpriceweight\content\it.w3strings file created.
[2026.10.01 00:15:23][Info][Editor] Done cooking 'it' strings!
[2026.10.01 00:15:23][Info][Editor] Cooking 'it' speech...
[2026.10.01 00:15:23][Info][Core] Reachability		 33.99 ms
[2026.10.01 00:15:23][Info][Core] Collecting unreachables 0.20 ms
[2026.10.01 00:15:23][Info][Core] GC 101084->101084, 832 roots, 34.23 ms
[2026.10.01 00:15:23][Info][Core] [IO]: Low level move file failed: 0x2
[2026.10.01 00:15:23][Error][Core] CreateFile failed to open 'd:\games\_modding\w3modding\redkit\projects\witcher3-value-weight\packed\mods\modpriceweight\content\itpc.w3speech.old' for reading. GetLastError() returned 0x2
[2026.10.01 00:15:23][Info][Core] [IO]: Low level move file failed: 0x2
[2026.10.01 00:15:23][Info][Editor] d:\games\_modding\w3modding\redkit\projects\witcher3-value-weight\packed\mods\modpriceweight\content\itpc.w3speech has not changed.
[2026.10.01 00:15:23][Info][Editor] 	Voices new/all: 0/0 (0.00/0.00 MB)
[2026.10.01 00:15:23][Info][Editor] 	Lipsync new/all: 0/0 (0.00/0.00 MB)
[2026.10.01 00:15:23][Info][Editor] Done cooking 'it' speech!
[2026.10.01 00:15:23][Info][Core] Reachability		 34.50 ms
[2026.10.01 00:15:23][Info][Core] Collecting unreachables 0.20 ms
[2026.10.01 00:15:23][Info][Core] GC 101084->101084, 832 roots, 34.73 ms
[2026.10.01 00:15:23][Info][Editor] Cooking 'fr' strings...
[2026.10.01 00:15:23][Info][Editor] d:\games\_modding\w3modding\redkit\projects\witcher3-value-weight\packed\mods\modpriceweight\content\fr.w3strings file created.
[2026.10.01 00:15:23][Info][Editor] Done cooking 'fr' strings!
[2026.10.01 00:15:23][Info][Editor] Cooking 'fr' speech...
[2026.10.01 00:15:23][Info][Core] Reachability		 33.99 ms
[2026.10.01 00:15:23][Info][Core] Collecting unreachables 0.19 ms
[2026.10.01 00:15:23][Info][Core] GC 101084->101084, 832 roots, 34.23 ms
[2026.10.01 00:15:23][Info][Core] [IO]: Low level move file failed: 0x2
[2026.10.01 00:15:23][Error][Core] CreateFile failed to open 'd:\games\_modding\w3modding\redkit\projects\witcher3-value-weight\packed\mods\modpriceweight\content\frpc.w3speech.old' for reading. GetLastError() returned 0x2
[2026.10.01 00:15:23][Info][Core] [IO]: Low level move file failed: 0x2
[2026.10.01 00:15:23][Info][Editor] d:\games\_modding\w3modding\redkit\projects\witcher3-value-weight\packed\mods\modpriceweight\content\frpc.w3speech has not changed.
[2026.10.01 00:15:23][Info][Editor] 	Voices new/all: 0/0 (0.00/0.00 MB)
[2026.10.01 00:15:23][Info][Editor] 	Lipsync new/all: 0/0 (0.00/0.00 MB)
[2026.10.01 00:15:23][Info][Editor] Done cooking 'fr' speech!
[2026.10.01 00:15:23][Info][Core] Reachability		 32.81 ms
[2026.10.01 00:15:23][Info][Core] Collecting unreachables 0.17 ms
[2026.10.01 00:15:23][Info][Core] GC 101084->101084, 832 roots, 33.01 ms
[2026.10.01 00:15:23][Info][Editor] Cooking 'cz' strings...
[2026.10.01 00:15:23][Info][Editor] d:\games\_modding\w3modding\redkit\projects\witcher3-value-weight\packed\mods\modpriceweight\content\cz.w3strings file created.
[2026.10.01 00:15:23][Info][Editor] Done cooking 'cz' strings!
[2026.10.01 00:15:23][Info][Editor] Cooking 'cz' speech...
[2026.10.01 00:15:23][Info][Core] Reachability		 32.87 ms
[2026.10.01 00:15:23][Info][Core] Collecting unreachables 0.27 ms
[2026.10.01 00:15:23][Info][Core] GC 101084->101084, 832 roots, 33.17 ms
[2026.10.01 00:15:23][Info][Core] [IO]: Low level move file failed: 0x2
[2026.10.01 00:15:23][Error][Core] CreateFile failed to open 'd:\games\_modding\w3modding\redkit\projects\witcher3-value-weight\packed\mods\modpriceweight\content\czpc.w3speech.old' for reading. GetLastError() returned 0x2
[2026.10.01 00:15:23][Info][Core] [IO]: Low level move file failed: 0x2
[2026.10.01 00:15:23][Info][Editor] d:\games\_modding\w3modding\redkit\projects\witcher3-value-weight\packed\mods\modpriceweight\content\czpc.w3speech has not changed.
[2026.10.01 00:15:23][Info][Editor] 	Voices new/all: 0/0 (0.00/0.00 MB)
[2026.10.01 00:15:23][Info][Editor] 	Lipsync new/all: 0/0 (0.00/0.00 MB)
[2026.10.01 00:15:23][Info][Editor] Done cooking 'cz' speech!
[2026.10.01 00:15:23][Info][Core] Reachability		 32.66 ms
[2026.10.01 00:15:23][Info][Core] Collecting unreachables 0.17 ms
[2026.10.01 00:15:23][Info][Core] GC 101084->101084, 832 roots, 32.86 ms
[2026.10.01 00:15:23][Info][Editor] Cooking 'es' strings...
[2026.10.01 00:15:23][Info][Editor] d:\games\_modding\w3modding\redkit\projects\witcher3-value-weight\packed\mods\modpriceweight\content\es.w3strings file created.
[2026.10.01 00:15:23][Info][Editor] Done cooking 'es' strings!
[2026.10.01 00:15:23][Info][Editor] Cooking 'es' speech...
[2026.10.01 00:15:23][Info][Core] Reachability		 33.32 ms
[2026.10.01 00:15:23][Info][Core] Collecting unreachables 0.19 ms
[2026.10.01 00:15:23][Info][Core] GC 101084->101084, 832 roots, 33.54 ms
[2026.10.01 00:15:23][Info][Core] [IO]: Low level move file failed: 0x2
[2026.10.01 00:15:23][Error][Core] CreateFile failed to open 'd:\games\_modding\w3modding\redkit\projects\witcher3-value-weight\packed\mods\modpriceweight\content\espc.w3speech.old' for reading. GetLastError() returned 0x2
[2026.10.01 00:15:23][Info][Core] [IO]: Low level move file failed: 0x2
[2026.10.01 00:15:23][Info][Editor] d:\games\_modding\w3modding\redkit\projects\witcher3-value-weight\packed\mods\modpriceweight\content\espc.w3speech has not changed.
[2026.10.01 00:15:23][Info][Editor] 	Voices new/all: 0/0 (0.00/0.00 MB)
[2026.10.01 00:15:23][Info][Editor] 	Lipsync new/all: 0/0 (0.00/0.00 MB)
[2026.10.01 00:15:23][Info][Editor] Done cooking 'es' speech!
[2026.10.01 00:15:23][Info][Core] Reachability		 32.66 ms
[2026.10.01 00:15:23][Info][Core] Collecting unreachables 0.19 ms
[2026.10.01 00:15:23][Info][Core] GC 101084->101084, 832 roots, 32.92 ms
[2026.10.01 00:15:23][Info][Editor] Cooking 'zh' strings...
[2026.10.01 00:15:23][Info][Editor] d:\games\_modding\w3modding\redkit\projects\witcher3-value-weight\packed\mods\modpriceweight\content\zh.w3strings file created.
[2026.10.01 00:15:23][Info][Editor] Done cooking 'zh' strings!
[2026.10.01 00:15:23][Info][Editor] Cooking 'zh' speech...
[2026.10.01 00:15:23][Info][Core] Reachability		 32.67 ms
[2026.10.01 00:15:23][Info][Core] Collecting unreachables 0.18 ms
[2026.10.01 00:15:23][Info][Core] GC 101084->101084, 832 roots, 32.88 ms
[2026.10.01 00:15:23][Info][Core] [IO]: Low level move file failed: 0x2
[2026.10.01 00:15:23][Error][Core] CreateFile failed to open 'd:\games\_modding\w3modding\redkit\projects\witcher3-value-weight\packed\mods\modpriceweight\content\zhpc.w3speech.old' for reading. GetLastError() returned 0x2
[2026.10.01 00:15:23][Info][Core] [IO]: Low level move file failed: 0x2
[2026.10.01 00:15:23][Info][Editor] d:\games\_modding\w3modding\redkit\projects\witcher3-value-weight\packed\mods\modpriceweight\content\zhpc.w3speech has not changed.
[2026.10.01 00:15:23][Info][Editor] 	Voices new/all: 0/0 (0.00/0.00 MB)
[2026.10.01 00:15:23][Info][Editor] 	Lipsync new/all: 0/0 (0.00/0.00 MB)
[2026.10.01 00:15:23][Info][Editor] Done cooking 'zh' speech!
[2026.10.01 00:15:23][Info][Core] Reachability		 33.00 ms
[2026.10.01 00:15:23][Info][Core] Collecting unreachables 0.19 ms
[2026.10.01 00:15:23][Info][Core] GC 101084->101084, 832 roots, 33.22 ms
[2026.10.01 00:15:23][Info][Editor] Cooking 'ru' strings...
[2026.10.01 00:15:23][Info][Editor] d:\games\_modding\w3modding\redkit\projects\witcher3-value-weight\packed\mods\modpriceweight\content\ru.w3strings file created.
[2026.10.01 00:15:23][Info][Editor] Done cooking 'ru' strings!
[2026.10.01 00:15:23][Info][Editor] Cooking 'ru' speech...
[2026.10.01 00:15:23][Info][Core] Reachability		 33.79 ms
[2026.10.01 00:15:23][Info][Core] Collecting unreachables 0.19 ms
[2026.10.01 00:15:23][Info][Core] GC 101084->101084, 832 roots, 34.01 ms
[2026.10.01 00:15:23][Info][Core] [IO]: Low level move file failed: 0x2
[2026.10.01 00:15:23][Error][Core] CreateFile failed to open 'd:\games\_modding\w3modding\redkit\projects\witcher3-value-weight\packed\mods\modpriceweight\content\rupc.w3speech.old' for reading. GetLastError() returned 0x2
[2026.10.01 00:15:23][Info][Core] [IO]: Low level move file failed: 0x2
[2026.10.01 00:15:23][Info][Editor] d:\games\_modding\w3modding\redkit\projects\witcher3-value-weight\packed\mods\modpriceweight\content\rupc.w3speech has not changed.
[2026.10.01 00:15:23][Info][Editor] 	Voices new/all: 0/0 (0.00/0.00 MB)
[2026.10.01 00:15:23][Info][Editor] 	Lipsync new/all: 0/0 (0.00/0.00 MB)
[2026.10.01 00:15:23][Info][Editor] Done cooking 'ru' speech!
[2026.10.01 00:15:24][Info][Core] Reachability		 32.55 ms
[2026.10.01 00:15:24][Info][Core] Collecting unreachables 0.19 ms
[2026.10.01 00:15:24][Info][Core] GC 101084->101084, 832 roots, 32.77 ms
[2026.10.01 00:15:24][Info][Editor] Cooking 'hu' strings...
[2026.10.01 00:15:24][Info][Editor] d:\games\_modding\w3modding\redkit\projects\witcher3-value-weight\packed\mods\modpriceweight\content\hu.w3strings file created.
[2026.10.01 00:15:24][Info][Editor] Done cooking 'hu' strings!
[2026.10.01 00:15:24][Info][Editor] Cooking 'hu' speech...
[2026.10.01 00:15:24][Info][Core] Reachability		 32.85 ms
[2026.10.01 00:15:24][Info][Core] Collecting unreachables 0.21 ms
[2026.10.01 00:15:24][Info][Core] GC 101084->101084, 832 roots, 33.09 ms
[2026.10.01 00:15:24][Info][Core] [IO]: Low level move file failed: 0x2
[2026.10.01 00:15:24][Error][Core] CreateFile failed to open 'd:\games\_modding\w3modding\redkit\projects\witcher3-value-weight\packed\mods\modpriceweight\content\hupc.w3speech.old' for reading. GetLastError() returned 0x2
[2026.10.01 00:15:24][Info][Core] [IO]: Low level move file failed: 0x2
[2026.10.01 00:15:24][Info][Editor] d:\games\_modding\w3modding\redkit\projects\witcher3-value-weight\packed\mods\modpriceweight\content\hupc.w3speech has not changed.
[2026.10.01 00:15:24][Info][Editor] 	Voices new/all: 0/0 (0.00/0.00 MB)
[2026.10.01 00:15:24][Info][Editor] 	Lipsync new/all: 0/0 (0.00/0.00 MB)
[2026.10.01 00:15:24][Info][Editor] Done cooking 'hu' speech!
[2026.10.01 00:15:24][Info][Core] Reachability		 33.06 ms
[2026.10.01 00:15:24][Info][Core] Collecting unreachables 0.17 ms
[2026.10.01 00:15:24][Info][Core] GC 101084->101084, 832 roots, 33.27 ms
[2026.10.01 00:15:24][Info][Editor] Cooking 'jp' strings...
[2026.10.01 00:15:24][Info][Editor] d:\games\_modding\w3modding\redkit\projects\witcher3-value-weight\packed\mods\modpriceweight\content\jp.w3strings file created.
[2026.10.01 00:15:24][Info][Editor] Done cooking 'jp' strings!
[2026.10.01 00:15:24][Info][Editor] Cooking 'jp' speech...
[2026.10.01 00:15:24][Info][Core] Reachability		 32.85 ms
[2026.10.01 00:15:24][Info][Core] Collecting unreachables 0.19 ms
[2026.10.01 00:15:24][Info][Core] GC 101084->101084, 832 roots, 33.08 ms
[2026.10.01 00:15:24][Info][Core] [IO]: Low level move file failed: 0x2
[2026.10.01 00:15:24][Error][Core] CreateFile failed to open 'd:\games\_modding\w3modding\redkit\projects\witcher3-value-weight\packed\mods\modpriceweight\content\jppc.w3speech.old' for reading. GetLastError() returned 0x2
[2026.10.01 00:15:24][Info][Core] [IO]: Low level move file failed: 0x2
[2026.10.01 00:15:24][Info][Editor] d:\games\_modding\w3modding\redkit\projects\witcher3-value-weight\packed\mods\modpriceweight\content\jppc.w3speech has not changed.
[2026.10.01 00:15:24][Info][Editor] 	Voices new/all: 0/0 (0.00/0.00 MB)
[2026.10.01 00:15:24][Info][Editor] 	Lipsync new/all: 0/0 (0.00/0.00 MB)
[2026.10.01 00:15:24][Info][Editor] Done cooking 'jp' speech!
[2026.10.01 00:15:24][Info][Core] Reachability		 34.72 ms
[2026.10.01 00:15:24][Info][Core] Collecting unreachables 0.20 ms
[2026.10.01 00:15:24][Info][Core] GC 101084->101084, 832 roots, 34.95 ms
[2026.10.01 00:15:24][Info][Editor] Cooking 'tr' strings...
[2026.10.01 00:15:24][Info][Editor] d:\games\_modding\w3modding\redkit\projects\witcher3-value-weight\packed\mods\modpriceweight\content\tr.w3strings file created.
[2026.10.01 00:15:24][Info][Editor] Done cooking 'tr' strings!
[2026.10.01 00:15:24][Info][Editor] Cooking 'tr' speech...
[2026.10.01 00:15:24][Info][Core] Reachability		 36.03 ms
[2026.10.01 00:15:24][Info][Core] Collecting unreachables 0.18 ms
[2026.10.01 00:15:24][Info][Core] GC 101084->101084, 832 roots, 36.25 ms
[2026.10.01 00:15:24][Info][Core] [IO]: Low level move file failed: 0x2
[2026.10.01 00:15:24][Error][Core] CreateFile failed to open 'd:\games\_modding\w3modding\redkit\projects\witcher3-value-weight\packed\mods\modpriceweight\content\trpc.w3speech.old' for reading. GetLastError() returned 0x2
[2026.10.01 00:15:24][Info][Core] [IO]: Low level move file failed: 0x2
[2026.10.01 00:15:24][Info][Editor] d:\games\_modding\w3modding\redkit\projects\witcher3-value-weight\packed\mods\modpriceweight\content\trpc.w3speech has not changed.
[2026.10.01 00:15:24][Info][Editor] 	Voices new/all: 0/0 (0.00/0.00 MB)
[2026.10.01 00:15:24][Info][Editor] 	Lipsync new/all: 0/0 (0.00/0.00 MB)
[2026.10.01 00:15:24][Info][Editor] Done cooking 'tr' speech!
[2026.10.01 00:15:24][Info][Core] Reachability		 37.20 ms
[2026.10.01 00:15:24][Info][Core] Collecting unreachables 0.20 ms
[2026.10.01 00:15:24][Info][Core] GC 101084->101084, 832 roots, 37.44 ms
[2026.10.01 00:15:24][Info][Editor] Cooking 'kr' strings...
[2026.10.01 00:15:24][Info][Editor] d:\games\_modding\w3modding\redkit\projects\witcher3-value-weight\packed\mods\modpriceweight\content\kr.w3strings file created.
[2026.10.01 00:15:24][Info][Editor] Done cooking 'kr' strings!
[2026.10.01 00:15:24][Info][Editor] Cooking 'kr' speech...
[2026.10.01 00:15:24][Info][Core] Reachability		 46.48 ms
[2026.10.01 00:15:24][Info][Core] Collecting unreachables 0.19 ms
[2026.10.01 00:15:24][Info][Core] GC 101084->101084, 832 roots, 46.71 ms
[2026.10.01 00:15:24][Info][Core] [IO]: Low level move file failed: 0x2
[2026.10.01 00:15:24][Error][Core] CreateFile failed to open 'd:\games\_modding\w3modding\redkit\projects\witcher3-value-weight\packed\mods\modpriceweight\content\krpc.w3speech.old' for reading. GetLastError() returned 0x2
[2026.10.01 00:15:24][Info][Core] [IO]: Low level move file failed: 0x2
[2026.10.01 00:15:24][Info][Editor] d:\games\_modding\w3modding\redkit\projects\witcher3-value-weight\packed\mods\modpriceweight\content\krpc.w3speech has not changed.
[2026.10.01 00:15:24][Info][Editor] 	Voices new/all: 0/0 (0.00/0.00 MB)
[2026.10.01 00:15:24][Info][Editor] 	Lipsync new/all: 0/0 (0.00/0.00 MB)
[2026.10.01 00:15:24][Info][Editor] Done cooking 'kr' speech!
[2026.10.01 00:15:24][Info][Core] Reachability		 41.98 ms
[2026.10.01 00:15:24][Info][Core] Collecting unreachables 0.30 ms
[2026.10.01 00:15:24][Info][Core] GC 101084->101084, 832 roots, 42.32 ms
[2026.10.01 00:15:24][Info][Editor] Cooking 'br' strings...
[2026.10.01 00:15:24][Info][Editor] d:\games\_modding\w3modding\redkit\projects\witcher3-value-weight\packed\mods\modpriceweight\content\br.w3strings file created.
[2026.10.01 00:15:24][Info][Editor] Done cooking 'br' strings!
[2026.10.01 00:15:24][Info][Editor] Cooking 'br' speech...
[2026.10.01 00:15:24][Info][Core] Reachability		 47.52 ms
[2026.10.01 00:15:24][Info][Core] Collecting unreachables 0.19 ms
[2026.10.01 00:15:24][Info][Core] GC 101084->101084, 832 roots, 47.75 ms
[2026.10.01 00:15:24][Info][Core] [IO]: Low level move file failed: 0x2
[2026.10.01 00:15:24][Error][Core] CreateFile failed to open 'd:\games\_modding\w3modding\redkit\projects\witcher3-value-weight\packed\mods\modpriceweight\content\brpc.w3speech.old' for reading. GetLastError() returned 0x2
[2026.10.01 00:15:24][Info][Core] [IO]: Low level move file failed: 0x2
[2026.10.01 00:15:24][Info][Editor] d:\games\_modding\w3modding\redkit\projects\witcher3-value-weight\packed\mods\modpriceweight\content\brpc.w3speech has not changed.
[2026.10.01 00:15:24][Info][Editor] 	Voices new/all: 0/0 (0.00/0.00 MB)
[2026.10.01 00:15:24][Info][Editor] 	Lipsync new/all: 0/0 (0.00/0.00 MB)
[2026.10.01 00:15:24][Info][Editor] Done cooking 'br' speech!
[2026.10.01 00:15:24][Info][Core] Reachability		 36.97 ms
[2026.10.01 00:15:24][Info][Core] Collecting unreachables 0.20 ms
[2026.10.01 00:15:24][Info][Core] GC 101084->101084, 832 roots, 37.20 ms
[2026.10.01 00:15:24][Info][Editor] Cooking 'esmx' strings...
[2026.10.01 00:15:24][Info][Editor] d:\games\_modding\w3modding\redkit\projects\witcher3-value-weight\packed\mods\modpriceweight\content\esmx.w3strings file created.
[2026.10.01 00:15:24][Info][Editor] Done cooking 'esmx' strings!
[2026.10.01 00:15:24][Info][Editor] Cooking 'esmx' speech...
[2026.10.01 00:15:24][Info][Core] Reachability		 33.86 ms
[2026.10.01 00:15:24][Info][Core] Collecting unreachables 0.18 ms
[2026.10.01 00:15:24][Info][Core] GC 101084->101084, 832 roots, 34.06 ms
[2026.10.01 00:15:24][Info][Core] [IO]: Low level move file failed: 0x2
[2026.10.01 00:15:24][Error][Core] CreateFile failed to open 'd:\games\_modding\w3modding\redkit\projects\witcher3-value-weight\packed\mods\modpriceweight\content\esmxpc.w3speech.old' for reading. GetLastError() returned 0x2
[2026.10.01 00:15:24][Info][Core] [IO]: Low level move file failed: 0x2
[2026.10.01 00:15:24][Info][Editor] d:\games\_modding\w3modding\redkit\projects\witcher3-value-weight\packed\mods\modpriceweight\content\esmxpc.w3speech has not changed.
[2026.10.01 00:15:24][Info][Editor] 	Voices new/all: 0/0 (0.00/0.00 MB)
[2026.10.01 00:15:24][Info][Editor] 	Lipsync new/all: 0/0 (0.00/0.00 MB)
[2026.10.01 00:15:24][Info][Editor] Done cooking 'esmx' speech!
[2026.10.01 00:15:24][Info][Core] Reachability		 34.08 ms
[2026.10.01 00:15:24][Info][Core] Collecting unreachables 0.17 ms
[2026.10.01 00:15:24][Info][Core] GC 101084->101084, 832 roots, 34.28 ms
[2026.10.01 00:15:24][Info][Editor] Cooking 'cn' strings...
[2026.10.01 00:15:24][Info][Editor] d:\games\_modding\w3modding\redkit\projects\witcher3-value-weight\packed\mods\modpriceweight\content\cn.w3strings file created.
[2026.10.01 00:15:24][Info][Editor] Done cooking 'cn' strings!
[2026.10.01 00:15:24][Info][Editor] Cooking 'cn' speech...
[2026.10.01 00:15:24][Info][Core] Reachability		 33.90 ms
[2026.10.01 00:15:24][Info][Core] Collecting unreachables 0.19 ms
[2026.10.01 00:15:24][Info][Core] GC 101084->101084, 832 roots, 34.14 ms
[2026.10.01 00:15:24][Info][Core] [IO]: Low level move file failed: 0x2
[2026.10.01 00:15:24][Error][Core] CreateFile failed to open 'd:\games\_modding\w3modding\redkit\projects\witcher3-value-weight\packed\mods\modpriceweight\content\cnpc.w3speech.old' for reading. GetLastError() returned 0x2
[2026.10.01 00:15:24][Info][Core] [IO]: Low level move file failed: 0x2
[2026.10.01 00:15:24][Info][Editor] d:\games\_modding\w3modding\redkit\projects\witcher3-value-weight\packed\mods\modpriceweight\content\cnpc.w3speech has not changed.
[2026.10.01 00:15:24][Info][Editor] 	Voices new/all: 0/0 (0.00/0.00 MB)
[2026.10.01 00:15:24][Info][Editor] 	Lipsync new/all: 0/0 (0.00/0.00 MB)
[2026.10.01 00:15:24][Info][Editor] Done cooking 'cn' speech!
[2026.10.01 00:15:24][Info][Core] Reachability		 33.57 ms
[2026.10.01 00:15:24][Info][Core] Collecting unreachables 0.18 ms
[2026.10.01 00:15:24][Info][Core] GC 101084->101084, 832 roots, 33.78 ms
[2026.10.01 00:15:24][Info][Editor] Cooking 'ar' strings...
[2026.10.01 00:15:24][Info][Editor] d:\games\_modding\w3modding\redkit\projects\witcher3-value-weight\packed\mods\modpriceweight\content\ar.w3strings file created.
[2026.10.01 00:15:24][Info][Editor] Done cooking 'ar' strings!
[2026.10.01 00:15:24][Info][Editor] Cooking 'ar' speech...
[2026.10.01 00:15:24][Info][Core] Reachability		 34.46 ms
[2026.10.01 00:15:24][Info][Core] Collecting unreachables 0.20 ms
[2026.10.01 00:15:24][Info][Core] GC 101084->101084, 832 roots, 34.69 ms
[2026.10.01 00:15:24][Info][Core] [IO]: Low level move file failed: 0x2
[2026.10.01 00:15:24][Error][Core] CreateFile failed to open 'd:\games\_modding\w3modding\redkit\projects\witcher3-value-weight\packed\mods\modpriceweight\content\arpc.w3speech.old' for reading. GetLastError() returned 0x2
[2026.10.01 00:15:24][Info][Core] [IO]: Low level move file failed: 0x2
[2026.10.01 00:15:24][Info][Editor] d:\games\_modding\w3modding\redkit\projects\witcher3-value-weight\packed\mods\modpriceweight\content\arpc.w3speech has not changed.
[2026.10.01 00:15:24][Info][Editor] 	Voices new/all: 0/0 (0.00/0.00 MB)
[2026.10.01 00:15:24][Info][Editor] 	Lipsync new/all: 0/0 (0.00/0.00 MB)
[2026.10.01 00:15:24][Info][Editor] Done cooking 'ar' speech!
[2026.10.01 00:15:24][Info][Core] Reachability		 33.67 ms
[2026.10.01 00:15:24][Info][Core] Collecting unreachables 0.18 ms
[2026.10.01 00:15:24][Info][Core] GC 101084->101084, 832 roots, 33.88 ms
[2026.10.01 00:15:24][Info][Editor] ModCooker: Step CompileSpeech has been started!
[2026.10.01 00:15:24][Info][Editor] ModCooker: Step CompileSpeech has finished!
[2026.10.01 00:15:24][Info][Core] Reachability		 40.81 ms
[2026.10.01 00:15:24][Info][Core] Collecting unreachables 0.20 ms
[2026.10.01 00:15:24][Info][Core] GC 101084->101084, 832 roots, 41.05 ms
[2026.10.01 00:15:24][Info][Core] Collecting list of scriptables.
[2026.10.01 00:15:24][Info][Core] Snapshot from 104451 scriptables ( 11273 properties ) built in 0.08s
[2026.10.01 00:15:24][Info][Core] Scheduled 1052 non-scriptable default objects for destruction.
[2026.10.01 00:15:24][Info][Core] Reachability		 32.30 ms
[2026.10.01 00:15:24][Info][Core] Collecting unreachables 0.20 ms
[2026.10.01 00:15:24][Info][Core] GC 101084->101084, 832 roots, 32.52 ms
[2026.10.01 00:15:24][Info][Core] Scheduled 7022 default objects for destruction.
[2026.10.01 00:15:24][Info][Core] Scriptable default objects in object list after DestroyDefaultObjects(): 739.
[2026.10.01 00:15:24][Info][Core] Scriptable default objects in classes after DestroyDefaultObjects(): 0.
[2026.10.01 00:15:24][Info][Core] Clearing script definitions.
[2026.10.01 00:15:24][Info][Core] [Script]: Parsing 1527 script files...
[2026.10.01 00:15:29][Info][Core] Script functions: parsed in 4.38s
[2026.10.01 00:15:29][Info][Core] Scripts parsed in 4.38s
[2026.10.01 00:15:29][Info][Core] Clearing script definitions.
[2026.10.01 00:15:29][Info][Core] [Script]: Creating types (4781 types)...
[2026.10.01 00:15:29][Info][Core] [Script]: Creating types (4022 classes)...
[2026.10.01 00:15:29][Info][Core] Reindexed 7023 classes in 2.234ms
[2026.10.01 00:15:29][Info][Core] [Script]: Creating functions...
[2026.10.01 00:15:29][Info][Core] [Script]: Scanning for incomplete classes...
[2026.10.01 00:15:29][Warning][Core] [Script]: Warning game\gameplay\ability\PlayerAbilityManager.ws[6]: Class W3PlayerAbilityManager is not marked as abstract, but has missing functions!
[2026.10.01 00:15:29][Warning][Core] [Script]: Warning game\gameplay\ability\PlayerAbilityManager.ws[6]:  - 'OnEssenceChanged' in base class 'W3AbilityManager'
[2026.10.01 00:15:29][Warning][Core] [Script]: Warning game\cameras\exploration\driftCamera.ws[6]: Class CCameraPivotPositionControllerDrift is not marked as abstract, but has missing functions!
[2026.10.01 00:15:29][Warning][Core] [Script]: Warning game\cameras\exploration\driftCamera.ws[6]:  - 'ControllerDeactivate' in base class 'ICustomCameraScriptedPivotPositionController'
[2026.10.01 00:15:29][Warning][Core] [Script]: Warning game\cameras\exploration\driftCamera.ws[6]:  - 'ControllerSetDesiredPosition' in base class 'ICustomCameraScriptedPivotPositionController'
[2026.10.01 00:15:29][Warning][Core] [Script]: Warning game\cameras\exploration\jumpCamera.ws[15]: Class CCameraPivotPositionControllerJump is not marked as abstract, but has missing functions!
[2026.10.01 00:15:29][Warning][Core] [Script]: Warning game\cameras\exploration\jumpCamera.ws[15]:  - 'ControllerDeactivate' in base class 'ICustomCameraScriptedPivotPositionController'
[2026.10.01 00:15:29][Warning][Core] [Script]: Warning game\cameras\exploration\jumpCamera.ws[15]:  - 'ControllerSetDesiredPosition' in base class 'ICustomCameraScriptedPivotPositionController'
[2026.10.01 00:15:29][Warning][Core] [Script]: Warning game\cameras\exploration\explorationInteractionCamera.ws[6]: Class CCameraPivotPositionControllerExplorationInteraction is not marked as abstract, but has missing functions!
[2026.10.01 00:15:29][Warning][Core] [Script]: Warning game\cameras\exploration\explorationInteractionCamera.ws[6]:  - 'ControllerSetDesiredPosition' in base class 'ICustomCameraScriptedPivotPositionController'
[2026.10.01 00:15:29][Warning][Core] [Script]: Warning game\cameras\exploration\keepRelativePosition.ws[6]: Class CCameraPivotPositionControllerKeepRelative is not marked as abstract, but has missing functions!
[2026.10.01 00:15:29][Warning][Core] [Script]: Warning game\cameras\exploration\keepRelativePosition.ws[6]:  - 'ControllerDeactivate' in base class 'ICustomCameraScriptedPivotPositionController'
[2026.10.01 00:15:29][Warning][Core] [Script]: Warning game\cameras\exploration\keepRelativePosition.ws[6]:  - 'ControllerSetDesiredPosition' in base class 'ICustomCameraScriptedPivotPositionController'
[2026.10.01 00:15:29][Warning][Core] [Script]: Warning game\cameras\exploration\slideCamera.ws[6]: Class CCameraPivotPositionControllerSlide is not marked as abstract, but has missing functions!
[2026.10.01 00:15:29][Warning][Core] [Script]: Warning game\cameras\exploration\slideCamera.ws[6]:  - 'ControllerDeactivate' in base class 'ICustomCameraScriptedPivotPositionController'
[2026.10.01 00:15:29][Warning][Core] [Script]: Warning game\cameras\exploration\slideCamera.ws[6]:  - 'ControllerSetDesiredPosition' in base class 'ICustomCameraScriptedPivotPositionController'
[2026.10.01 00:15:29][Warning][Core] [Script]: Warning game\gameplay\items\throwables\camera.ws[6]: Class ThrowingCamera is not marked as abstract, but has missing functions!
[2026.10.01 00:15:29][Warning][Core] [Script]: Warning game\gameplay\items\throwables\camera.ws[6]:  - 'ControllerActivate' in base class 'ICustomCameraScriptedPivotPositionController'
[2026.10.01 00:15:29][Warning][Core] [Script]: Warning game\gameplay\items\throwables\camera.ws[6]:  - 'ControllerDeactivate' in base class 'ICustomCameraScriptedPivotPositionController'
[2026.10.01 00:15:29][Warning][Core] [Script]: Warning game\gameplay\items\throwables\camera.ws[6]:  - 'ControllerSetDesiredPosition' in base class 'ICustomCameraScriptedPivotPositionController'
[2026.10.01 00:15:29][Warning][Core] [Script]: Warning game\cameras\exploration\driftCamera.ws[128]: Class CCameraRotationControllerDrift is not marked as abstract, but has missing functions!
[2026.10.01 00:15:29][Warning][Core] [Script]: Warning game\cameras\exploration\driftCamera.ws[128]:  - 'ControllerDeactivate' in base class 'ICustomCameraScriptedPivotRotationController'
[2026.10.01 00:15:29][Warning][Core] [Script]: Warning game\cameras\exploration\driftCamera.ws[128]:  - 'ControllerSetDesiredYaw' in base class 'ICustomCameraScriptedPivotRotationController'
[2026.10.01 00:15:29][Warning][Core] [Script]: Warning game\cameras\exploration\driftCamera.ws[128]:  - 'ControllerSetDesiredPitch' in base class 'ICustomCameraScriptedPivotRotationController'
[2026.10.01 00:15:29][Warning][Core] [Script]: Warning game\cameras\exploration\driftCamera.ws[128]:  - 'ControllerRotateHorizontal' in base class 'ICustomCameraScriptedPivotRotationController'
[2026.10.01 00:15:29][Warning][Core] [Script]: Warning game\cameras\exploration\driftCamera.ws[128]:  - 'ControllerRotateVertical' in base class 'ICustomCameraScriptedPivotRotationController'
[2026.10.01 00:15:29][Warning][Core] [Script]: Warning game\cameras\exploration\driftCamera.ws[128]:  - 'ControllerStopRotating' in base class 'ICustomCameraScriptedPivotRotationController'
[2026.10.01 00:15:29][Warning][Core] [Script]: Warning game\cameras\exploration\driftCamera.ws[128]:  - 'ControllerGetRotationDelta' in base class 'ICustomCameraScriptedPivotRotationController'
[2026.10.01 00:15:29][Warning][Core] [Script]: Warning game\cameras\exploration\driftCamera.ws[128]:  - 'ControllerUpdateInput' in base class 'ICustomCameraScriptedPivotRotationController'
[2026.10.01 00:15:29][Warning][Core] [Script]: Warning game\cameras\exploration\explorationInteractionCamera.ws[52]: Class CCameraRotationControllerInteraction is not marked as abstract, but has missing functions!
[2026.10.01 00:15:29][Warning][Core] [Script]: Warning game\cameras\exploration\explorationInteractionCamera.ws[52]:  - 'ControllerDeactivate' in base class 'ICustomCameraScriptedPivotRotationController'
[2026.10.01 00:15:29][Warning][Core] [Script]: Warning game\cameras\exploration\explorationInteractionCamera.ws[52]:  - 'ControllerSetDesiredYaw' in base class 'ICustomCameraScriptedPivotRotationController'
[2026.10.01 00:15:29][Warning][Core] [Script]: Warning game\cameras\exploration\explorationInteractionCamera.ws[52]:  - 'ControllerSetDesiredPitch' in base class 'ICustomCameraScriptedPivotRotationController'
[2026.10.01 00:15:29][Warning][Core] [Script]: Warning game\cameras\exploration\explorationInteractionCamera.ws[52]:  - 'ControllerRotateHorizontal' in base class 'ICustomCameraScriptedPivotRotationController'
[2026.10.01 00:15:29][Warning][Core] [Script]: Warning game\cameras\exploration\explorationInteractionCamera.ws[52]:  - 'ControllerRotateVertical' in base class 'ICustomCameraScriptedPivotRotationController'
[2026.10.01 00:15:29][Warning][Core] [Script]: Warning game\cameras\exploration\explorationInteractionCamera.ws[52]:  - 'ControllerStopRotating' in base class 'ICustomCameraScriptedPivotRotationController'
[2026.10.01 00:15:29][Warning][Core] [Script]: Warning game\cameras\exploration\explorationInteractionCamera.ws[52]:  - 'ControllerGetRotationDelta' in base class 'ICustomCameraScriptedPivotRotationController'
[2026.10.01 00:15:29][Warning][Core] [Script]: Warning game\cameras\exploration\explorationInteractionCamera.ws[52]:  - 'ControllerUpdateInput' in base class 'ICustomCameraScriptedPivotRotationController'
[2026.10.01 00:15:29][Warning][Core] [Script]: Warning game\cameras\exploration\jumpCamera.ws[630]: Class CCameraRotationControllerJump is not marked as abstract, but has missing functions!
[2026.10.01 00:15:29][Warning][Core] [Script]: Warning game\cameras\exploration\jumpCamera.ws[630]:  - 'ControllerDeactivate' in base class 'ICustomCameraScriptedPivotRotationController'
[2026.10.01 00:15:29][Warning][Core] [Script]: Warning game\cameras\exploration\jumpCamera.ws[630]:  - 'ControllerSetDesiredYaw' in base class 'ICustomCameraScriptedPivotRotationController'
[2026.10.01 00:15:29][Warning][Core] [Script]: Warning game\cameras\exploration\jumpCamera.ws[630]:  - 'ControllerSetDesiredPitch' in base class 'ICustomCameraScriptedPivotRotationController'
[2026.10.01 00:15:29][Warning][Core] [Script]: Warning game\cameras\exploration\jumpCamera.ws[630]:  - 'ControllerRotateHorizontal' in base class 'ICustomCameraScriptedPivotRotationController'
[2026.10.01 00:15:29][Warning][Core] [Script]: Warning game\cameras\exploration\jumpCamera.ws[630]:  - 'ControllerRotateVertical' in base class 'ICustomCameraScriptedPivotRotationController'
[2026.10.01 00:15:29][Warning][Core] [Script]: Warning game\cameras\exploration\jumpCamera.ws[630]:  - 'ControllerStopRotating' in base class 'ICustomCameraScriptedPivotRotationController'
[2026.10.01 00:15:29][Warning][Core] [Script]: Warning game\cameras\exploration\jumpCamera.ws[630]:  - 'ControllerGetRotationDelta' in base class 'ICustomCameraScriptedPivotRotationController'
[2026.10.01 00:15:29][Warning][Core] [Script]: Warning game\cameras\exploration\jumpCamera.ws[630]:  - 'ControllerUpdateInput' in base class 'ICustomCameraScriptedPivotRotationController'
[2026.10.01 00:15:29][Warning][Core] [Script]: Warning game\cameras\exploration\meditation.ws[6]: Class W3MeditationCameraRotationController is not marked as abstract, but has missing functions!
[2026.10.01 00:15:29][Warning][Core] [Script]: Warning game\cameras\exploration\meditation.ws[6]:  - 'ControllerDeactivate' in base class 'ICustomCameraScriptedPivotRotationController'
[2026.10.01 00:15:29][Warning][Core] [Script]: Warning game\cameras\exploration\meditation.ws[6]:  - 'ControllerSetDesiredPitch' in base class 'ICustomCameraScriptedPivotRotationController'
[2026.10.01 00:15:29][Warning][Core] [Script]: Warning game\cameras\exploration\meditation.ws[6]:  - 'ControllerRotateHorizontal' in base class 'ICustomCameraScriptedPivotRotationController'
[2026.10.01 00:15:29][Warning][Core] [Script]: Warning game\cameras\exploration\meditation.ws[6]:  - 'ControllerRotateVertical' in base class 'ICustomCameraScriptedPivotRotationController'
[2026.10.01 00:15:29][Warning][Core] [Script]: Warning game\cameras\exploration\meditation.ws[6]:  - 'ControllerStopRotating' in base class 'ICustomCameraScriptedPivotRotationController'
[2026.10.01 00:15:29][Warning][Core] [Script]: Warning game\cameras\exploration\meditation.ws[6]:  - 'ControllerGetRotationDelta' in base class 'ICustomCameraScriptedPivotRotationController'
[2026.10.01 00:15:29][Warning][Core] [Script]: Warning game\temp.ws[7394]: Class ARDebugCameraRot is not marked as abstract, but has missing functions!
[2026.10.01 00:15:29][Warning][Core] [Script]: Warning game\temp.ws[7394]:  - 'ControllerActivate' in base class 'ICustomCameraScriptedPivotRotationController'
[2026.10.01 00:15:29][Warning][Core] [Script]: Warning game\temp.ws[7394]:  - 'ControllerDeactivate' in base class 'ICustomCameraScriptedPivotRotationController'
[2026.10.01 00:15:29][Warning][Core] [Script]: Warning game\temp.ws[7394]:  - 'ControllerSetDesiredYaw' in base class 'ICustomCameraScriptedPivotRotationController'
[2026.10.01 00:15:29][Warning][Core] [Script]: Warning game\temp.ws[7394]:  - 'ControllerSetDesiredPitch' in base class 'ICustomCameraScriptedPivotRotationController'
[2026.10.01 00:15:29][Warning][Core] [Script]: Warning game\temp.ws[7394]:  - 'ControllerRotateHorizontal' in base class 'ICustomCameraScriptedPivotRotationController'
[2026.10.01 00:15:29][Warning][Core] [Script]: Warning game\temp.ws[7394]:  - 'ControllerRotateVertical' in base class 'ICustomCameraScriptedPivotRotationController'
[2026.10.01 00:15:29][Warning][Core] [Script]: Warning game\temp.ws[7394]:  - 'ControllerStopRotating' in base class 'ICustomCameraScriptedPivotRotationController'
[2026.10.01 00:15:29][Warning][Core] [Script]: Warning game\temp.ws[7394]:  - 'ControllerGetRotationDelta' in base class 'ICustomCameraScriptedPivotRotationController'
[2026.10.01 00:15:29][Warning][Core] [Script]: Warning game\temp.ws[7409]: Class ARDebugCameraDist is not marked as abstract, but has missing functions!
[2026.10.01 00:15:29][Warning][Core] [Script]: Warning game\temp.ws[7409]:  - 'ControllerActivate' in base class 'ICustomCameraScriptedPivotDistanceController'
[2026.10.01 00:15:29][Warning][Core] [Script]: Warning game\temp.ws[7409]:  - 'ControllerDeactivate' in base class 'ICustomCameraScriptedPivotDistanceController'
[2026.10.01 00:15:29][Warning][Core] [Script]: Warning game\temp.ws[7409]:  - 'ControllerSetDesiredDistance' in base class 'ICustomCameraScriptedPivotDistanceController'
[2026.10.01 00:15:29][Warning][Core] [Script]: Warning game\behavior_tree\tasks\animals\btTaskAnimalFlee.ws[6]: Class CMoveTRGAnimalFlee is not marked as abstract, but has missing functions!
[2026.10.01 00:15:29][Warning][Core] [Script]: Warning game\behavior_tree\tasks\animals\btTaskAnimalFlee.ws[6]:  - 'UpdateChannels' in base class 'CMoveTRGScript'
[2026.10.01 00:15:29][Warning][Core] [Script]: Warning game\player\states\movable.ws[133]: Class CMoveTRGPlayerManualMovement is not marked as abstract, but has missing functions!
[2026.10.01 00:15:29][Warning][Core] [Script]: Warning game\player\states\movable.ws[133]:  - 'UpdateChannels' in base class 'CMoveTRGScript'
[2026.10.01 00:15:29][Warning][Core] [Script]: Warning game\quests\conditions\actor\gameDifficulty.ws[6]: Class W3QuestCond_gameDifficulty is not marked as abstract, but has missing functions!
[2026.10.01 00:15:29][Warning][Core] [Script]: Warning game\quests\conditions\actor\gameDifficulty.ws[6]:  - 'Activate' in base class 'CQuestScriptedCondition'
[2026.10.01 00:15:29][Warning][Core] [Script]: Warning game\quests\conditions\actor\gameDifficulty.ws[6]:  - 'Deactivate' in base class 'CQuestScriptedCondition'
[2026.10.01 00:15:29][Warning][Core] [Script]: Warning game\quests\conditions\actor\questGlobalAttitudeCondition.ws[6]: Class W3QuestCond_GlobalAttitude is not marked as abstract, but has missing functions!
[2026.10.01 00:15:29][Warning][Core] [Script]: Warning game\quests\conditions\actor\questGlobalAttitudeCondition.ws[6]:  - 'Activate' in base class 'CQuestScriptedCondition'
[2026.10.01 00:15:29][Warning][Core] [Script]: Warning game\quests\conditions\actor\questGlobalAttitudeCondition.ws[6]:  - 'Deactivate' in base class 'CQuestScriptedCondition'
[2026.10.01 00:15:29][Warning][Core] [Script]: Warning game\quests\conditions\chosenLanguageCondition.ws[62]: Class W3QuestCond_chosenLanguage is not marked as abstract, but has missing functions!
[2026.10.01 00:15:29][Warning][Core] [Script]: Warning game\quests\conditions\chosenLanguageCondition.ws[62]:  - 'Activate' in base class 'CQuestScriptedCondition'
[2026.10.01 00:15:29][Warning][Core] [Script]: Warning game\quests\conditions\chosenLanguageCondition.ws[62]:  - 'Deactivate' in base class 'CQuestScriptedCondition'
[2026.10.01 00:15:29][Warning][Core] [Script]: Warning game\quests\conditions\dialogOrCutsceneFinished.ws[6]: Class W3QuestCond_DialogOrCutsceneFinished is not marked as abstract, but has missing functions!
[2026.10.01 00:15:29][Warning][Core] [Script]: Warning game\quests\conditions\dialogOrCutsceneFinished.ws[6]:  - 'Activate' in base class 'CQuestScriptedCondition'
[2026.10.01 00:15:29][Warning][Core] [Script]: Warning game\quests\conditions\dialogOrCutsceneFinished.ws[6]:  - 'Deactivate' in base class 'CQuestScriptedCondition'
[2026.10.01 00:15:29][Warning][Core] [Script]: Warning game\quests\conditions\HudTutorialEnabled.ws[6]: Class W3QuestCond_HudTutorialEnabled is not marked as abstract, but has missing functions!
[2026.10.01 00:15:29][Warning][Core] [Script]: Warning game\quests\conditions\HudTutorialEnabled.ws[6]:  - 'Activate' in base class 'CQuestScriptedCondition'
[2026.10.01 00:15:29][Warning][Core] [Script]: Warning game\quests\conditions\HudTutorialEnabled.ws[6]:  - 'Deactivate' in base class 'CQuestScriptedCondition'
[2026.10.01 00:15:29][Warning][Core] [Script]: Warning game\quests\conditions\isDlcEnabled.ws[14]: Class W3QuestCond_IsDLCEnabled is not marked as abstract, but has missing functions!
[2026.10.01 00:15:29][Warning][Core] [Script]: Warning game\quests\conditions\isDlcEnabled.ws[14]:  - 'Activate' in base class 'CQuestScriptedCondition'
[2026.10.01 00:15:29][Warning][Core] [Script]: Warning game\quests\conditions\isDlcEnabled.ws[14]:  - 'Deactivate' in base class 'CQuestScriptedCondition'
[2026.10.01 00:15:29][Warning][Core] [Script]: Warning game\quests\conditions\isOnBoat.ws[6]: Class W3QuestCond_PlayerIsOnBoat is not marked as abstract, but has missing functions!
[2026.10.01 00:15:29][Warning][Core] [Script]: Warning game\quests\conditions\isOnBoat.ws[6]:  - 'Activate' in base class 'CQuestScriptedCondition'
[2026.10.01 00:15:29][Warning][Core] [Script]: Warning game\quests\conditions\isOnBoat.ws[6]:  - 'Deactivate' in base class 'CQuestScriptedCondition'
[2026.10.01 00:15:29][Warning][Core] [Script]: Warning game\quests\conditions\isRadialMenuOpened.ws[6]: Class W3QuestCond_IsRadialMenuOpened is not marked as abstract, but has missing functions!
[2026.10.01 00:15:29][Warning][Core] [Script]: Warning game\quests\conditions\isRadialMenuOpened.ws[6]:  - 'Activate' in base class 'CQuestScriptedCondition'
[2026.10.01 00:15:29][Warning][Core] [Script]: Warning game\quests\conditions\isRadialMenuOpened.ws[6]:  - 'Deactivate' in base class 'CQuestScriptedCondition'
[2026.10.01 00:15:29][Warning][Core] [Script]: Warning game\quests\conditions\playerHasQuenActive.ws[6]: Class W3QuestCond_PlayerHasQuenActive is not marked as abstract, but has missing functions!
[2026.10.01 00:15:29][Warning][Core] [Script]: Warning game\quests\conditions\playerHasQuenActive.ws[6]:  - 'Activate' in base class 'CQuestScriptedCondition'
[2026.10.01 00:15:29][Warning][Core] [Script]: Warning game\quests\conditions\playerHasQuenActive.ws[6]:  - 'Deactivate' in base class 'CQuestScriptedCondition'
[2026.10.01 00:15:29][Warning][Core] [Script]: Warning game\quests\conditions\playerInRunAnimation.ws[6]: Class W3QuestCond_PlayerInRunAnimation is not marked as abstract, but has missing functions!
[2026.10.01 00:15:29][Warning][Core] [Script]: Warning game\quests\conditions\playerInRunAnimation.ws[6]:  - 'Activate' in base class 'CQuestScriptedCondition'
[2026.10.01 00:15:29][Warning][Core] [Script]: Warning game\quests\conditions\playerInRunAnimation.ws[6]:  - 'Deactivate' in base class 'CQuestScriptedCondition'
[2026.10.01 00:15:29][Warning][Core] [Script]: Warning game\quests\conditions\playerLevel.ws[6]: Class W3QuestCond_PlayerLevel is not marked as abstract, but has missing functions!
[2026.10.01 00:15:29][Warning][Core] [Script]: Warning game\quests\conditions\playerLevel.ws[6]:  - 'Activate' in base class 'CQuestScriptedCondition'
[2026.10.01 00:15:29][Warning][Core] [Script]: Warning game\quests\conditions\playerLevel.ws[6]:  - 'Deactivate' in base class 'CQuestScriptedCondition'
[2026.10.01 00:15:29][Warning][Core] [Script]: Warning game\quests\conditions\playerSkillPoints.ws[6]: Class W3QuestCond_PlayerSkillPoints is not marked as abstract, but has missing functions!
[2026.10.01 00:15:29][Warning][Core] [Script]: Warning game\quests\conditions\playerSkillPoints.ws[6]:  - 'Activate' in base class 'CQuestScriptedCondition'
[2026.10.01 00:15:29][Warning][Core] [Script]: Warning game\quests\conditions\playerSkillPoints.ws[6]:  - 'Deactivate' in base class 'CQuestScriptedCondition'
[2026.10.01 00:15:29][Warning][Core] [Script]: Warning game\quests\conditions\questCheckBrazierPuzzleState.ws[6]: Class W3QuestCond_CheckBrazierPuzzleState is not marked as abstract, but has missing functions!
[2026.10.01 00:15:29][Warning][Core] [Script]: Warning game\quests\conditions\questCheckBrazierPuzzleState.ws[6]:  - 'Deactivate' in base class 'CQuestScriptedCondition'
[2026.10.01 00:15:29][Warning][Core] [Script]: Warning game\quests\conditions\questCurrentQuestMultipleObjectives.ws[6]: Class W3QuestCond_CurrentQuestMultipleObjectives is not marked as abstract, but has missing functions!
[2026.10.01 00:15:29][Warning][Core] [Script]: Warning game\quests\conditions\questCurrentQuestMultipleObjectives.ws[6]:  - 'Activate' in base class 'CQuestScriptedCondition'
[2026.10.01 00:15:29][Warning][Core] [Script]: Warning game\quests\conditions\questCurrentQuestMultipleObjectives.ws[6]:  - 'Deactivate' in base class 'CQuestScriptedCondition'
[2026.10.01 00:15:29][Warning][Core] [Script]: Warning game\quests\conditions\questDialogChoiceCondition.ws[6]: Class W3QuestCond_DialogChoiceCondition is not marked as abstract, but has missing functions!
[2026.10.01 00:15:29][Warning][Core] [Script]: Warning game\quests\conditions\questDialogChoiceCondition.ws[6]:  - 'Activate' in base class 'CQuestScriptedCondition'
[2026.10.01 00:15:29][Warning][Core] [Script]: Warning game\quests\conditions\questDialogChoiceCondition.ws[6]:  - 'Deactivate' in base class 'CQuestScriptedCondition'
[2026.10.01 00:15:29][Warning][Core] [Script]: Warning game\quests\conditions\questGeraltHeadCondition.ws[6]: Class W3QuestCond_PlayerHead is not marked as abstract, but has missing functions!
[2026.10.01 00:15:29][Warning][Core] [Script]: Warning game\quests\conditions\questGeraltHeadCondition.ws[6]:  - 'Activate' in base class 'CQuestScriptedCondition'
[2026.10.01 00:15:29][Warning][Core] [Script]: Warning game\quests\conditions\questGeraltHeadCondition.ws[6]:  - 'Deactivate' in base class 'CQuestScriptedCondition'
[2026.10.01 00:15:29][Warning][Core] [Script]: Warning game\quests\conditions\questGeraltHeadCondition.ws[46]: Class W3QuestCond_IsGeraltShaved is not marked as abstract, but has missing functions!
[2026.10.01 00:15:29][Warning][Core] [Script]: Warning game\quests\conditions\questGeraltHeadCondition.ws[46]:  - 'Activate' in base class 'CQuestScriptedCondition'
[2026.10.01 00:15:29][Warning][Core] [Script]: Warning game\quests\conditions\questGeraltHeadCondition.ws[46]:  - 'Deactivate' in base class 'CQuestScriptedCondition'
[2026.10.01 00:15:29][Warning][Core] [Script]: Warning game\quests\conditions\questIsStandardCampaign.ws[6]: Class W3QuestCond_IsStandardCampaign is not marked as abstract, but has missing functions!
[2026.10.01 00:15:29][Warning][Core] [Script]: Warning game\quests\conditions\questIsStandardCampaign.ws[6]:  - 'Activate' in base class 'CQuestScriptedCondition'
[2026.10.01 00:15:29][Warning][Core] [Script]: Warning game\quests\conditions\questIsStandardCampaign.ws[6]:  - 'Deactivate' in base class 'CQuestScriptedCondition'
[2026.10.01 00:15:29][Warning][Core] [Script]: Warning game\quests\conditions\questItemSelected.ws[6]: Class W3QuestCond_ItemSelected is not marked as abstract, but has missing functions!
[2026.10.01 00:15:29][Warning][Core] [Script]: Warning game\quests\conditions\questItemSelected.ws[6]:  - 'Activate' in base class 'CQuestScriptedCondition'
[2026.10.01 00:15:29][Warning][Core] [Script]: Warning game\quests\conditions\questItemSelected.ws[6]:  - 'Deactivate' in base class 'CQuestScriptedCondition'
[2026.10.01 00:15:29][Warning][Core] [Script]: Warning game\quests\conditions\questMutationsCanResearchAny.ws[6]: Class W3QuestCond_MutationsCanStartResearch is not marked as abstract, but has missing functions!
[2026.10.01 00:15:29][Warning][Core] [Script]: Warning game\quests\conditions\questMutationsCanResearchAny.ws[6]:  - 'Activate' in base class 'CQuestScriptedCondition'
[2026.10.01 00:15:29][Warning][Core] [Script]: Warning game\quests\conditions\questMutationsCanResearchAny.ws[6]:  - 'Deactivate' in base class 'CQuestScriptedCondition'
[2026.10.01 00:15:29][Warning][Core] [Script]: Warning game\quests\conditions\questMutationSystemIsEnabled.ws[6]: Class W3QuestCond_MutationSystemIsEnabled is not marked as abstract, but has missing functions!
[2026.10.01 00:15:29][Warning][Core] [Script]: Warning game\quests\conditions\questMutationSystemIsEnabled.ws[6]:  - 'Activate' in base class 'CQuestScriptedCondition'
[2026.10.01 00:15:29][Warning][Core] [Script]: Warning game\quests\conditions\questMutationSystemIsEnabled.ws[6]:  - 'Deactivate' in base class 'CQuestScriptedCondition'
[2026.10.01 00:15:29][Warning][Core] [Script]: Warning game\quests\conditions\questNewGamePlusEnabled.ws[6]: Class W3QuestCond_NewGamePlusEnabled is not marked as abstract, but has missing functions!
[2026.10.01 00:15:29][Warning][Core] [Script]: Warning game\quests\conditions\questNewGamePlusEnabled.ws[6]:  - 'Activate' in base class 'CQuestScriptedCondition'
[2026.10.01 00:15:29][Warning][Core] [Script]: Warning game\quests\conditions\questNewGamePlusEnabled.ws[6]:  - 'Deactivate' in base class 'CQuestScriptedCondition'
[2026.10.01 00:15:29][Warning][Core] [Script]: Warning game\quests\conditions\questPlayerSkillLevel.ws[26]: Class W3QuestCond_PlayerSkillLevel is not marked as abstract, but has missing functions!
[2026.10.01 00:15:29][Warning][Core] [Script]: Warning game\quests\conditions\questPlayerSkillLevel.ws[26]:  - 'Activate' in base class 'CQuestScriptedCondition'
[2026.10.01 00:15:29][Warning][Core] [Script]: Warning game\quests\conditions\questPlayerSkillLevel.ws[26]:  - 'Deactivate' in base class 'CQuestScriptedCondition'
[2026.10.01 00:15:29][Warning][Core] [Script]: Warning game\quests\conditions\questPlayerState.ws[20]: Class W3QuestCond_PlayerState is not marked as abstract, but has missing functions!
[2026.10.01 00:15:29][Warning][Core] [Script]: Warning game\quests\conditions\questPlayerState.ws[20]:  - 'Activate' in base class 'CQuestScriptedCondition'
[2026.10.01 00:15:29][Warning][Core] [Script]: Warning game\quests\conditions\questPlayerState.ws[20]:  - 'Deactivate' in base class 'CQuestScriptedCondition'
[2026.10.01 00:15:29][Warning][Core] [Script]: Warning game\quests\conditions\questTutorialAreMessagesEnabled.ws[6]: Class W3QuestCond_TutorialMessagesEnabled is not marked as abstract, but has missing functions!
[2026.10.01 00:15:29][Warning][Core] [Script]: Warning game\quests\conditions\questTutorialAreMessagesEnabled.ws[6]:  - 'Activate' in base class 'CQuestScriptedCondition'
[2026.10.01 00:15:29][Warning][Core] [Script]: Warning game\quests\conditions\questTutorialAreMessagesEnabled.ws[6]:  - 'Deactivate' in base class 'CQuestScriptedCondition'
[2026.10.01 00:15:29][Warning][Core] [Script]: Warning game\quests\conditions\questTutorialIsInitialized.ws[6]: Class W3QuestCond_TutorialIsInitialized is not marked as abstract, but has missing functions!
[2026.10.01 00:15:29][Warning][Core] [Script]: Warning game\quests\conditions\questTutorialIsInitialized.ws[6]:  - 'Activate' in base class 'CQuestScriptedCondition'
[2026.10.01 00:15:29][Warning][Core] [Script]: Warning game\quests\conditions\questTutorialIsInitialized.ws[6]:  - 'Deactivate' in base class 'CQuestScriptedCondition'
[2026.10.01 00:15:29][Warning][Core] [Script]: Warning game\quests\conditions\questTutorialSystemIsAvailable.ws[6]: Class W3QuestCond_TutorialSystemIsAvailable is not marked as abstract, but has missing functions!
[2026.10.01 00:15:29][Warning][Core] [Script]: Warning game\quests\conditions\questTutorialSystemIsAvailable.ws[6]:  - 'Activate' in base class 'CQuestScriptedCondition'
[2026.10.01 00:15:29][Warning][Core] [Script]: Warning game\quests\conditions\questTutorialSystemIsAvailable.ws[6]:  - 'Deactivate' in base class 'CQuestScriptedCondition'
[2026.10.01 00:15:29][Warning][Core] [Script]: Warning game\quests\conditions\questTutorialWasSeen.ws[6]: Class W3QuestCond_TutorialWasSeen is not marked as abstract, but has missing functions!
[2026.10.01 00:15:29][Warning][Core] [Script]: Warning game\quests\conditions\questTutorialWasSeen.ws[6]:  - 'Activate' in base class 'CQuestScriptedCondition'
[2026.10.01 00:15:29][Warning][Core] [Script]: Warning game\quests\conditions\questTutorialWasSeen.ws[6]:  - 'Deactivate' in base class 'CQuestScriptedCondition'
[2026.10.01 00:15:29][Warning][Core] [Script]: Warning game\quests\conditions\questWasNoticeboardVisited.ws[6]: Class W3QuestCond_WasNoticeboardVisited is not marked as abstract, but has missing functions!
[2026.10.01 00:15:29][Warning][Core] [Script]: Warning game\quests\conditions\questWasNoticeboardVisited.ws[6]:  - 'Activate' in base class 'CQuestScriptedCondition'
[2026.10.01 00:15:29][Warning][Core] [Script]: Warning game\quests\conditions\questWasNoticeboardVisited.ws[6]:  - 'Deactivate' in base class 'CQuestScriptedCondition'
[2026.10.01 00:15:29][Warning][Core] [Script]: Warning game\quests\conditions\questWorld.ws[6]: Class W3QuestCond_World is not marked as abstract, but has missing functions!
[2026.10.01 00:15:29][Warning][Core] [Script]: Warning game\quests\conditions\questWorld.ws[6]:  - 'Activate' in base class 'CQuestScriptedCondition'
[2026.10.01 00:15:29][Warning][Core] [Script]: Warning game\quests\conditions\questWorld.ws[6]:  - 'Deactivate' in base class 'CQuestScriptedCondition'
[2026.10.01 00:15:29][Warning][Core] [Script]: Warning game\quests\conditions\questWorld.ws[30]: Class W3QuestCond_Area is not marked as abstract, but has missing functions!
[2026.10.01 00:15:29][Warning][Core] [Script]: Warning game\quests\conditions\questWorld.ws[30]:  - 'Activate' in base class 'CQuestScriptedCondition'
[2026.10.01 00:15:29][Warning][Core] [Script]: Warning game\quests\conditions\questWorld.ws[30]:  - 'Deactivate' in base class 'CQuestScriptedCondition'
[2026.10.01 00:15:29][Warning][Core] [Script]: Warning game\quests\conditions\replacer.ws[14]: Class W3QuestCond_ReplacerCondition is not marked as abstract, but has missing functions!
[2026.10.01 00:15:29][Warning][Core] [Script]: Warning game\quests\conditions\replacer.ws[14]:  - 'Activate' in base class 'CQuestScriptedCondition'
[2026.10.01 00:15:29][Warning][Core] [Script]: Warning game\quests\conditions\replacer.ws[14]:  - 'Deactivate' in base class 'CQuestScriptedCondition'
[2026.10.01 00:15:29][Warning][Core] [Script]: Warning game\quests\conditions\uiAnyMenuOpened.ws[6]: Class W3QuestCond_UIAnyMenuOpened is not marked as abstract, but has missing functions!
[2026.10.01 00:15:29][Warning][Core] [Script]: Warning game\quests\conditions\uiAnyMenuOpened.ws[6]:  - 'Activate' in base class 'CQuestScriptedCondition'
[2026.10.01 00:15:29][Warning][Core] [Script]: Warning game\quests\conditions\uiAnyMenuOpened.ws[6]:  - 'Deactivate' in base class 'CQuestScriptedCondition'
[2026.10.01 00:15:29][Warning][Core] [Script]: Warning game\quests\conditions\usedFocus.ws[6]: Class W3QuestCond_UsedFocus is not marked as abstract, but has missing functions!
[2026.10.01 00:15:29][Warning][Core] [Script]: Warning game\quests\conditions\usedFocus.ws[6]:  - 'Activate' in base class 'CQuestScriptedCondition'
[2026.10.01 00:15:29][Warning][Core] [Script]: Warning game\quests\conditions\usedFocus.ws[6]:  - 'Deactivate' in base class 'CQuestScriptedCondition'
[2026.10.01 00:15:29][Warning][Core] [Script]: Warning game\quests\conditions\usedMedallion.ws[6]: Class W3QuestCond_UsedMedallion is not marked as abstract, but has missing functions!
[2026.10.01 00:15:29][Warning][Core] [Script]: Warning game\quests\conditions\usedMedallion.ws[6]:  - 'Activate' in base class 'CQuestScriptedCondition'
[2026.10.01 00:15:29][Warning][Core] [Script]: Warning game\quests\conditions\usedMedallion.ws[6]:  - 'Deactivate' in base class 'CQuestScriptedCondition'
[2026.10.01 00:15:29][Warning][Core] [Script]: Warning game\vehicles\horse\horseComponent.ws[6]: Class W3HorseComponent is not marked as abstract, but has missing functions!
[2026.10.01 00:15:29][Warning][Core] [Script]: Warning game\vehicles\horse\horseComponent.ws[6]:  - 'UpdateLogic' in base class 'CVehicleComponent'
[2026.10.01 00:15:29][Warning][Core] [Script]: Warning game\vehicles\boat\boatComponent.ws[13]: Class CBoatComponent is not marked as abstract, but has missing functions!
[2026.10.01 00:15:29][Warning][Core] [Script]: Warning game\vehicles\boat\boatComponent.ws[13]:  - 'InternalGetSpeed' in base class 'CVehicleComponent'
[2026.10.01 00:15:29][Warning][Core] [Script]: Warning game\vehicles\boat\boatComponent.ws[13]:  - 'StopTheVehicle' in base class 'CVehicleComponent'
[2026.10.01 00:15:29][Warning][Core] [Script]: Warning game\vehicles\boat\boatComponent.ws[13]:  - 'UpdateLogic' in base class 'CVehicleComponent'
[2026.10.01 00:15:29][Warning][Core] [Script]: Warning game\npc\npc.ws[20]: Class CNewNPC is not marked as abstract, but has missing functions!
[2026.10.01 00:15:29][Warning][Core] [Script]: Warning game\npc\npc.ws[20]:  - 'OnReactToBeingHit' in base class 'CActor'
[2026.10.01 00:15:29][Warning][Core] [Script]: Warning game\npc\npc.ws[20]:  - 'InterruptCombatFocusMode' in base class 'CActor'
[2026.10.01 00:15:29][Warning][Core] [Script]: Warning game\npc\npc.ws[20]:  - 'Agony' in base class 'CActor'
[2026.10.01 00:15:29][Warning][Core] [Script]: Warning game\npc\npc.ws[20]:  - 'OnRagdollInAir' in base class 'CActor'
[2026.10.01 00:15:29][Warning][Core] [Script]: Warning game\npc\merchantNPC.ws[22]: Class W3MerchantNPC is not marked as abstract, but has missing functions!
[2026.10.01 00:15:29][Warning][Core] [Script]: Warning game\npc\merchantNPC.ws[22]:  - 'OnReactToBeingHit' in base class 'CActor'
[2026.10.01 00:15:29][Warning][Core] [Script]: Warning game\npc\merchantNPC.ws[22]:  - 'InterruptCombatFocusMode' in base class 'CActor'
[2026.10.01 00:15:29][Warning][Core] [Script]: Warning game\npc\merchantNPC.ws[22]:  - 'Agony' in base class 'CActor'
[2026.10.01 00:15:29][Warning][Core] [Script]: Warning game\npc\merchantNPC.ws[22]:  - 'OnRagdollInAir' in base class 'CActor'
[2026.10.01 00:15:29][Warning][Core] [Script]: Warning game\gameplay\ghosts\ghost.ws[6]: Class CGhost is not marked as abstract, but has missing functions!
[2026.10.01 00:15:29][Warning][Core] [Script]: Warning game\gameplay\ghosts\ghost.ws[6]:  - 'OnReactToBeingHit' in base class 'CActor'
[2026.10.01 00:15:29][Warning][Core] [Script]: Warning game\gameplay\ghosts\ghost.ws[6]:  - 'InterruptCombatFocusMode' in base class 'CActor'
[2026.10.01 00:15:29][Warning][Core] [Script]: Warning game\gameplay\ghosts\ghost.ws[6]:  - 'Agony' in base class 'CActor'
[2026.10.01 00:15:29][Warning][Core] [Script]: Warning game\gameplay\ghosts\ghost.ws[6]:  - 'OnRagdollInAir' in base class 'CActor'
[2026.10.01 00:15:29][Warning][Core] [Script]: Warning game\gameplay\monsters\heartMiniboss.ws[6]: Class CHeartMiniboss is not marked as abstract, but has missing functions!
[2026.10.01 00:15:29][Warning][Core] [Script]: Warning game\gameplay\monsters\heartMiniboss.ws[6]:  - 'OnReactToBeingHit' in base class 'CActor'
[2026.10.01 00:15:29][Warning][Core] [Script]: Warning game\gameplay\monsters\heartMiniboss.ws[6]:  - 'InterruptCombatFocusMode' in base class 'CActor'
[2026.10.01 00:15:29][Warning][Core] [Script]: Warning game\gameplay\monsters\heartMiniboss.ws[6]:  - 'Agony' in base class 'CActor'
[2026.10.01 00:15:29][Warning][Core] [Script]: Warning game\gameplay\monsters\heartMiniboss.ws[6]:  - 'OnRagdollInAir' in base class 'CActor'
[2026.10.01 00:15:29][Warning][Core] [Script]: Warning game\gameplay\spawned_obstacles\archesporBulb.ws[6]: Class W3ArchesporBulb is not marked as abstract, but has missing functions!
[2026.10.01 00:15:29][Warning][Core] [Script]: Warning game\gameplay\spawned_obstacles\archesporBulb.ws[6]:  - 'OnReactToBeingHit' in base class 'CActor'
[2026.10.01 00:15:29][Warning][Core] [Script]: Warning game\gameplay\spawned_obstacles\archesporBulb.ws[6]:  - 'InterruptCombatFocusMode' in base class 'CActor'
[2026.10.01 00:15:29][Warning][Core] [Script]: Warning game\gameplay\spawned_obstacles\archesporBulb.ws[6]:  - 'Agony' in base class 'CActor'
[2026.10.01 00:15:29][Warning][Core] [Script]: Warning game\gameplay\spawned_obstacles\archesporBulb.ws[6]:  - 'OnRagdollInAir' in base class 'CActor'
[2026.10.01 00:15:29][Warning][Core] [Script]: Warning game\npc\DogNPC.ws[6]: Class W3DogNPC is not marked as abstract, but has missing functions!
[2026.10.01 00:15:29][Warning][Core] [Script]: Warning game\npc\DogNPC.ws[6]:  - 'OnReactToBeingHit' in base class 'CActor'
[2026.10.01 00:15:29][Warning][Core] [Script]: Warning game\npc\DogNPC.ws[6]:  - 'InterruptCombatFocusMode' in base class 'CActor'
[2026.10.01 00:15:29][Warning][Core] [Script]: Warning game\npc\DogNPC.ws[6]:  - 'Agony' in base class 'CActor'
[2026.10.01 00:15:29][Warning][Core] [Script]: Warning game\npc\DogNPC.ws[6]:  - 'OnRagdollInAir' in base class 'CActor'
[2026.10.01 00:15:29][Warning][Core] [Script]: Warning game\npc\monsterHuntNPC.ws[6]: Class W3MonsterHuntNPC is not marked as abstract, but has missing functions!
[2026.10.01 00:15:29][Warning][Core] [Script]: Warning game\npc\monsterHuntNPC.ws[6]:  - 'OnReactToBeingHit' in base class 'CActor'
[2026.10.01 00:15:29][Warning][Core] [Script]: Warning game\npc\monsterHuntNPC.ws[6]:  - 'InterruptCombatFocusMode' in base class 'CActor'
[2026.10.01 00:15:29][Warning][Core] [Script]: Warning game\npc\monsterHuntNPC.ws[6]:  - 'Agony' in base class 'CActor'
[2026.10.01 00:15:29][Warning][Core] [Script]: Warning game\npc\monsterHuntNPC.ws[6]:  - 'OnRagdollInAir' in base class 'CActor'
[2026.10.01 00:15:29][Warning][Core] [Script]: Warning game\npc\npc_custom_classes\animal.ws[6]: Class CAnimal is not marked as abstract, but has missing functions!
[2026.10.01 00:15:29][Warning][Core] [Script]: Warning game\npc\npc_custom_classes\animal.ws[6]:  - 'OnReactToBeingHit' in base class 'CActor'
[2026.10.01 00:15:29][Warning][Core] [Script]: Warning game\npc\npc_custom_classes\animal.ws[6]:  - 'InterruptCombatFocusMode' in base class 'CActor'
[2026.10.01 00:15:29][Warning][Core] [Script]: Warning game\npc\npc_custom_classes\animal.ws[6]:  - 'Agony' in base class 'CActor'
[2026.10.01 00:15:29][Warning][Core] [Script]: Warning game\npc\npc_custom_classes\animal.ws[6]:  - 'OnRagdollInAir' in base class 'CActor'
[2026.10.01 00:15:29][Warning][Core] [Script]: Warning game\npc\npc_custom_classes\dettlaff_column.ws[6]: Class CDettlaffColumn is not marked as abstract, but has missing functions!
[2026.10.01 00:15:29][Warning][Core] [Script]: Warning game\npc\npc_custom_classes\dettlaff_column.ws[6]:  - 'OnReactToBeingHit' in base class 'CActor'
[2026.10.01 00:15:29][Warning][Core] [Script]: Warning game\npc\npc_custom_classes\dettlaff_column.ws[6]:  - 'InterruptCombatFocusMode' in base class 'CActor'
[2026.10.01 00:15:29][Warning][Core] [Script]: Warning game\npc\npc_custom_classes\dettlaff_column.ws[6]:  - 'Agony' in base class 'CActor'
[2026.10.01 00:15:29][Warning][Core] [Script]: Warning game\npc\npc_custom_classes\dettlaff_column.ws[6]:  - 'OnRagdollInAir' in base class 'CActor'
[2026.10.01 00:15:29][Warning][Core] [Script]: Warning game\npc\npc_custom_classes\dettlaff_column.ws[128]: Class CDettlaffConstruct is not marked as abstract, but has missing functions!
[2026.10.01 00:15:29][Warning][Core] [Script]: Warning game\npc\npc_custom_classes\dettlaff_column.ws[128]:  - 'OnReactToBeingHit' in base class 'CActor'
[2026.10.01 00:15:29][Warning][Core] [Script]: Warning game\npc\npc_custom_classes\dettlaff_column.ws[128]:  - 'InterruptCombatFocusMode' in base class 'CActor'
[2026.10.01 00:15:29][Warning][Core] [Script]: Warning game\npc\npc_custom_classes\dettlaff_column.ws[128]:  - 'Agony' in base class 'CActor'
[2026.10.01 00:15:29][Warning][Core] [Script]: Warning game\npc\npc_custom_classes\dettlaff_column.ws[128]:  - 'OnRagdollInAir' in base class 'CActor'
[2026.10.01 00:15:29][Warning][Core] [Script]: Warning game\npc\npc_custom_classes\hit_based_npc.ws[6]: Class CHitBasedNPC is not marked as abstract, but has missing functions!
[2026.10.01 00:15:29][Warning][Core] [Script]: Warning game\npc\npc_custom_classes\hit_based_npc.ws[6]:  - 'OnReactToBeingHit' in base class 'CActor'
[2026.10.01 00:15:29][Warning][Core] [Script]: Warning game\npc\npc_custom_classes\hit_based_npc.ws[6]:  - 'InterruptCombatFocusMode' in base class 'CActor'
[2026.10.01 00:15:29][Warning][Core] [Script]: Warning game\npc\npc_custom_classes\hit_based_npc.ws[6]:  - 'Agony' in base class 'CActor'
[2026.10.01 00:15:29][Warning][Core] [Script]: Warning game\npc\npc_custom_classes\hit_based_npc.ws[6]:  - 'OnRagdollInAir' in base class 'CActor'
[2026.10.01 00:15:29][Warning][Core] [Script]: Warning game\npc\npc_custom_classes\nightwraith_iris.ws[6]: Class W3NightWraithIris is not marked as abstract, but has missing functions!
[2026.10.01 00:15:29][Warning][Core] [Script]: Warning game\npc\npc_custom_classes\nightwraith_iris.ws[6]:  - 'OnReactToBeingHit' in base class 'CActor'
[2026.10.01 00:15:29][Warning][Core] [Script]: Warning game\npc\npc_custom_classes\nightwraith_iris.ws[6]:  - 'InterruptCombatFocusMode' in base class 'CActor'
[2026.10.01 00:15:29][Warning][Core] [Script]: Warning game\npc\npc_custom_classes\nightwraith_iris.ws[6]:  - 'Agony' in base class 'CActor'
[2026.10.01 00:15:29][Warning][Core] [Script]: Warning game\npc\npc_custom_classes\nightwraith_iris.ws[6]:  - 'OnRagdollInAir' in base class 'CActor'
[2026.10.01 00:15:29][Warning][Core] [Script]: Warning game\npc\npc_custom_classes\rat.ws[6]: Class W3Rat is not marked as abstract, but has missing functions!
[2026.10.01 00:15:29][Warning][Core] [Script]: Warning game\npc\npc_custom_classes\rat.ws[6]:  - 'OnReactToBeingHit' in base class 'CActor'
[2026.10.01 00:15:29][Warning][Core] [Script]: Warning game\npc\npc_custom_classes\rat.ws[6]:  - 'InterruptCombatFocusMode' in base class 'CActor'
[2026.10.01 00:15:29][Warning][Core] [Script]: Warning game\npc\npc_custom_classes\rat.ws[6]:  - 'Agony' in base class 'CActor'
[2026.10.01 00:15:29][Warning][Core] [Script]: Warning game\npc\npc_custom_classes\rat.ws[6]:  - 'OnRagdollInAir' in base class 'CActor'
[2026.10.01 00:15:29][Warning][Core] [Script]: Warning game\temp\dog.ws[6]: Class W3TinyDog is not marked as abstract, but has missing functions!
[2026.10.01 00:15:29][Warning][Core] [Script]: Warning game\temp\dog.ws[6]:  - 'OnReactToBeingHit' in base class 'CActor'
[2026.10.01 00:15:29][Warning][Core] [Script]: Warning game\temp\dog.ws[6]:  - 'InterruptCombatFocusMode' in base class 'CActor'
[2026.10.01 00:15:29][Warning][Core] [Script]: Warning game\temp\dog.ws[6]:  - 'Agony' in base class 'CActor'
[2026.10.01 00:15:29][Warning][Core] [Script]: Warning game\temp\dog.ws[6]:  - 'OnRagdollInAir' in base class 'CActor'
[2026.10.01 00:15:29][Warning][Core] [Script]: Warning game\player\playerWitcher.ws[35]: Class W3PlayerWitcher is not marked as abstract, but has missing functions!
[2026.10.01 00:15:29][Warning][Core] [Script]: Warning game\player\playerWitcher.ws[35]:  - 'Agony' in base class 'CActor'
[2026.10.01 00:15:29][Warning][Core] [Script]: Warning game\replacers\replacer.ws[6]: Class W3Replacer is not marked as abstract, but has missing functions!
[2026.10.01 00:15:29][Warning][Core] [Script]: Warning game\replacers\replacer.ws[6]:  - 'InterruptCombatFocusMode' in base class 'CActor'
[2026.10.01 00:15:29][Warning][Core] [Script]: Warning game\replacers\replacer.ws[6]:  - 'GetTotalSignSpellPower' in base class 'CActor'
[2026.10.01 00:15:29][Warning][Core] [Script]: Warning game\replacers\replacer.ws[6]:  - 'Agony' in base class 'CActor'
[2026.10.01 00:15:29][Warning][Core] [Script]: Warning game\replacers\replacer.ws[6]:  - 'FinishQuen' in base class 'CActor'
[2026.10.01 00:15:29][Warning][Core] [Script]: Warning game\replacers\replacer.ws[6]:  - 'RepairItem' in base class 'CR4Player'
[2026.10.01 00:15:29][Warning][Core] [Script]: Warning game\replacers\replacer.ws[6]:  - 'HasRepairAbleGearEquiped' in base class 'CR4Player'
[2026.10.01 00:15:29][Warning][Core] [Script]: Warning game\replacers\replacer.ws[6]:  - 'HasRepairAbleWaponEquiped' in base class 'CR4Player'
[2026.10.01 00:15:29][Warning][Core] [Script]: Warning game\replacers\replacer.ws[6]:  - 'IsItemRepairAble' in base class 'CR4Player'
[2026.10.01 00:15:29][Warning][Core] [Script]: Warning game\replacers\replacer.ws[6]:  - 'IsInitialized' in base class 'CR4Player'
[2026.10.01 00:15:29][Warning][Core] [Script]: Warning game\replacers\replacer.ws[6]:  - 'GetEquippedSword' in base class 'CR4Player'
[2026.10.01 00:15:29][Warning][Core] [Script]: Warning game\replacers\ciri.ws[6]: Class W3ReplacerCiri is not marked as abstract, but has missing functions!
[2026.10.01 00:15:29][Warning][Core] [Script]: Warning game\replacers\ciri.ws[6]:  - 'InterruptCombatFocusMode' in base class 'CActor'
[2026.10.01 00:15:29][Warning][Core] [Script]: Warning game\replacers\ciri.ws[6]:  - 'GetTotalSignSpellPower' in base class 'CActor'
[2026.10.01 00:15:29][Warning][Core] [Script]: Warning game\replacers\ciri.ws[6]:  - 'Agony' in base class 'CActor'
[2026.10.01 00:15:29][Warning][Core] [Script]: Warning game\replacers\ciri.ws[6]:  - 'FinishQuen' in base class 'CActor'
[2026.10.01 00:15:29][Warning][Core] [Script]: Warning game\replacers\ciri.ws[6]:  - 'RepairItem' in base class 'CR4Player'
[2026.10.01 00:15:29][Warning][Core] [Script]: Warning game\replacers\ciri.ws[6]:  - 'HasRepairAbleGearEquiped' in base class 'CR4Player'
[2026.10.01 00:15:29][Warning][Core] [Script]: Warning game\replacers\ciri.ws[6]:  - 'HasRepairAbleWaponEquiped' in base class 'CR4Player'
[2026.10.01 00:15:29][Warning][Core] [Script]: Warning game\replacers\ciri.ws[6]:  - 'IsItemRepairAble' in base class 'CR4Player'
[2026.10.01 00:15:29][Warning][Core] [Script]: Warning game\replacers\commoner.ws[6]: Class W3ReplacerCommoner is not marked as abstract, but has missing functions!
[2026.10.01 00:15:29][Warning][Core] [Script]: Warning game\replacers\commoner.ws[6]:  - 'InterruptCombatFocusMode' in base class 'CActor'
[2026.10.01 00:15:29][Warning][Core] [Script]: Warning game\replacers\commoner.ws[6]:  - 'GetTotalSignSpellPower' in base class 'CActor'
[2026.10.01 00:15:29][Warning][Core] [Script]: Warning game\replacers\commoner.ws[6]:  - 'Agony' in base class 'CActor'
[2026.10.01 00:15:29][Warning][Core] [Script]: Warning game\replacers\commoner.ws[6]:  - 'FinishQuen' in base class 'CActor'
[2026.10.01 00:15:29][Warning][Core] [Script]: Warning game\replacers\commoner.ws[6]:  - 'RepairItem' in base class 'CR4Player'
[2026.10.01 00:15:29][Warning][Core] [Script]: Warning game\replacers\commoner.ws[6]:  - 'HasRepairAbleGearEquiped' in base class 'CR4Player'
[2026.10.01 00:15:29][Warning][Core] [Script]: Warning game\replacers\commoner.ws[6]:  - 'HasRepairAbleWaponEquiped' in base class 'CR4Player'
[2026.10.01 00:15:29][Warning][Core] [Script]: Warning game\replacers\commoner.ws[6]:  - 'IsItemRepairAble' in base class 'CR4Player'
[2026.10.01 00:15:29][Warning][Core] [Script]: Warning game\replacers\commoner.ws[6]:  - 'IsInitialized' in base class 'CR4Player'
[2026.10.01 00:15:29][Warning][Core] [Script]: Warning game\replacers\commoner.ws[6]:  - 'GetEquippedSword' in base class 'CR4Player'
[2026.10.01 00:15:29][Warning][Core] [Script]: Warning game\npc\npc_custom_classes\flying_whale.ws[6]: Class W3FlyingWhale is not marked as abstract, but has missing functions!
[2026.10.01 00:15:29][Warning][Core] [Script]: Warning game\npc\npc_custom_classes\flying_whale.ws[6]:  - 'SetAbilityManager' in base class 'CActor'
[2026.10.01 00:15:29][Warning][Core] [Script]: Warning game\npc\npc_custom_classes\flying_whale.ws[6]:  - 'OnReactToBeingHit' in base class 'CActor'
[2026.10.01 00:15:29][Warning][Core] [Script]: Warning game\npc\npc_custom_classes\flying_whale.ws[6]:  - 'InterruptCombatFocusMode' in base class 'CActor'
[2026.10.01 00:15:29][Warning][Core] [Script]: Warning game\npc\npc_custom_classes\flying_whale.ws[6]:  - 'CriticalBuffInformBehavior' in base class 'CActor'
[2026.10.01 00:15:29][Warning][Core] [Script]: Warning game\npc\npc_custom_classes\flying_whale.ws[6]:  - 'GetTotalSignSpellPower' in base class 'CActor'
[2026.10.01 00:15:29][Warning][Core] [Script]: Warning game\npc\npc_custom_classes\flying_whale.ws[6]:  - 'PerformCounterCheck' in base class 'CActor'
[2026.10.01 00:15:29][Warning][Core] [Script]: Warning game\npc\npc_custom_classes\flying_whale.ws[6]:  - 'PerformParryCheck' in base class 'CActor'
[2026.10.01 00:15:29][Warning][Core] [Script]: Warning game\npc\npc_custom_classes\flying_whale.ws[6]:  - 'IsInAgony' in base class 'CActor'
[2026.10.01 00:15:29][Warning][Core] [Script]: Warning game\npc\npc_custom_classes\flying_whale.ws[6]:  - 'Agony' in base class 'CActor'
[2026.10.01 00:15:29][Warning][Core] [Script]: Warning game\npc\npc_custom_classes\flying_whale.ws[6]:  - 'OnRagdollOnGround' in base class 'CActor'
[2026.10.01 00:15:29][Warning][Core] [Script]: Warning game\npc\npc_custom_classes\flying_whale.ws[6]:  - 'OnRagdollInAir' in base class 'CActor'
[2026.10.01 00:15:29][Warning][Core] [Script]: Warning game\npc\npc_custom_classes\flying_whale.ws[6]:  - 'OnNoLongerInRagdoll' in base class 'CActor'
[2026.10.01 00:15:29][Warning][Core] [Script]: Warning game\npc\npc_custom_classes\flying_whale.ws[6]:  - 'FinishQuen' in base class 'CActor'
[2026.10.01 00:15:29][Warning][Core] [Script]: Warning game\temp.ws[1736]: Class W3ProjectileShooterTest is not marked as abstract, but has missing functions!
[2026.10.01 00:15:29][Warning][Core] [Script]: Warning game\temp.ws[1736]:  - 'SetAbilityManager' in base class 'CActor'
[2026.10.01 00:15:29][Warning][Core] [Script]: Warning game\temp.ws[1736]:  - 'OnReactToBeingHit' in base class 'CActor'
[2026.10.01 00:15:29][Warning][Core] [Script]: Warning game\temp.ws[1736]:  - 'InterruptCombatFocusMode' in base class 'CActor'
[2026.10.01 00:15:29][Warning][Core] [Script]: Warning game\temp.ws[1736]:  - 'CriticalBuffInformBehavior' in base class 'CActor'
[2026.10.01 00:15:29][Warning][Core] [Script]: Warning game\temp.ws[1736]:  - 'GetTotalSignSpellPower' in base class 'CActor'
[2026.10.01 00:15:29][Warning][Core] [Script]: Warning game\temp.ws[1736]:  - 'PerformCounterCheck' in base class 'CActor'
[2026.10.01 00:15:29][Warning][Core] [Script]: Warning game\temp.ws[1736]:  - 'PerformParryCheck' in base class 'CActor'
[2026.10.01 00:15:29][Warning][Core] [Script]: Warning game\temp.ws[1736]:  - 'IsInAgony' in base class 'CActor'
[2026.10.01 00:15:29][Warning][Core] [Script]: Warning game\temp.ws[1736]:  - 'Agony' in base class 'CActor'
[2026.10.01 00:15:29][Warning][Core] [Script]: Warning game\temp.ws[1736]:  - 'OnRagdollOnGround' in base class 'CActor'
[2026.10.01 00:15:29][Warning][Core] [Script]: Warning game\temp.ws[1736]:  - 'OnRagdollInAir' in base class 'CActor'
[2026.10.01 00:15:29][Warning][Core] [Script]: Warning game\temp.ws[1736]:  - 'OnNoLongerInRagdoll' in base class 'CActor'
[2026.10.01 00:15:29][Warning][Core] [Script]: Warning game\temp.ws[1736]:  - 'FinishQuen' in base class 'CActor'
[2026.10.01 00:15:29][Warning][Core] [Script]: Warning game\gameplay\items\throwables\petards\whiteFrost.ws[196]: Class W3WhiteFrostWaveProjectile is not marked as abstract, but has missing functions!
[2026.10.01 00:15:29][Warning][Core] [Script]: Warning game\gameplay\items\throwables\petards\whiteFrost.ws[196]:  - 'OnRangeReached' in base class 'CProjectileTrajectory'
[2026.10.01 00:15:29][Warning][Core] [Script]: Warning game\gameplay\items\throwables\throwable.ws[6]: Class CThrowable is not marked as abstract, but has missing functions!
[2026.10.01 00:15:29][Warning][Core] [Script]: Warning game\gameplay\items\throwables\throwable.ws[6]:  - 'OnRangeReached' in base class 'CProjectileTrajectory'
[2026.10.01 00:15:29][Warning][Core] [Script]: Warning game\projectile\advancedProjectile.ws[127]: Class W3DeflectableAdvancedProjectile is not marked as abstract, but has missing functions!
[2026.10.01 00:15:29][Warning][Core] [Script]: Warning game\projectile\advancedProjectile.ws[127]:  - 'OnRangeReached' in base class 'CProjectileTrajectory'
[2026.10.01 00:15:29][Warning][Core] [Script]: Warning game\projectile\advancedProjectile.ws[418]: Class W3ThrallBoulderProjectile is not marked as abstract, but has missing functions!
[2026.10.01 00:15:29][Warning][Core] [Script]: Warning game\projectile\advancedProjectile.ws[418]:  - 'OnRangeReached' in base class 'CProjectileTrajectory'
[2026.10.01 00:15:29][Warning][Core] [Script]: Warning game\projectile\advancedProjectile.ws[208]: Class W3BoulderProjectile is not marked as abstract, but has missing functions!
[2026.10.01 00:15:29][Warning][Core] [Script]: Warning game\projectile\advancedProjectile.ws[208]:  - 'OnRangeReached' in base class 'CProjectileTrajectory'
[2026.10.01 00:15:29][Warning][Core] [Script]: Warning game\projectile\advancedProjectile.ws[2232]: Class W3IceSpearProjectile is not marked as abstract, but has missing functions!
[2026.10.01 00:15:29][Warning][Core] [Script]: Warning game\projectile\advancedProjectile.ws[2232]:  - 'OnRangeReached' in base class 'CProjectileTrajectory'
[2026.10.01 00:15:29][Warning][Core] [Script]: Warning game\projectile\advancedProjectile.ws[2355]: Class W3SpawnMeteor is not marked as abstract, but has missing functions!
[2026.10.01 00:15:29][Warning][Core] [Script]: Warning game\projectile\advancedProjectile.ws[2355]:  - 'OnRangeReached' in base class 'CProjectileTrajectory'
[2026.10.01 00:15:29][Warning][Core] [Script]: Warning game\projectile\advancedProjectile.ws[2495]: Class W3AirDrainProjectile is not marked as abstract, but has missing functions!
[2026.10.01 00:15:29][Warning][Core] [Script]: Warning game\projectile\advancedProjectile.ws[2495]:  - 'OnRangeReached' in base class 'CProjectileTrajectory'
[2026.10.01 00:15:29][Info][Core] [Script]: Creating properties...
[2026.10.01 00:15:29][Info][Core] [Script]: Binding functions...
[2026.10.01 00:15:29][Info][Core] [Script]: Creating default values...
[2026.10.01 00:15:29][Warning][Core] [Script]: Warning game\gameplay\items\rangedWeapons\rangedWeapon.ws[6]: State machine 'RangedWeapon' has no autostate.
[2026.10.01 00:15:29][Warning][Core] [Script]: Warning game\gameplay\interactive\toxicCloudEntity.ws[12]: State machine 'W3ToxicCloud' has no autostate.
[2026.10.01 00:15:29][Warning][Core] [Script]: Warning game\gameplay\board.ws[27]: State machine 'W3NoticeBoard' has no autostate.
[2026.10.01 00:15:29][Warning][Core] [Script]: Warning game\gameplay\items\interactive_objects\W3DestroyableTerrain.ws[6]: State machine 'W3DestroyableTerrain' has no autostate.
[2026.10.01 00:15:29][Warning][Core] [Script]: Warning game\gameplay\interactive\witcherBed.ws[6]: State machine 'W3WitcherBed' has no autostate.
[2026.10.01 00:15:29][Warning][Core] [Script]: Warning game\player\player.ws[13]: State machine 'CPlayer' has no autostate.
[2026.10.01 00:15:29][Warning][Core] [Script]: Warning game\gameplay\items\throwables\throwable.ws[6]: State machine 'CThrowable' has no autostate.
[2026.10.01 00:15:29][Warning][Core] [Script]: Warning game\gameplay\interactive\beehiveStandingEntity.ws[6]: State machine 'W3BeehiveStandingEntity' has no autostate.
[2026.10.01 00:15:29][Warning][Core] [Script]: Warning game\gameplay\interactive\gate.ws[6]: State machine 'CGateEntity' has no autostate.
[2026.10.01 00:15:29][Warning][Core] [Script]: Warning game\gameplay\devices\elevator.ws[450]: State machine 'W3Elevator' has no autostate.
[2026.10.01 00:15:29][Warning][Core] [Script]: Warning game\gameplay\interactive\beeSwarm.ws[6]: State machine 'W3BeeSwarm' has no autostate.
[2026.10.01 00:15:29][Warning][Core] [Script]: Warning game\gameplay\items\spells\signEntity.ws[6]: State machine 'W3SignEntity' has no autostate.
[2026.10.01 00:15:29][Warning][Core] [Script]: Warning game\gameplay\items\spells\aardEntity.ws[46]: State machine 'W3AardEntity' has no autostate.
[2026.10.01 00:15:29][Warning][Core] [Script]: Warning game\gameplay\items\spells\axiiEntity.ws[12]: State machine 'W3AxiiEntity' has no autostate.
[2026.10.01 00:15:29][Warning][Core] [Script]: Warning game\gameplay\items\spells\igniEntity.ws[30]: State machine 'W3IgniEntity' has no autostate.
[2026.10.01 00:15:29][Warning][Core] [Script]: Warning game\gameplay\items\spells\quenEntity.ws[18]: State machine 'W3QuenEntity' has no autostate.
[2026.10.01 00:15:29][Warning][Core] [Script]: Warning game\gameplay\items\spells\yrdenEntity.ws[29]: State machine 'W3YrdenEntity' has no autostate.
[2026.10.01 00:15:29][Warning][Core] [Script]: Warning game\npc\backgroundNPCPair.ws[40]: State machine 'W3NPCBackgroundPair' has no autostate.
[2026.10.01 00:15:29][Warning][Core] [Script]: Warning game\npc\npc_custom_classes\hornetSwarm.ws[6]: State machine 'W3HornetSwarm' has no autostate.
[2026.10.01 00:15:29][Warning][Core] [Script]: Warning game\player\playerAiming.ws[12]: State machine 'PlayerAiming' has no autostate.
[2026.10.01 00:15:29][Warning][Core] [Script]: Warning game\player\playerWeaponHolster.ws[6]: State machine 'WeaponHolster' has no autostate.
[2026.10.01 00:15:29][Warning][Core] [Script]: Warning game\quests\tutorialManager\tutorialManagerUIHandler.ws[9]: State machine 'W3TutorialManagerUIHandler' has no autostate.
[2026.10.01 00:15:29][Info][Core] [Script]: Compiling functions...
[2026.10.01 00:15:31][Warning][Core] [Script]: Warning game\player\states\vehicles\horseRiding.ws[97]: Entry function 'ProcessHorseRiding' should be called only from events or other entry functions.
[2026.10.01 00:15:31][Warning][Core] [Script]: Warning game\player\states\vehicles\sailing.ws[43]: Entry function 'ProcessBoatSailing' should be called only from events or other entry functions.
[2026.10.01 00:15:31][Warning][Core] [Script]: Warning game\player\states\combat.ws[2030]: Entry function 'ProcessAttack' should be called only from events or other entry functions.
[2026.10.01 00:15:31][Warning][Core] [Script]: Warning game\player\states\combat.ws[2035]: Entry function 'ProcessAttack' should be called only from events or other entry functions.
[2026.10.01 00:15:31][Warning][Core] [Script]: Warning game\player\states\combat.ws[2040]: Entry function 'ProcessAttack' should be called only from events or other entry functions.
[2026.10.01 00:15:31][Warning][Core] [Script]: Warning game\player\states\combat.ws[2043]: Entry function 'ProcessAttack' should be called only from events or other entry functions.
[2026.10.01 00:15:31][Warning][Core] [Script]: Warning game\player\states\combat.ws[2050]: Entry function 'ProcessAttack' should be called only from events or other entry functions.
[2026.10.01 00:15:31][Warning][Core] [Script]: Warning game\player\states\combat.ws[2064]: Entry function 'ProcessAttack' should be called only from events or other entry functions.
[2026.10.01 00:15:31][Warning][Core] [Script]: Warning game\player\states\interactionObject\approachInteraction.ws[72]: Entry function 'InitStateApproachPettingInteraction' should be called only from events or other entry functions.
[2026.10.01 00:15:31][Warning][Core] [Script]: Warning game\gameplay\items\rangedWeapons\rangedWeapon.ws[1089]: Entry function 'DrawEvent' should be called only from events or other entry functions.
[2026.10.01 00:15:31][Warning][Core] [Script]: Warning game\player\states\vehicles\useVehicle.ws[1097]: Entry function 'AbortAttack' should be called only from events or other entry functions.
[2026.10.01 00:15:31][Warning][Core] [Script]: Warning game\player\states\vehicles\useVehicle.ws[2102]: Entry function 'WaitForShootingComplete' should be called only from events or other entry functions.
[2026.10.01 00:15:31][Info][Core] Script functions: compiled in 2.37s
[2026.10.01 00:15:31][Info][Core] [Script]: Script functions: generated 1366471 code nodes.
[2026.10.01 00:15:31][Info][Core] [Script]: Script functions: successfully loaded.
[2026.10.01 00:15:31][Info][Core] Updating class data layouts...
[2026.10.01 00:15:31][Info][Core] Class data layouts update iteration #0...
[2026.10.01 00:15:31][Info][Core] Class data layouts update iteration #1...
[2026.10.01 00:15:31][Info][Core] Class data layouts update iteration #2...
[2026.10.01 00:15:31][Info][Core] Class data layouts update iteration #3...
[2026.10.01 00:15:31][Info][Core] Class data layouts update iteration #4...
[2026.10.01 00:15:31][Info][Core] Class data layouts update iteration #5...
[2026.10.01 00:15:31][Info][Core] Updating function frame data layouts...
[2026.10.01 00:15:31][Info][Core] Parsed scripts unit compiled and loaded in 2.62s
[2026.10.01 00:15:32][Info][Core] [Script]: Parsing 2 script files...
[2026.10.01 00:15:32][Info][Core] Script functions: parsed in 0.03s
[2026.10.01 00:15:32][Info][Core] Scripts parsed in 0.03s
[2026.10.01 00:15:32][Info][Core] [Script]: Creating types (2 types)...
[2026.10.01 00:15:32][Info][Core] [Script]: Creating types (1 classes)...
[2026.10.01 00:15:32][Info][Core] Reindexed 7023 classes in 2.517ms
[2026.10.01 00:15:32][Info][Core] [Script]: Creating functions...
[2026.10.01 00:15:32][Info][Core] [Script]: Scanning for incomplete classes...
[2026.10.01 00:15:32][Info][Core] [Script]: Creating properties...
[2026.10.01 00:15:32][Info][Core] [Script]: Script Extensions: Wrapping class functions...
[2026.10.01 00:15:32][Info][Core] [Script]: Binding functions...
[2026.10.01 00:15:32][Info][Core] [Script]: Creating default values...
[2026.10.01 00:15:32][Info][Core] [Script]: Compiling functions...
[2026.10.01 00:15:32][Info][Core] Script functions: compiled in 0.02s
[2026.10.01 00:15:32][Info][Core] [Script]: Script functions: generated 10058 code nodes.
[2026.10.01 00:15:32][Info][Core] [Script]: Script functions: successfully loaded.
[2026.10.01 00:15:32][Info][Core] Updating class data layouts...
[2026.10.01 00:15:32][Info][Core] Class data layouts update iteration #0...
[2026.10.01 00:15:32][Info][Core] Updating function frame data layouts...
[2026.10.01 00:15:32][Info][Core] Parsed scripts unit compiled and loaded in 0.03s
[2026.10.01 00:15:32][Info][Core] Scriptable default objects in object list (after layout update): 739.
[2026.10.01 00:15:32][Info][Core] Scriptable default objects in classes (after layout update): 0.
[2026.10.01 00:15:32][Info][Core] Rebuilding script data caches.
[2026.10.01 00:15:32][Info][Core] Updating class data layouts...
[2026.10.01 00:15:32][Info][Core] Class data layouts update iteration #0...
[2026.10.01 00:15:32][Info][Core] Updating function frame data layouts...
[2026.10.01 00:15:32][Info][Core] Restoring 104451 scriptables' data.
[2026.10.01 00:15:32][Info][Core] Reachability		 34.40 ms
[2026.10.01 00:15:32][Info][Core] Collecting unreachables 0.18 ms
[2026.10.01 00:15:32][Info][Core] GC 101084->101084, 832 roots, 34.61 ms
[2026.10.01 00:15:32][Info][Core] Notifying 104451 scriptables of reload.
[2026.10.01 00:15:32][Info][Core] Scriptables reloaded.
[2026.10.01 00:15:32][Info][Editor] ModCooker: Step CompileScripts has been started!
[2026.10.01 00:15:32][Info][Editor] ModCooker: Step CompileScripts has finished!
[2026.10.01 00:15:32][Info][WCC] Loading cooker data base...
[2026.10.01 00:15:32][Info][WCC] Parsing cooker data base...
[2026.10.01 00:15:32][Info][WCC] Parsed 881 existing entries from cooker data base in 0.00s
[2026.10.01 00:15:32][Info][Editor] ModCooker: Step CollisionCache has been started!
[2026.10.01 00:15:32][Info][Editor] ModCooker: Step CollisionCache has finished!
[2026.10.01 00:15:32][Info][WCC] Loading cooker data base...
[2026.10.01 00:15:32][Info][WCC] Parsing cooker data base...
[2026.10.01 00:15:32][Info][WCC] Parsed 881 existing entries from cooker data base in 0.00s
[2026.10.01 00:15:32][Info][Editor] ModCooker: Step TextureCache has been started!
[2026.10.01 00:15:32][Info][Editor] ModCooker: Step TextureCache has finished!
[2026.10.01 00:15:32][Info][WCC] Compressing 'gameplay\gui_new\swf\common\componentslib.redswf'...
[2026.10.01 00:15:32][Info][WCC] Compressing 'gameplay\gui_new\swf\common\componentslib.swf'...
[2026.10.01 00:15:32][Error][WCC] Compression of file 'd:\games\_modding\w3modding\redkit\projects\witcher3-value-weight\cooked\gameplay\gui_new\swf\common\componentslib.swf' failed for some reason. Storing as uncompressed.
[2026.10.01 00:15:32][Info][WCC] Compressing 'gameplay\gui_new\swf\inventory\panel_inventory.redswf'...
[2026.10.01 00:15:32][Info][WCC] Compressing 'gameplay\gui_new\swf\inventory\panel_inventory.swf'...
[2026.10.01 00:15:32][Error][WCC] Compression of file 'd:\games\_modding\w3modding\redkit\projects\witcher3-value-weight\cooked\gameplay\gui_new\swf\inventory\panel_inventory.swf' failed for some reason. Storing as uncompressed.
[2026.10.01 00:15:32][Info][WCC] Bundle 'd:\games\_modding\w3modding\redkit\projects\witcher3-value-weight\packed\mods\modpriceweight\content\blob0.bundle' saved, 4 files, 2951.02 KB of data
[2026.10.01 00:15:32][Info][Editor] ModCooker: Step CreateBundles has been started!
[2026.10.01 00:15:32][Info][Editor] ModCooker: Step CreateBundles has finished!
[2026.10.01 00:15:32][Info][WCC] Loaded 1 bundles with 4 entries
[2026.10.01 00:15:32][Info][WCC] Ignored censorship for 0 files
[2026.10.01 00:15:32][Info][WCC] Analyzing buffers....
[2026.10.01 00:15:32][Info][WCC] Number of buffers: 0
[2026.10.01 00:15:32][Info][WCC] Number of files with buffers: 0
[2026.10.01 00:15:32][Info][WCC] Max buffer ID: 0
[2026.10.01 00:15:32][Info][Core] Found 6 directories in bundle file mapping (4 files)
[2026.10.01 00:15:32][Info][Core] Used 0.04KB for directory names
[2026.10.01 00:15:32][Info][Core] Used 0.00KB for file names
[2026.10.01 00:15:32][Error][Editor] Could not remove directory: 'd:\games\_modding\w3modding\redkit\projects\witcher3-value-weight\packed\dlc\'
[2026.10.01 00:15:32][Info][Editor] ModCooker: Step CreateMetadataStores has been started!
[2026.10.01 00:15:32][Info][Editor] ModCooker: Step CreateMetadataStores has finished!
