[2026.08.27 18:56:33][Info][Editor] ModCooker: Step Clean has been started!
[2026.08.27 18:56:33][Info][Editor] ModCooker: Step Clean has finished!
[2026.08.27 18:56:33][Info][Core] Reachability		 48.58 ms
[2026.08.27 18:56:33][Info][Core] Collecting unreachables 0.33 ms
[2026.08.27 18:56:33][Info][Core] GC 129264->129264, 511 roots, 48.96 ms
[2026.08.27 18:56:33][Info][Editor] ModCooker: Step Analyze has been started!
[2026.08.27 18:56:33][Info][Editor] ModCooker: Step Analyze has finished!
[2026.08.27 18:56:33][Info][Editor] ModCooker: Step CompileShaders has been started!
[2026.08.27 18:56:33][Info][Editor] ModCooker: Step CompileShaders has finished!
[2026.08.27 18:56:33][Info][WCC] Parsed seed list 'in memory', found 781 seed files to cook
[2026.08.27 18:56:33][Info][WCC] Loading cooker data base...
[2026.08.27 18:56:33][Warning][WCC] Failed to load existing cooking data base from 'd:\games\_modding\w3modding\redkit\projects\myproject\cooked\cook.db'. New one will be generated.
[2026.08.27 18:56:33][Info][Cooker] Initializing texture cache...
[2026.08.27 18:56:33][Info][WCC] Found 781 files in the initial cooking list
[2026.08.27 18:56:33][Info][WCC] Start cooking gameplay\gui_new\actionscript\clik_as3.as3proj
[2026.08.27 18:56:33][Error][WCC] Failed to load 'gameplay\gui_new\actionscript\clik_as3.as3proj' - is this a resource
[2026.08.27 18:56:33][Error][WCC] Failed to cook 'gameplay\gui_new\actionscript\clik_as3.as3proj' !
[2026.08.27 18:56:33][Info][WCC] Start cooking gameplay\gui_new\actionscript\com\gskinner\geom\colormatrix.as
[2026.08.27 18:56:33][Error][WCC] Failed to load 'gameplay\gui_new\actionscript\com\gskinner\geom\colormatrix.as' - is this a resource
[2026.08.27 18:56:33][Error][WCC] Failed to cook 'gameplay\gui_new\actionscript\com\gskinner\geom\colormatrix.as' !
[2026.08.27 18:56:33][Info][WCC] Start cooking gameplay\gui_new\actionscript\com\gskinner\motion\easing\back.as
[2026.08.27 18:56:33][Error][WCC] Failed to load 'gameplay\gui_new\actionscript\com\gskinner\motion\easing\back.as' - is this a resource
[2026.08.27 18:56:33][Error][WCC] Failed to cook 'gameplay\gui_new\actionscript\com\gskinner\motion\easing\back.as' !
[2026.08.27 18:56:33][Info][WCC] Start cooking gameplay\gui_new\actionscript\com\gskinner\motion\easing\bounce.as
[2026.08.27 18:56:33][Error][WCC] Failed to load 'gameplay\gui_new\actionscript\com\gskinner\motion\easing\bounce.as' - is this a resource
[2026.08.27 18:56:33][Error][WCC] Failed to cook 'gameplay\gui_new\actionscript\com\gskinner\motion\easing\bounce.as' !
[2026.08.27 18:56:33][Info][WCC] Start cooking gameplay\gui_new\actionscript\com\gskinner\motion\easing\circular.as
[2026.08.27 18:56:33][Error][WCC] Failed to load 'gameplay\gui_new\actionscript\com\gskinner\motion\easing\circular.as' - is this a resource
[2026.08.27 18:56:33][Error][WCC] Failed to cook 'gameplay\gui_new\actionscript\com\gskinner\motion\easing\circular.as' !
[2026.08.27 18:56:33][Info][WCC] Start cooking gameplay\gui_new\actionscript\com\gskinner\motion\easing\cubic.as
[2026.08.27 18:56:33][Error][WCC] Failed to load 'gameplay\gui_new\actionscript\com\gskinner\motion\easing\cubic.as' - is this a resource
[2026.08.27 18:56:33][Error][WCC] Failed to cook 'gameplay\gui_new\actionscript\com\gskinner\motion\easing\cubic.as' !
[2026.08.27 18:56:33][Info][WCC] Start cooking gameplay\gui_new\actionscript\com\gskinner\motion\easing\elastic.as
[2026.08.27 18:56:33][Error][WCC] Failed to load 'gameplay\gui_new\actionscript\com\gskinner\motion\easing\elastic.as' - is this a resource
[2026.08.27 18:56:33][Error][WCC] Failed to cook 'gameplay\gui_new\actionscript\com\gskinner\motion\easing\elastic.as' !
[2026.08.27 18:56:33][Info][WCC] Start cooking gameplay\gui_new\actionscript\com\gskinner\motion\easing\exponential.as
[2026.08.27 18:56:33][Error][WCC] Failed to load 'gameplay\gui_new\actionscript\com\gskinner\motion\easing\exponential.as' - is this a resource
[2026.08.27 18:56:33][Error][WCC] Failed to cook 'gameplay\gui_new\actionscript\com\gskinner\motion\easing\exponential.as' !
[2026.08.27 18:56:33][Info][WCC] Start cooking gameplay\gui_new\actionscript\com\gskinner\motion\easing\linear.as
[2026.08.27 18:56:33][Error][WCC] Failed to load 'gameplay\gui_new\actionscript\com\gskinner\motion\easing\linear.as' - is this a resource
[2026.08.27 18:56:33][Error][WCC] Failed to cook 'gameplay\gui_new\actionscript\com\gskinner\motion\easing\linear.as' !
[2026.08.27 18:56:33][Info][WCC] Start cooking gameplay\gui_new\actionscript\com\gskinner\motion\easing\quadratic.as
[2026.08.27 18:56:33][Error][WCC] Failed to load 'gameplay\gui_new\actionscript\com\gskinner\motion\easing\quadratic.as' - is this a resource
[2026.08.27 18:56:33][Error][WCC] Failed to cook 'gameplay\gui_new\actionscript\com\gskinner\motion\easing\quadratic.as' !
[2026.08.27 18:56:33][Info][WCC] Start cooking gameplay\gui_new\actionscript\com\gskinner\motion\easing\quartic.as
[2026.08.27 18:56:33][Error][WCC] Failed to load 'gameplay\gui_new\actionscript\com\gskinner\motion\easing\quartic.as' - is this a resource
[2026.08.27 18:56:33][Error][WCC] Failed to cook 'gameplay\gui_new\actionscript\com\gskinner\motion\easing\quartic.as' !
[2026.08.27 18:56:33][Info][WCC] Start cooking gameplay\gui_new\actionscript\com\gskinner\motion\easing\quintic.as
[2026.08.27 18:56:33][Error][WCC] Failed to load 'gameplay\gui_new\actionscript\com\gskinner\motion\easing\quintic.as' - is this a resource
[2026.08.27 18:56:33][Error][WCC] Failed to cook 'gameplay\gui_new\actionscript\com\gskinner\motion\easing\quintic.as' !
[2026.08.27 18:56:33][Info][WCC] Start cooking gameplay\gui_new\actionscript\com\gskinner\motion\easing\sine.as
[2026.08.27 18:56:33][Error][WCC] Failed to load 'gameplay\gui_new\actionscript\com\gskinner\motion\easing\sine.as' - is this a resource
[2026.08.27 18:56:33][Error][WCC] Failed to cook 'gameplay\gui_new\actionscript\com\gskinner\motion\easing\sine.as' !
[2026.08.27 18:56:33][Info][WCC] Start cooking gameplay\gui_new\actionscript\com\gskinner\motion\gtween.as
[2026.08.27 18:56:33][Error][WCC] Failed to load 'gameplay\gui_new\actionscript\com\gskinner\motion\gtween.as' - is this a resource
[2026.08.27 18:56:33][Error][WCC] Failed to cook 'gameplay\gui_new\actionscript\com\gskinner\motion\gtween.as' !
[2026.08.27 18:56:33][Info][WCC] Start cooking gameplay\gui_new\actionscript\com\gskinner\motion\gtweener.as
[2026.08.27 18:56:33][Error][WCC] Failed to load 'gameplay\gui_new\actionscript\com\gskinner\motion\gtweener.as' - is this a resource
[2026.08.27 18:56:33][Error][WCC] Failed to cook 'gameplay\gui_new\actionscript\com\gskinner\motion\gtweener.as' !
[2026.08.27 18:56:33][Info][WCC] Start cooking gameplay\gui_new\actionscript\com\gskinner\motion\gtweentimeline.as
[2026.08.27 18:56:33][Error][WCC] Failed to load 'gameplay\gui_new\actionscript\com\gskinner\motion\gtweentimeline.as' - is this a resource
[2026.08.27 18:56:33][Error][WCC] Failed to cook 'gameplay\gui_new\actionscript\com\gskinner\motion\gtweentimeline.as' !
[2026.08.27 18:56:33][Info][WCC] Start cooking gameplay\gui_new\actionscript\com\gskinner\motion\plugins\autohideplugin.as
[2026.08.27 18:56:33][Error][WCC] Failed to load 'gameplay\gui_new\actionscript\com\gskinner\motion\plugins\autohideplugin.as' - is this a resource
[2026.08.27 18:56:33][Error][WCC] Failed to cook 'gameplay\gui_new\actionscript\com\gskinner\motion\plugins\autohideplugin.as' !
[2026.08.27 18:56:33][Info][WCC] Start cooking gameplay\gui_new\actionscript\com\gskinner\motion\plugins\blurplugin.as
[2026.08.27 18:56:33][Error][WCC] Failed to load 'gameplay\gui_new\actionscript\com\gskinner\motion\plugins\blurplugin.as' - is this a resource
[2026.08.27 18:56:33][Error][WCC] Failed to cook 'gameplay\gui_new\actionscript\com\gskinner\motion\plugins\blurplugin.as' !
[2026.08.27 18:56:33][Info][WCC] Start cooking gameplay\gui_new\actionscript\com\gskinner\motion\plugins\coloradjustplugin.as
[2026.08.27 18:56:33][Error][WCC] Failed to load 'gameplay\gui_new\actionscript\com\gskinner\motion\plugins\coloradjustplugin.as' - is this a resource
[2026.08.27 18:56:33][Error][WCC] Failed to cook 'gameplay\gui_new\actionscript\com\gskinner\motion\plugins\coloradjustplugin.as' !
[2026.08.27 18:56:33][Info][WCC] Start cooking gameplay\gui_new\actionscript\com\gskinner\motion\plugins\colortransformplugin.as
[2026.08.27 18:56:33][Error][WCC] Failed to load 'gameplay\gui_new\actionscript\com\gskinner\motion\plugins\colortransformplugin.as' - is this a resource
[2026.08.27 18:56:33][Error][WCC] Failed to cook 'gameplay\gui_new\actionscript\com\gskinner\motion\plugins\colortransformplugin.as' !
[2026.08.27 18:56:33][Info][WCC] Start cooking gameplay\gui_new\actionscript\com\gskinner\motion\plugins\currentframeplugin.as
[2026.08.27 18:56:33][Error][WCC] Failed to load 'gameplay\gui_new\actionscript\com\gskinner\motion\plugins\currentframeplugin.as' - is this a resource
[2026.08.27 18:56:33][Error][WCC] Failed to cook 'gameplay\gui_new\actionscript\com\gskinner\motion\plugins\currentframeplugin.as' !
[2026.08.27 18:56:33][Info][WCC] Start cooking gameplay\gui_new\actionscript\com\gskinner\motion\plugins\igtweenplugin.as
[2026.08.27 18:56:33][Error][WCC] Failed to load 'gameplay\gui_new\actionscript\com\gskinner\motion\plugins\igtweenplugin.as' - is this a resource
[2026.08.27 18:56:33][Error][WCC] Failed to cook 'gameplay\gui_new\actionscript\com\gskinner\motion\plugins\igtweenplugin.as' !
[2026.08.27 18:56:33][Info][WCC] Start cooking gameplay\gui_new\actionscript\com\gskinner\motion\plugins\matrixplugin.as
[2026.08.27 18:56:33][Error][WCC] Failed to load 'gameplay\gui_new\actionscript\com\gskinner\motion\plugins\matrixplugin.as' - is this a resource
[2026.08.27 18:56:33][Error][WCC] Failed to cook 'gameplay\gui_new\actionscript\com\gskinner\motion\plugins\matrixplugin.as' !
[2026.08.27 18:56:33][Info][WCC] Start cooking gameplay\gui_new\actionscript\com\gskinner\motion\plugins\motionblurplugin.as
[2026.08.27 18:56:33][Error][WCC] Failed to load 'gameplay\gui_new\actionscript\com\gskinner\motion\plugins\motionblurplugin.as' - is this a resource
[2026.08.27 18:56:33][Error][WCC] Failed to cook 'gameplay\gui_new\actionscript\com\gskinner\motion\plugins\motionblurplugin.as' !
[2026.08.27 18:56:33][Info][WCC] Start cooking gameplay\gui_new\actionscript\com\gskinner\motion\plugins\smartrotationplugin.as
[2026.08.27 18:56:33][Error][WCC] Failed to load 'gameplay\gui_new\actionscript\com\gskinner\motion\plugins\smartrotationplugin.as' - is this a resource
[2026.08.27 18:56:33][Error][WCC] Failed to cook 'gameplay\gui_new\actionscript\com\gskinner\motion\plugins\smartrotationplugin.as' !
[2026.08.27 18:56:33][Info][WCC] Start cooking gameplay\gui_new\actionscript\com\gskinner\motion\plugins\snappingplugin.as
[2026.08.27 18:56:33][Error][WCC] Failed to load 'gameplay\gui_new\actionscript\com\gskinner\motion\plugins\snappingplugin.as' - is this a resource
[2026.08.27 18:56:33][Error][WCC] Failed to cook 'gameplay\gui_new\actionscript\com\gskinner\motion\plugins\snappingplugin.as' !
[2026.08.27 18:56:33][Info][WCC] Start cooking gameplay\gui_new\actionscript\com\gskinner\motion\plugins\soundtransformplugin.as
[2026.08.27 18:56:33][Error][WCC] Failed to load 'gameplay\gui_new\actionscript\com\gskinner\motion\plugins\soundtransformplugin.as' - is this a resource
[2026.08.27 18:56:33][Error][WCC] Failed to cook 'gameplay\gui_new\actionscript\com\gskinner\motion\plugins\soundtransformplugin.as' !
[2026.08.27 18:56:33][Info][WCC] Start cooking gameplay\gui_new\actionscript\description.txt
[2026.08.27 18:56:33][Error][WCC] Failed to load 'gameplay\gui_new\actionscript\description.txt' - is this a resource
[2026.08.27 18:56:33][Error][WCC] Failed to cook 'gameplay\gui_new\actionscript\description.txt' !
[2026.08.27 18:56:33][Info][WCC] Start cooking gameplay\gui_new\actionscript\red\core\constants\keycode.as
[2026.08.27 18:56:33][Error][WCC] Failed to load 'gameplay\gui_new\actionscript\red\core\constants\keycode.as' - is this a resource
[2026.08.27 18:56:33][Error][WCC] Failed to cook 'gameplay\gui_new\actionscript\red\core\constants\keycode.as' !
[2026.08.27 18:56:33][Info][WCC] Start cooking gameplay\gui_new\actionscript\red\core\corecomponent.as
[2026.08.27 18:56:33][Error][WCC] Failed to load 'gameplay\gui_new\actionscript\red\core\corecomponent.as' - is this a resource
[2026.08.27 18:56:33][Error][WCC] Failed to cook 'gameplay\gui_new\actionscript\red\core\corecomponent.as' !
[2026.08.27 18:56:33][Info][WCC] Start cooking gameplay\gui_new\actionscript\red\core\corehud.as
[2026.08.27 18:56:33][Error][WCC] Failed to load 'gameplay\gui_new\actionscript\red\core\corehud.as' - is this a resource
[2026.08.27 18:56:33][Error][WCC] Failed to cook 'gameplay\gui_new\actionscript\red\core\corehud.as' !
[2026.08.27 18:56:33][Info][WCC] Start cooking gameplay\gui_new\actionscript\red\core\corehudmodule.as
[2026.08.27 18:56:33][Error][WCC] Failed to load 'gameplay\gui_new\actionscript\red\core\corehudmodule.as' - is this a resource
[2026.08.27 18:56:33][Error][WCC] Failed to cook 'gameplay\gui_new\actionscript\red\core\corehudmodule.as' !
[2026.08.27 18:56:33][Info][WCC] Start cooking gameplay\gui_new\actionscript\red\core\coremenu.as
[2026.08.27 18:56:33][Error][WCC] Failed to load 'gameplay\gui_new\actionscript\red\core\coremenu.as' - is this a resource
[2026.08.27 18:56:33][Error][WCC] Failed to cook 'gameplay\gui_new\actionscript\red\core\coremenu.as' !
[2026.08.27 18:56:33][Info][WCC] Start cooking gameplay\gui_new\actionscript\red\core\coremenumodule.as
[2026.08.27 18:56:33][Error][WCC] Failed to load 'gameplay\gui_new\actionscript\red\core\coremenumodule.as' - is this a resource
[2026.08.27 18:56:33][Error][WCC] Failed to cook 'gameplay\gui_new\actionscript\red\core\coremenumodule.as' !
[2026.08.27 18:56:33][Info][WCC] Start cooking gameplay\gui_new\actionscript\red\core\corepopup.as
[2026.08.27 18:56:33][Error][WCC] Failed to load 'gameplay\gui_new\actionscript\red\core\corepopup.as' - is this a resource
[2026.08.27 18:56:33][Error][WCC] Failed to cook 'gameplay\gui_new\actionscript\red\core\corepopup.as' !
[2026.08.27 18:56:33][Info][WCC] Start cooking gameplay\gui_new\actionscript\red\core\data\inputaxisdata.as
[2026.08.27 18:56:33][Error][WCC] Failed to load 'gameplay\gui_new\actionscript\red\core\data\inputaxisdata.as' - is this a resource
[2026.08.27 18:56:33][Error][WCC] Failed to cook 'gameplay\gui_new\actionscript\red\core\data\inputaxisdata.as' !
[2026.08.27 18:56:33][Info][WCC] Start cooking gameplay\gui_new\actionscript\red\core\events\gameevent.as
[2026.08.27 18:56:33][Error][WCC] Failed to load 'gameplay\gui_new\actionscript\red\core\events\gameevent.as' - is this a resource
[2026.08.27 18:56:33][Error][WCC] Failed to cook 'gameplay\gui_new\actionscript\red\core\events\gameevent.as' !
[2026.08.27 18:56:33][Info][WCC] Start cooking gameplay\gui_new\actionscript\red\core\igameadapter.as
[2026.08.27 18:56:33][Error][WCC] Failed to load 'gameplay\gui_new\actionscript\red\core\igameadapter.as' - is this a resource
[2026.08.27 18:56:33][Error][WCC] Failed to cook 'gameplay\gui_new\actionscript\red\core\igameadapter.as' !
[2026.08.27 18:56:33][Info][WCC] Start cooking gameplay\gui_new\actionscript\red\core\overlay\blackscreen.as
[2026.08.27 18:56:33][Error][WCC] Failed to load 'gameplay\gui_new\actionscript\red\core\overlay\blackscreen.as' - is this a resource
[2026.08.27 18:56:33][Error][WCC] Failed to cook 'gameplay\gui_new\actionscript\red\core\overlay\blackscreen.as' !
[2026.08.27 18:56:33][Info][WCC] Start cooking gameplay\gui_new\actionscript\red\core\overlay\loadingoverlay.as
[2026.08.27 18:56:33][Error][WCC] Failed to load 'gameplay\gui_new\actionscript\red\core\overlay\loadingoverlay.as' - is this a resource
[2026.08.27 18:56:33][Error][WCC] Failed to cook 'gameplay\gui_new\actionscript\red\core\overlay\loadingoverlay.as' !
[2026.08.27 18:56:33][Info][WCC] Start cooking gameplay\gui_new\actionscript\red\core\overlay\loadingscreen.as
[2026.08.27 18:56:33][Error][WCC] Failed to load 'gameplay\gui_new\actionscript\red\core\overlay\loadingscreen.as' - is this a resource
[2026.08.27 18:56:33][Error][WCC] Failed to cook 'gameplay\gui_new\actionscript\red\core\overlay\loadingscreen.as' !
[2026.08.27 18:56:33][Info][WCC] Start cooking gameplay\gui_new\actionscript\red\core\overlay\savingoverlay.as
[2026.08.27 18:56:33][Error][WCC] Failed to load 'gameplay\gui_new\actionscript\red\core\overlay\savingoverlay.as' - is this a resource
[2026.08.27 18:56:33][Error][WCC] Failed to cook 'gameplay\gui_new\actionscript\red\core\overlay\savingoverlay.as' !
[2026.08.27 18:56:33][Info][WCC] Start cooking gameplay\gui_new\actionscript\red\core\utils\inpututils.as
[2026.08.27 18:56:33][Error][WCC] Failed to load 'gameplay\gui_new\actionscript\red\core\utils\inpututils.as' - is this a resource
[2026.08.27 18:56:33][Error][WCC] Failed to cook 'gameplay\gui_new\actionscript\red\core\utils\inpututils.as' !
[2026.08.27 18:56:33][Info][WCC] Start cooking gameplay\gui_new\actionscript\red\game\witcher3\constants\aspectratio.as
[2026.08.27 18:56:33][Error][WCC] Failed to load 'gameplay\gui_new\actionscript\red\game\witcher3\constants\aspectratio.as' - is this a resource
[2026.08.27 18:56:33][Error][WCC] Failed to cook 'gameplay\gui_new\actionscript\red\game\witcher3\constants\aspectratio.as' !
[2026.08.27 18:56:33][Info][WCC] Start cooking gameplay\gui_new\actionscript\red\game\witcher3\constants\commonconstants.as
[2026.08.27 18:56:33][Error][WCC] Failed to load 'gameplay\gui_new\actionscript\red\game\witcher3\constants\commonconstants.as' - is this a resource
[2026.08.27 18:56:33][Error][WCC] Failed to cook 'gameplay\gui_new\actionscript\red\game\witcher3\constants\commonconstants.as' !
[2026.08.27 18:56:33][Info][WCC] Start cooking gameplay\gui_new\actionscript\red\game\witcher3\constants\cursortype.as
[2026.08.27 18:56:33][Error][WCC] Failed to load 'gameplay\gui_new\actionscript\red\game\witcher3\constants\cursortype.as' - is this a resource
[2026.08.27 18:56:33][Error][WCC] Failed to cook 'gameplay\gui_new\actionscript\red\game\witcher3\constants\cursortype.as' !
[2026.08.27 18:56:33][Info][WCC] Start cooking gameplay\gui_new\actionscript\red\game\witcher3\constants\debugdataprovider.as
[2026.08.27 18:56:33][Error][WCC] Failed to load 'gameplay\gui_new\actionscript\red\game\witcher3\constants\debugdataprovider.as' - is this a resource
[2026.08.27 18:56:33][Error][WCC] Failed to cook 'gameplay\gui_new\actionscript\red\game\witcher3\constants\debugdataprovider.as' !
[2026.08.27 18:56:33][Info][WCC] Start cooking gameplay\gui_new\actionscript\red\game\witcher3\constants\einputdevicetype.as
[2026.08.27 18:56:33][Error][WCC] Failed to load 'gameplay\gui_new\actionscript\red\game\witcher3\constants\einputdevicetype.as' - is this a resource
[2026.08.27 18:56:33][Error][WCC] Failed to cook 'gameplay\gui_new\actionscript\red\game\witcher3\constants\einputdevicetype.as' !
[2026.08.27 18:56:33][Info][WCC] Start cooking gameplay\gui_new\actionscript\red\game\witcher3\constants\einputpriority.as
[2026.08.27 18:56:33][Error][WCC] Failed to load 'gameplay\gui_new\actionscript\red\game\witcher3\constants\einputpriority.as' - is this a resource
[2026.08.27 18:56:33][Error][WCC] Failed to cook 'gameplay\gui_new\actionscript\red\game\witcher3\constants\einputpriority.as' !
[2026.08.27 18:56:33][Info][WCC] Start cooking gameplay\gui_new\actionscript\red\game\witcher3\constants\gwintinputfeedback.as
[2026.08.27 18:56:33][Error][WCC] Failed to load 'gameplay\gui_new\actionscript\red\game\witcher3\constants\gwintinputfeedback.as' - is this a resource
[2026.08.27 18:56:33][Error][WCC] Failed to cook 'gameplay\gui_new\actionscript\red\game\witcher3\constants\gwintinputfeedback.as' !
[2026.08.27 18:56:33][Info][WCC] Start cooking gameplay\gui_new\actionscript\red\game\witcher3\constants\hudbloodmesstype.as
[2026.08.27 18:56:33][Error][WCC] Failed to load 'gameplay\gui_new\actionscript\red\game\witcher3\constants\hudbloodmesstype.as' - is this a resource
[2026.08.27 18:56:33][Error][WCC] Failed to cook 'gameplay\gui_new\actionscript\red\game\witcher3\constants\hudbloodmesstype.as' !
[2026.08.27 18:56:33][Info][WCC] Start cooking gameplay\gui_new\actionscript\red\game\witcher3\constants\inventoryactiontype.as
[2026.08.27 18:56:33][Error][WCC] Failed to load 'gameplay\gui_new\actionscript\red\game\witcher3\constants\inventoryactiontype.as' - is this a resource
[2026.08.27 18:56:33][Error][WCC] Failed to cook 'gameplay\gui_new\actionscript\red\game\witcher3\constants\inventoryactiontype.as' !
[2026.08.27 18:56:33][Info][WCC] Start cooking gameplay\gui_new\actionscript\red\game\witcher3\constants\inventoryfiltertype.as
[2026.08.27 18:56:33][Error][WCC] Failed to load 'gameplay\gui_new\actionscript\red\game\witcher3\constants\inventoryfiltertype.as' - is this a resource
[2026.08.27 18:56:33][Error][WCC] Failed to cook 'gameplay\gui_new\actionscript\red\game\witcher3\constants\inventoryfiltertype.as' !
[2026.08.27 18:56:33][Info][WCC] Start cooking gameplay\gui_new\actionscript\red\game\witcher3\constants\inventoryslottype.as
[2026.08.27 18:56:33][Error][WCC] Failed to load 'gameplay\gui_new\actionscript\red\game\witcher3\constants\inventoryslottype.as' - is this a resource
[2026.08.27 18:56:33][Error][WCC] Failed to cook 'gameplay\gui_new\actionscript\red\game\witcher3\constants\inventoryslottype.as' !
[2026.08.27 18:56:33][Info][WCC] Start cooking gameplay\gui_new\actionscript\red\game\witcher3\constants\itemquality.as
[2026.08.27 18:56:33][Error][WCC] Failed to load 'gameplay\gui_new\actionscript\red\game\witcher3\constants\itemquality.as' - is this a resource
[2026.08.27 18:56:33][Error][WCC] Failed to cook 'gameplay\gui_new\actionscript\red\game\witcher3\constants\itemquality.as' !
[2026.08.27 18:56:33][Info][WCC] Start cooking gameplay\gui_new\actionscript\red\game\witcher3\constants\keyboardkeys.as
[2026.08.27 18:56:33][Error][WCC] Failed to load 'gameplay\gui_new\actionscript\red\game\witcher3\constants\keyboardkeys.as' - is this a resource
[2026.08.27 18:56:33][Error][WCC] Failed to cook 'gameplay\gui_new\actionscript\red\game\witcher3\constants\keyboardkeys.as' !
[2026.08.27 18:56:33][Info][WCC] Start cooking gameplay\gui_new\actionscript\red\game\witcher3\constants\keycode.as
[2026.08.27 18:56:33][Error][WCC] Failed to load 'gameplay\gui_new\actionscript\red\game\witcher3\constants\keycode.as' - is this a resource
[2026.08.27 18:56:33][Error][WCC] Failed to cook 'gameplay\gui_new\actionscript\red\game\witcher3\constants\keycode.as' !
[2026.08.27 18:56:33][Info][WCC] Start cooking gameplay\gui_new\actionscript\red\game\witcher3\constants\mapstate.as
[2026.08.27 18:56:33][Error][WCC] Failed to load 'gameplay\gui_new\actionscript\red\game\witcher3\constants\mapstate.as' - is this a resource
[2026.08.27 18:56:33][Error][WCC] Failed to cook 'gameplay\gui_new\actionscript\red\game\witcher3\constants\mapstate.as' !
[2026.08.27 18:56:33][Info][WCC] Start cooking gameplay\gui_new\actionscript\red\game\witcher3\constants\messagebutton.as
[2026.08.27 18:56:33][Error][WCC] Failed to load 'gameplay\gui_new\actionscript\red\game\witcher3\constants\messagebutton.as' - is this a resource
[2026.08.27 18:56:33][Error][WCC] Failed to cook 'gameplay\gui_new\actionscript\red\game\witcher3\constants\messagebutton.as' !
[2026.08.27 18:56:33][Info][WCC] Start cooking gameplay\gui_new\actionscript\red\game\witcher3\constants\mutationresourcetype.as
[2026.08.27 18:56:33][Error][WCC] Failed to load 'gameplay\gui_new\actionscript\red\game\witcher3\constants\mutationresourcetype.as' - is this a resource
[2026.08.27 18:56:33][Error][WCC] Failed to cook 'gameplay\gui_new\actionscript\red\game\witcher3\constants\mutationresourcetype.as' !
[2026.08.27 18:56:33][Info][WCC] Start cooking gameplay\gui_new\actionscript\red\game\witcher3\constants\platformtype.as
[2026.08.27 18:56:33][Error][WCC] Failed to load 'gameplay\gui_new\actionscript\red\game\witcher3\constants\platformtype.as' - is this a resource
[2026.08.27 18:56:33][Error][WCC] Failed to cook 'gameplay\gui_new\actionscript\red\game\witcher3\constants\platformtype.as' !
[2026.08.27 18:56:33][Info][WCC] Start cooking gameplay\gui_new\actionscript\red\game\witcher3\constants\queststatustype.as
[2026.08.27 18:56:33][Error][WCC] Failed to load 'gameplay\gui_new\actionscript\red\game\witcher3\constants\queststatustype.as' - is this a resource
[2026.08.27 18:56:33][Error][WCC] Failed to cook 'gameplay\gui_new\actionscript\red\game\witcher3\constants\queststatustype.as' !
[2026.08.27 18:56:33][Info][WCC] Start cooking gameplay\gui_new\actionscript\red\game\witcher3\constants\skillcolor.as
[2026.08.27 18:56:33][Error][WCC] Failed to load 'gameplay\gui_new\actionscript\red\game\witcher3\constants\skillcolor.as' - is this a resource
[2026.08.27 18:56:33][Error][WCC] Failed to cook 'gameplay\gui_new\actionscript\red\game\witcher3\constants\skillcolor.as' !
[2026.08.27 18:56:33][Info][WCC] Start cooking gameplay\gui_new\actionscript\red\game\witcher3\constants\slotvisualstate.as
[2026.08.27 18:56:33][Error][WCC] Failed to load 'gameplay\gui_new\actionscript\red\game\witcher3\constants\slotvisualstate.as' - is this a resource
[2026.08.27 18:56:33][Error][WCC] Failed to cook 'gameplay\gui_new\actionscript\red\game\witcher3\constants\slotvisualstate.as' !
[2026.08.27 18:56:33][Info][WCC] Start cooking gameplay\gui_new\actionscript\red\game\witcher3\constants\sysmessagetype.as
[2026.08.27 18:56:33][Error][WCC] Failed to load 'gameplay\gui_new\actionscript\red\game\witcher3\constants\sysmessagetype.as' - is this a resource
[2026.08.27 18:56:33][Error][WCC] Failed to cook 'gameplay\gui_new\actionscript\red\game\witcher3\constants\sysmessagetype.as' !
[2026.08.27 18:56:33][Info][WCC] Start cooking gameplay\gui_new\actionscript\red\game\witcher3\constants\textcolor.as
[2026.08.27 18:56:33][Error][WCC] Failed to load 'gameplay\gui_new\actionscript\red\game\witcher3\constants\textcolor.as' - is this a resource
[2026.08.27 18:56:33][Error][WCC] Failed to cook 'gameplay\gui_new\actionscript\red\game\witcher3\constants\textcolor.as' !
[2026.08.27 18:56:33][Info][WCC] Start cooking gameplay\gui_new\actionscript\red\game\witcher3\constants\tooltipalignment.as
[2026.08.27 18:56:33][Error][WCC] Failed to load 'gameplay\gui_new\actionscript\red\game\witcher3\constants\tooltipalignment.as' - is this a resource
[2026.08.27 18:56:33][Error][WCC] Failed to cook 'gameplay\gui_new\actionscript\red\game\witcher3\constants\tooltipalignment.as' !
[2026.08.27 18:56:33][Info][WCC] Start cooking gameplay\gui_new\actionscript\red\game\witcher3\controls\advancedtablistitem.as
[2026.08.27 18:56:33][Error][WCC] Failed to load 'gameplay\gui_new\actionscript\red\game\witcher3\controls\advancedtablistitem.as' - is this a resource
[2026.08.27 18:56:33][Error][WCC] Failed to cook 'gameplay\gui_new\actionscript\red\game\witcher3\controls\advancedtablistitem.as' !
[2026.08.27 18:56:33][Info][WCC] Start cooking gameplay\gui_new\actionscript\red\game\witcher3\controls\baselistitem.as
[2026.08.27 18:56:33][Error][WCC] Failed to load 'gameplay\gui_new\actionscript\red\game\witcher3\controls\baselistitem.as' - is this a resource
[2026.08.27 18:56:33][Error][WCC] Failed to cook 'gameplay\gui_new\actionscript\red\game\witcher3\controls\baselistitem.as' !
[2026.08.27 18:56:33][Info][WCC] Start cooking gameplay\gui_new\actionscript\red\game\witcher3\controls\conditionalbutton.as
[2026.08.27 18:56:33][Error][WCC] Failed to load 'gameplay\gui_new\actionscript\red\game\witcher3\controls\conditionalbutton.as' - is this a resource
[2026.08.27 18:56:33][Error][WCC] Failed to cook 'gameplay\gui_new\actionscript\red\game\witcher3\controls\conditionalbutton.as' !
[2026.08.27 18:56:33][Info][WCC] Start cooking gameplay\gui_new\actionscript\red\game\witcher3\controls\conditionalclosebutton.as
[2026.08.27 18:56:33][Error][WCC] Failed to load 'gameplay\gui_new\actionscript\red\game\witcher3\controls\conditionalclosebutton.as' - is this a resource
[2026.08.27 18:56:33][Error][WCC] Failed to cook 'gameplay\gui_new\actionscript\red\game\witcher3\controls\conditionalclosebutton.as' !
[2026.08.27 18:56:33][Info][WCC] Start cooking gameplay\gui_new\actionscript\red\game\witcher3\controls\gamepadbutton.as
[2026.08.27 18:56:33][Error][WCC] Failed to load 'gameplay\gui_new\actionscript\red\game\witcher3\controls\gamepadbutton.as' - is this a resource
[2026.08.27 18:56:33][Error][WCC] Failed to cook 'gameplay\gui_new\actionscript\red\game\witcher3\controls\gamepadbutton.as' !
[2026.08.27 18:56:33][Info][WCC] Start cooking gameplay\gui_new\actionscript\red\game\witcher3\controls\hintbutton.as
[2026.08.27 18:56:33][Error][WCC] Failed to load 'gameplay\gui_new\actionscript\red\game\witcher3\controls\hintbutton.as' - is this a resource
[2026.08.27 18:56:33][Error][WCC] Failed to cook 'gameplay\gui_new\actionscript\red\game\witcher3\controls\hintbutton.as' !
[2026.08.27 18:56:33][Info][WCC] Start cooking gameplay\gui_new\actionscript\red\game\witcher3\controls\inputfeedbackbutton.as
[2026.08.27 18:56:33][Error][WCC] Failed to load 'gameplay\gui_new\actionscript\red\game\witcher3\controls\inputfeedbackbutton.as' - is this a resource
[2026.08.27 18:56:33][Error][WCC] Failed to cook 'gameplay\gui_new\actionscript\red\game\witcher3\controls\inputfeedbackbutton.as' !
[2026.08.27 18:56:33][Info][WCC] Start cooking gameplay\gui_new\actionscript\red\game\witcher3\controls\inputfeedbackbuttoncustom.as
[2026.08.27 18:56:33][Error][WCC] Failed to load 'gameplay\gui_new\actionscript\red\game\witcher3\controls\inputfeedbackbuttoncustom.as' - is this a resource
[2026.08.27 18:56:33][Error][WCC] Failed to cook 'gameplay\gui_new\actionscript\red\game\witcher3\controls\inputfeedbackbuttoncustom.as' !
[2026.08.27 18:56:33][Info][WCC] Start cooking gameplay\gui_new\actionscript\red\game\witcher3\controls\invisiblecomponent.as
[2026.08.27 18:56:33][Error][WCC] Failed to load 'gameplay\gui_new\actionscript\red\game\witcher3\controls\invisiblecomponent.as' - is this a resource
[2026.08.27 18:56:33][Error][WCC] Failed to cook 'gameplay\gui_new\actionscript\red\game\witcher3\controls\invisiblecomponent.as' !
[2026.08.27 18:56:33][Info][WCC] Start cooking gameplay\gui_new\actionscript\red\game\witcher3\controls\itemproprenderer.as
[2026.08.27 18:56:33][Error][WCC] Failed to load 'gameplay\gui_new\actionscript\red\game\witcher3\controls\itemproprenderer.as' - is this a resource
[2026.08.27 18:56:33][Error][WCC] Failed to cook 'gameplay\gui_new\actionscript\red\game\witcher3\controls\itemproprenderer.as' !
[2026.08.27 18:56:33][Info][WCC] Start cooking gameplay\gui_new\actionscript\red\game\witcher3\controls\keyboardbuttonclickarea.as
[2026.08.27 18:56:33][Error][WCC] Failed to load 'gameplay\gui_new\actionscript\red\game\witcher3\controls\keyboardbuttonclickarea.as' - is this a resource
[2026.08.27 18:56:33][Error][WCC] Failed to cook 'gameplay\gui_new\actionscript\red\game\witcher3\controls\keyboardbuttonclickarea.as' !
[2026.08.27 18:56:33][Info][WCC] Start cooking gameplay\gui_new\actionscript\red\game\witcher3\controls\keyboardbuttonicon.as
[2026.08.27 18:56:33][Error][WCC] Failed to load 'gameplay\gui_new\actionscript\red\game\witcher3\controls\keyboardbuttonicon.as' - is this a resource
[2026.08.27 18:56:33][Error][WCC] Failed to cook 'gameplay\gui_new\actionscript\red\game\witcher3\controls\keyboardbuttonicon.as' !
[2026.08.27 18:56:33][Info][WCC] Start cooking gameplay\gui_new\actionscript\red\game\witcher3\controls\keyboardbuttonmouseicon.as
[2026.08.27 18:56:33][Error][WCC] Failed to load 'gameplay\gui_new\actionscript\red\game\witcher3\controls\keyboardbuttonmouseicon.as' - is this a resource
[2026.08.27 18:56:33][Error][WCC] Failed to cook 'gameplay\gui_new\actionscript\red\game\witcher3\controls\keyboardbuttonmouseicon.as' !
[2026.08.27 18:56:33][Info][WCC] Start cooking gameplay\gui_new\actionscript\red\game\witcher3\controls\label.as
[2026.08.27 18:56:33][Error][WCC] Failed to load 'gameplay\gui_new\actionscript\red\game\witcher3\controls\label.as' - is this a resource
[2026.08.27 18:56:33][Error][WCC] Failed to cook 'gameplay\gui_new\actionscript\red\game\witcher3\controls\label.as' !
[2026.08.27 18:56:33][Info][WCC] Start cooking gameplay\gui_new\actionscript\red\game\witcher3\controls\looptweener.as
[2026.08.27 18:56:33][Error][WCC] Failed to load 'gameplay\gui_new\actionscript\red\game\witcher3\controls\looptweener.as' - is this a resource
[2026.08.27 18:56:33][Error][WCC] Failed to cook 'gameplay\gui_new\actionscript\red\game\witcher3\controls\looptweener.as' !
[2026.08.27 18:56:33][Info][WCC] Start cooking gameplay\gui_new\actionscript\red\game\witcher3\controls\modulehighlighting.as
[2026.08.27 18:56:33][Error][WCC] Failed to load 'gameplay\gui_new\actionscript\red\game\witcher3\controls\modulehighlighting.as' - is this a resource
[2026.08.27 18:56:33][Error][WCC] Failed to cook 'gameplay\gui_new\actionscript\red\game\witcher3\controls\modulehighlighting.as' !
[2026.08.27 18:56:33][Info][WCC] Start cooking gameplay\gui_new\actionscript\red\game\witcher3\controls\mousecursor.as
[2026.08.27 18:56:33][Error][WCC] Failed to load 'gameplay\gui_new\actionscript\red\game\witcher3\controls\mousecursor.as' - is this a resource
[2026.08.27 18:56:33][Error][WCC] Failed to cook 'gameplay\gui_new\actionscript\red\game\witcher3\controls\mousecursor.as' !
[2026.08.27 18:56:33][Info][WCC] Start cooking gameplay\gui_new\actionscript\red\game\witcher3\controls\mousecursorcomponent.as
[2026.08.27 18:56:33][Error][WCC] Failed to load 'gameplay\gui_new\actionscript\red\game\witcher3\controls\mousecursorcomponent.as' - is this a resource
[2026.08.27 18:56:33][Error][WCC] Failed to cook 'gameplay\gui_new\actionscript\red\game\witcher3\controls\mousecursorcomponent.as' !
[2026.08.27 18:56:33][Info][WCC] Start cooking gameplay\gui_new\actionscript\red\game\witcher3\controls\rendererslist.as
[2026.08.27 18:56:33][Error][WCC] Failed to load 'gameplay\gui_new\actionscript\red\game\witcher3\controls\rendererslist.as' - is this a resource
[2026.08.27 18:56:33][Error][WCC] Failed to cook 'gameplay\gui_new\actionscript\red\game\witcher3\controls\rendererslist.as' !
[2026.08.27 18:56:33][Info][WCC] Start cooking gameplay\gui_new\actionscript\red\game\witcher3\controls\tablistitem.as
[2026.08.27 18:56:33][Error][WCC] Failed to load 'gameplay\gui_new\actionscript\red\game\witcher3\controls\tablistitem.as' - is this a resource
[2026.08.27 18:56:33][Error][WCC] Failed to cook 'gameplay\gui_new\actionscript\red\game\witcher3\controls\tablistitem.as' !
[2026.08.27 18:56:33][Info][WCC] Start cooking gameplay\gui_new\actionscript\red\game\witcher3\controls\tooltipanchor.as
[2026.08.27 18:56:33][Error][WCC] Failed to load 'gameplay\gui_new\actionscript\red\game\witcher3\controls\tooltipanchor.as' - is this a resource
[2026.08.27 18:56:33][Error][WCC] Failed to cook 'gameplay\gui_new\actionscript\red\game\witcher3\controls\tooltipanchor.as' !
[2026.08.27 18:56:33][Info][WCC] Start cooking gameplay\gui_new\actionscript\red\game\witcher3\controls\w3background.as
[2026.08.27 18:56:33][Error][WCC] Failed to load 'gameplay\gui_new\actionscript\red\game\witcher3\controls\w3background.as' - is this a resource
[2026.08.27 18:56:33][Error][WCC] Failed to cook 'gameplay\gui_new\actionscript\red\game\witcher3\controls\w3background.as' !
[2026.08.27 18:56:33][Info][WCC] Start cooking gameplay\gui_new\actionscript\red\game\witcher3\controls\w3baseslot.as
[2026.08.27 18:56:33][Error][WCC] Failed to load 'gameplay\gui_new\actionscript\red\game\witcher3\controls\w3baseslot.as' - is this a resource
[2026.08.27 18:56:33][Error][WCC] Failed to cook 'gameplay\gui_new\actionscript\red\game\witcher3\controls\w3baseslot.as' !
[2026.08.27 18:56:33][Info][WCC] Start cooking gameplay\gui_new\actionscript\red\game\witcher3\controls\w3button.as
[2026.08.27 18:56:33][Error][WCC] Failed to load 'gameplay\gui_new\actionscript\red\game\witcher3\controls\w3button.as' - is this a resource
[2026.08.27 18:56:33][Error][WCC] Failed to cook 'gameplay\gui_new\actionscript\red\game\witcher3\controls\w3button.as' !
[2026.08.27 18:56:33][Info][WCC] Start cooking gameplay\gui_new\actionscript\red\game\witcher3\controls\w3choicedialog.as
[2026.08.27 18:56:33][Error][WCC] Failed to load 'gameplay\gui_new\actionscript\red\game\witcher3\controls\w3choicedialog.as' - is this a resource
[2026.08.27 18:56:33][Error][WCC] Failed to cook 'gameplay\gui_new\actionscript\red\game\witcher3\controls\w3choicedialog.as' !
[2026.08.27 18:56:33][Info][WCC] Start cooking gameplay\gui_new\actionscript\red\game\witcher3\controls\w3directionalscrollinglist.as
[2026.08.27 18:56:33][Error][WCC] Failed to load 'gameplay\gui_new\actionscript\red\game\witcher3\controls\w3directionalscrollinglist.as' - is this a resource
[2026.08.27 18:56:33][Error][WCC] Failed to cook 'gameplay\gui_new\actionscript\red\game\witcher3\controls\w3directionalscrollinglist.as' !
[2026.08.27 18:56:33][Info][WCC] Start cooking gameplay\gui_new\actionscript\red\game\witcher3\controls\w3dropdownitemrenderer.as
[2026.08.27 18:56:33][Error][WCC] Failed to load 'gameplay\gui_new\actionscript\red\game\witcher3\controls\w3dropdownitemrenderer.as' - is this a resource
[2026.08.27 18:56:33][Error][WCC] Failed to cook 'gameplay\gui_new\actionscript\red\game\witcher3\controls\w3dropdownitemrenderer.as' !
[2026.08.27 18:56:33][Info][WCC] Start cooking gameplay\gui_new\actionscript\red\game\witcher3\controls\w3dropdownlist.as
[2026.08.27 18:56:33][Error][WCC] Failed to load 'gameplay\gui_new\actionscript\red\game\witcher3\controls\w3dropdownlist.as' - is this a resource
[2026.08.27 18:56:33][Error][WCC] Failed to cook 'gameplay\gui_new\actionscript\red\game\witcher3\controls\w3dropdownlist.as' !
[2026.08.27 18:56:33][Info][WCC] Start cooking gameplay\gui_new\actionscript\red\game\witcher3\controls\w3dropdownmenulistitem.as
[2026.08.27 18:56:33][Error][WCC] Failed to load 'gameplay\gui_new\actionscript\red\game\witcher3\controls\w3dropdownmenulistitem.as' - is this a resource
[2026.08.27 18:56:33][Error][WCC] Failed to cook 'gameplay\gui_new\actionscript\red\game\witcher3\controls\w3dropdownmenulistitem.as' !
[2026.08.27 18:56:33][Info][WCC] Start cooking gameplay\gui_new\actionscript\red\game\witcher3\controls\w3gamepadbutton.as
[2026.08.27 18:56:33][Error][WCC] Failed to load 'gameplay\gui_new\actionscript\red\game\witcher3\controls\w3gamepadbutton.as' - is this a resource
[2026.08.27 18:56:33][Error][WCC] Failed to cook 'gameplay\gui_new\actionscript\red\game\witcher3\controls\w3gamepadbutton.as' !
[2026.08.27 18:56:33][Info][WCC] Start cooking gameplay\gui_new\actionscript\red\game\witcher3\controls\w3label.as
[2026.08.27 18:56:33][Error][WCC] Failed to load 'gameplay\gui_new\actionscript\red\game\witcher3\controls\w3label.as' - is this a resource
[2026.08.27 18:56:33][Error][WCC] Failed to cook 'gameplay\gui_new\actionscript\red\game\witcher3\controls\w3label.as' !
[2026.08.27 18:56:33][Info][WCC] Start cooking gameplay\gui_new\actionscript\red\game\witcher3\controls\w3listselectiontracker.as
[2026.08.27 18:56:33][Error][WCC] Failed to load 'gameplay\gui_new\actionscript\red\game\witcher3\controls\w3listselectiontracker.as' - is this a resource
[2026.08.27 18:56:33][Error][WCC] Failed to cook 'gameplay\gui_new\actionscript\red\game\witcher3\controls\w3listselectiontracker.as' !
[2026.08.27 18:56:33][Info][WCC] Start cooking gameplay\gui_new\actionscript\red\game\witcher3\controls\w3messagequeue.as
[2026.08.27 18:56:33][Error][WCC] Failed to load 'gameplay\gui_new\actionscript\red\game\witcher3\controls\w3messagequeue.as' - is this a resource
[2026.08.27 18:56:33][Error][WCC] Failed to cook 'gameplay\gui_new\actionscript\red\game\witcher3\controls\w3messagequeue.as' !
[2026.08.27 18:56:33][Info][WCC] Start cooking gameplay\gui_new\actionscript\red\game\witcher3\controls\w3optionsseparator.as
[2026.08.27 18:56:33][Error][WCC] Failed to load 'gameplay\gui_new\actionscript\red\game\witcher3\controls\w3optionsseparator.as' - is this a resource
[2026.08.27 18:56:33][Error][WCC] Failed to cook 'gameplay\gui_new\actionscript\red\game\witcher3\controls\w3optionsseparator.as' !
[2026.08.27 18:56:33][Info][WCC] Start cooking gameplay\gui_new\actionscript\red\game\witcher3\controls\w3optionstepper.as
[2026.08.27 18:56:33][Error][WCC] Failed to load 'gameplay\gui_new\actionscript\red\game\witcher3\controls\w3optionstepper.as' - is this a resource
[2026.08.27 18:56:33][Error][WCC] Failed to cook 'gameplay\gui_new\actionscript\red\game\witcher3\controls\w3optionstepper.as' !
[2026.08.27 18:56:33][Info][WCC] Start cooking gameplay\gui_new\actionscript\red\game\witcher3\controls\w3quantityslider.as
[2026.08.27 18:56:33][Error][WCC] Failed to load 'gameplay\gui_new\actionscript\red\game\witcher3\controls\w3quantityslider.as' - is this a resource
[2026.08.27 18:56:33][Error][WCC] Failed to cook 'gameplay\gui_new\actionscript\red\game\witcher3\controls\w3quantityslider.as' !
[2026.08.27 18:56:33][Info][WCC] Start cooking gameplay\gui_new\actionscript\red\game\witcher3\controls\w3rendertotextureholder.as
[2026.08.27 18:56:33][Error][WCC] Failed to load 'gameplay\gui_new\actionscript\red\game\witcher3\controls\w3rendertotextureholder.as' - is this a resource
[2026.08.27 18:56:33][Error][WCC] Failed to cook 'gameplay\gui_new\actionscript\red\game\witcher3\controls\w3rendertotextureholder.as' !
[2026.08.27 18:56:33][Info][WCC] Start cooking gameplay\gui_new\actionscript\red\game\witcher3\controls\w3scrollingcategorizedlist.as
[2026.08.27 18:56:33][Error][WCC] Failed to load 'gameplay\gui_new\actionscript\red\game\witcher3\controls\w3scrollingcategorizedlist.as' - is this a resource
[2026.08.27 18:56:33][Error][WCC] Failed to cook 'gameplay\gui_new\actionscript\red\game\witcher3\controls\w3scrollingcategorizedlist.as' !
[2026.08.27 18:56:33][Info][WCC] Start cooking gameplay\gui_new\actionscript\red\game\witcher3\controls\w3scrollinglist.as
[2026.08.27 18:56:33][Error][WCC] Failed to load 'gameplay\gui_new\actionscript\red\game\witcher3\controls\w3scrollinglist.as' - is this a resource
[2026.08.27 18:56:33][Error][WCC] Failed to cook 'gameplay\gui_new\actionscript\red\game\witcher3\controls\w3scrollinglist.as' !
[2026.08.27 18:56:33][Info][WCC] Start cooking gameplay\gui_new\actionscript\red\game\witcher3\controls\w3slider.as
[2026.08.27 18:56:33][Error][WCC] Failed to load 'gameplay\gui_new\actionscript\red\game\witcher3\controls\w3slider.as' - is this a resource
[2026.08.27 18:56:33][Error][WCC] Failed to cook 'gameplay\gui_new\actionscript\red\game\witcher3\controls\w3slider.as' !
[2026.08.27 18:56:33][Info][WCC] Start cooking gameplay\gui_new\actionscript\red\game\witcher3\controls\w3textarea.as
[2026.08.27 18:56:33][Error][WCC] Failed to load 'gameplay\gui_new\actionscript\red\game\witcher3\controls\w3textarea.as' - is this a resource
[2026.08.27 18:56:33][Error][WCC] Failed to cook 'gameplay\gui_new\actionscript\red\game\witcher3\controls\w3textarea.as' !
[2026.08.27 18:56:33][Info][WCC] Start cooking gameplay\gui_new\actionscript\red\game\witcher3\controls\w3uiloader.as
[2026.08.27 18:56:33][Error][WCC] Failed to load 'gameplay\gui_new\actionscript\red\game\witcher3\controls\w3uiloader.as' - is this a resource
[2026.08.27 18:56:33][Error][WCC] Failed to cook 'gameplay\gui_new\actionscript\red\game\witcher3\controls\w3uiloader.as' !
[2026.08.27 18:56:33][Info][WCC] Start cooking gameplay\gui_new\actionscript\red\game\witcher3\controls\w3uiloaderpaperdollslot.as
[2026.08.27 18:56:33][Error][WCC] Failed to load 'gameplay\gui_new\actionscript\red\game\witcher3\controls\w3uiloaderpaperdollslot.as' - is this a resource
[2026.08.27 18:56:33][Error][WCC] Failed to cook 'gameplay\gui_new\actionscript\red\game\witcher3\controls\w3uiloaderpaperdollslot.as' !
[2026.08.27 18:56:33][Info][WCC] Start cooking gameplay\gui_new\actionscript\red\game\witcher3\controls\w3uiloaderslot.as
[2026.08.27 18:56:33][Error][WCC] Failed to load 'gameplay\gui_new\actionscript\red\game\witcher3\controls\w3uiloaderslot.as' - is this a resource
[2026.08.27 18:56:33][Error][WCC] Failed to cook 'gameplay\gui_new\actionscript\red\game\witcher3\controls\w3uiloaderslot.as' !
[2026.08.27 18:56:33][Info][WCC] Start cooking gameplay\gui_new\actionscript\red\game\witcher3\data\griddata.as
[2026.08.27 18:56:33][Error][WCC] Failed to load 'gameplay\gui_new\actionscript\red\game\witcher3\data\griddata.as' - is this a resource
[2026.08.27 18:56:33][Error][WCC] Failed to cook 'gameplay\gui_new\actionscript\red\game\witcher3\data\griddata.as' !
[2026.08.27 18:56:33][Info][WCC] Start cooking gameplay\gui_new\actionscript\red\game\witcher3\data\keybindingdata.as
[2026.08.27 18:56:33][Error][WCC] Failed to load 'gameplay\gui_new\actionscript\red\game\witcher3\data\keybindingdata.as' - is this a resource
[2026.08.27 18:56:33][Error][WCC] Failed to cook 'gameplay\gui_new\actionscript\red\game\witcher3\data\keybindingdata.as' !
[2026.08.27 18:56:33][Info][WCC] Start cooking gameplay\gui_new\actionscript\red\game\witcher3\data\playerstatsdata.as
[2026.08.27 18:56:33][Error][WCC] Failed to load 'gameplay\gui_new\actionscript\red\game\witcher3\data\playerstatsdata.as' - is this a resource
[2026.08.27 18:56:33][Error][WCC] Failed to cook 'gameplay\gui_new\actionscript\red\game\witcher3\data\playerstatsdata.as' !
[2026.08.27 18:56:33][Info][WCC] Start cooking gameplay\gui_new\actionscript\red\game\witcher3\data\popupdata.as
[2026.08.27 18:56:33][Error][WCC] Failed to load 'gameplay\gui_new\actionscript\red\game\witcher3\data\popupdata.as' - is this a resource
[2026.08.27 18:56:33][Error][WCC] Failed to cook 'gameplay\gui_new\actionscript\red\game\witcher3\data\popupdata.as' !
[2026.08.27 18:56:33][Info][WCC] Start cooking gameplay\gui_new\actionscript\red\game\witcher3\data\staticmappindata.as
[2026.08.27 18:56:33][Error][WCC] Failed to load 'gameplay\gui_new\actionscript\red\game\witcher3\data\staticmappindata.as' - is this a resource
[2026.08.27 18:56:33][Error][WCC] Failed to cook 'gameplay\gui_new\actionscript\red\game\witcher3\data\staticmappindata.as' !
[2026.08.27 18:56:33][Info][WCC] Start cooking gameplay\gui_new\actionscript\red\game\witcher3\data\sysmessagedata.as
[2026.08.27 18:56:33][Error][WCC] Failed to load 'gameplay\gui_new\actionscript\red\game\witcher3\data\sysmessagedata.as' - is this a resource
[2026.08.27 18:56:33][Error][WCC] Failed to cook 'gameplay\gui_new\actionscript\red\game\witcher3\data\sysmessagedata.as' !
[2026.08.27 18:56:33][Info][WCC] Start cooking gameplay\gui_new\actionscript\red\game\witcher3\data\tooltipdata.as
[2026.08.27 18:56:33][Error][WCC] Failed to load 'gameplay\gui_new\actionscript\red\game\witcher3\data\tooltipdata.as' - is this a resource
[2026.08.27 18:56:33][Error][WCC] Failed to cook 'gameplay\gui_new\actionscript\red\game\witcher3\data\tooltipdata.as' !
[2026.08.27 18:56:33][Info][WCC] Start cooking gameplay\gui_new\actionscript\red\game\witcher3\events\categorychangeevent.as
[2026.08.27 18:56:33][Error][WCC] Failed to load 'gameplay\gui_new\actionscript\red\game\witcher3\events\categorychangeevent.as' - is this a resource
[2026.08.27 18:56:33][Error][WCC] Failed to cook 'gameplay\gui_new\actionscript\red\game\witcher3\events\categorychangeevent.as' !
[2026.08.27 18:56:33][Info][WCC] Start cooking gameplay\gui_new\actionscript\red\game\witcher3\events\contextchangeevent.as
[2026.08.27 18:56:33][Error][WCC] Failed to load 'gameplay\gui_new\actionscript\red\game\witcher3\events\contextchangeevent.as' - is this a resource
[2026.08.27 18:56:33][Error][WCC] Failed to cook 'gameplay\gui_new\actionscript\red\game\witcher3\events\contextchangeevent.as' !
[2026.08.27 18:56:33][Info][WCC] Start cooking gameplay\gui_new\actionscript\red\game\witcher3\events\contextevent.as
[2026.08.27 18:56:33][Error][WCC] Failed to load 'gameplay\gui_new\actionscript\red\game\witcher3\events\contextevent.as' - is this a resource
[2026.08.27 18:56:33][Error][WCC] Failed to cook 'gameplay\gui_new\actionscript\red\game\witcher3\events\contextevent.as' !
[2026.08.27 18:56:33][Info][WCC] Start cooking gameplay\gui_new\actionscript\red\game\witcher3\events\controllerchangeevent.as
[2026.08.27 18:56:33][Error][WCC] Failed to load 'gameplay\gui_new\actionscript\red\game\witcher3\events\controllerchangeevent.as' - is this a resource
[2026.08.27 18:56:33][Error][WCC] Failed to cook 'gameplay\gui_new\actionscript\red\game\witcher3\events\controllerchangeevent.as' !
[2026.08.27 18:56:33][Info][WCC] Start cooking gameplay\gui_new\actionscript\red\game\witcher3\events\gridevent.as
[2026.08.27 18:56:33][Error][WCC] Failed to load 'gameplay\gui_new\actionscript\red\game\witcher3\events\gridevent.as' - is this a resource
[2026.08.27 18:56:33][Error][WCC] Failed to cook 'gameplay\gui_new\actionscript\red\game\witcher3\events\gridevent.as' !
[2026.08.27 18:56:33][Info][WCC] Start cooking gameplay\gui_new\actionscript\red\game\witcher3\events\gwintcardevent.as
[2026.08.27 18:56:33][Error][WCC] Failed to load 'gameplay\gui_new\actionscript\red\game\witcher3\events\gwintcardevent.as' - is this a resource
[2026.08.27 18:56:33][Error][WCC] Failed to cook 'gameplay\gui_new\actionscript\red\game\witcher3\events\gwintcardevent.as' !
[2026.08.27 18:56:33][Info][WCC] Start cooking gameplay\gui_new\actionscript\red\game\witcher3\events\gwintholderevent.as
[2026.08.27 18:56:33][Error][WCC] Failed to load 'gameplay\gui_new\actionscript\red\game\witcher3\events\gwintholderevent.as' - is this a resource
[2026.08.27 18:56:33][Error][WCC] Failed to cook 'gameplay\gui_new\actionscript\red\game\witcher3\events\gwintholderevent.as' !
[2026.08.27 18:56:33][Info][WCC] Start cooking gameplay\gui_new\actionscript\red\game\witcher3\events\inputfeedbackevent.as
[2026.08.27 18:56:33][Error][WCC] Failed to load 'gameplay\gui_new\actionscript\red\game\witcher3\events\inputfeedbackevent.as' - is this a resource
[2026.08.27 18:56:33][Error][WCC] Failed to cook 'gameplay\gui_new\actionscript\red\game\witcher3\events\inputfeedbackevent.as' !
[2026.08.27 18:56:33][Info][WCC] Start cooking gameplay\gui_new\actionscript\red\game\witcher3\events\itemdragevent.as
[2026.08.27 18:56:33][Error][WCC] Failed to load 'gameplay\gui_new\actionscript\red\game\witcher3\events\itemdragevent.as' - is this a resource
[2026.08.27 18:56:33][Error][WCC] Failed to cook 'gameplay\gui_new\actionscript\red\game\witcher3\events\itemdragevent.as' !
[2026.08.27 18:56:33][Info][WCC] Start cooking gameplay\gui_new\actionscript\red\game\witcher3\events\mapanimation.as
[2026.08.27 18:56:33][Error][WCC] Failed to load 'gameplay\gui_new\actionscript\red\game\witcher3\events\mapanimation.as' - is this a resource
[2026.08.27 18:56:33][Error][WCC] Failed to cook 'gameplay\gui_new\actionscript\red\game\witcher3\events\mapanimation.as' !
[2026.08.27 18:56:33][Info][WCC] Start cooking gameplay\gui_new\actionscript\red\game\witcher3\events\mapcontextevent.as
[2026.08.27 18:56:33][Error][WCC] Failed to load 'gameplay\gui_new\actionscript\red\game\witcher3\events\mapcontextevent.as' - is this a resource
[2026.08.27 18:56:33][Error][WCC] Failed to cook 'gameplay\gui_new\actionscript\red\game\witcher3\events\mapcontextevent.as' !
[2026.08.27 18:56:33][Info][WCC] Start cooking gameplay\gui_new\actionscript\red\game\witcher3\events\mapfilterevent.as
[2026.08.27 18:56:33][Error][WCC] Failed to load 'gameplay\gui_new\actionscript\red\game\witcher3\events\mapfilterevent.as' - is this a resource
[2026.08.27 18:56:33][Error][WCC] Failed to cook 'gameplay\gui_new\actionscript\red\game\witcher3\events\mapfilterevent.as' !
[2026.08.27 18:56:33][Info][WCC] Start cooking gameplay\gui_new\actionscript\red\game\witcher3\events\mapnavigation.as
[2026.08.27 18:56:33][Error][WCC] Failed to load 'gameplay\gui_new\actionscript\red\game\witcher3\events\mapnavigation.as' - is this a resource
[2026.08.27 18:56:33][Error][WCC] Failed to cook 'gameplay\gui_new\actionscript\red\game\witcher3\events\mapnavigation.as' !
[2026.08.27 18:56:33][Info][WCC] Start cooking gameplay\gui_new\actionscript\red\game\witcher3\events\slotactionevent.as
[2026.08.27 18:56:33][Error][WCC] Failed to load 'gameplay\gui_new\actionscript\red\game\witcher3\events\slotactionevent.as' - is this a resource
[2026.08.27 18:56:33][Error][WCC] Failed to cook 'gameplay\gui_new\actionscript\red\game\witcher3\events\slotactionevent.as' !
[2026.08.27 18:56:33][Info][WCC] Start cooking gameplay\gui_new\actionscript\red\game\witcher3\events\slotconnectorevent.as
[2026.08.27 18:56:33][Error][WCC] Failed to load 'gameplay\gui_new\actionscript\red\game\witcher3\events\slotconnectorevent.as' - is this a resource
[2026.08.27 18:56:33][Error][WCC] Failed to cook 'gameplay\gui_new\actionscript\red\game\witcher3\events\slotconnectorevent.as' !
[2026.08.27 18:56:33][Info][WCC] Start cooking gameplay\gui_new\actionscript\red\game\witcher3\events\tooltipevent.as
[2026.08.27 18:56:33][Error][WCC] Failed to load 'gameplay\gui_new\actionscript\red\game\witcher3\events\tooltipevent.as' - is this a resource
[2026.08.27 18:56:33][Error][WCC] Failed to cook 'gameplay\gui_new\actionscript\red\game\witcher3\events\tooltipevent.as' !
[2026.08.27 18:56:33][Info][WCC] Start cooking gameplay\gui_new\actionscript\red\game\witcher3\hud\hud.as
[2026.08.27 18:56:33][Error][WCC] Failed to load 'gameplay\gui_new\actionscript\red\game\witcher3\hud\hud.as' - is this a resource
[2026.08.27 18:56:33][Error][WCC] Failed to cook 'gameplay\gui_new\actionscript\red\game\witcher3\hud\hud.as' !
[2026.08.27 18:56:33][Info][WCC] Start cooking gameplay\gui_new\actionscript\red\game\witcher3\hud\hudmodule.as
[2026.08.27 18:56:33][Error][WCC] Failed to load 'gameplay\gui_new\actionscript\red\game\witcher3\hud\hudmodule.as' - is this a resource
[2026.08.27 18:56:33][Error][WCC] Failed to cook 'gameplay\gui_new\actionscript\red\game\witcher3\hud\hudmodule.as' !
[2026.08.27 18:56:33][Info][WCC] Start cooking gameplay\gui_new\actionscript\red\game\witcher3\hud\hudmodulemanager.as
[2026.08.27 18:56:33][Error][WCC] Failed to load 'gameplay\gui_new\actionscript\red\game\witcher3\hud\hudmodulemanager.as' - is this a resource
[2026.08.27 18:56:33][Error][WCC] Failed to cook 'gameplay\gui_new\actionscript\red\game\witcher3\hud\hudmodulemanager.as' !
[2026.08.27 18:56:33][Info][WCC] Start cooking gameplay\gui_new\actionscript\red\game\witcher3\hud\hudmodulemanagerentry.as
[2026.08.27 18:56:33][Error][WCC] Failed to load 'gameplay\gui_new\actionscript\red\game\witcher3\hud\hudmodulemanagerentry.as' - is this a resource
[2026.08.27 18:56:33][Error][WCC] Failed to cook 'gameplay\gui_new\actionscript\red\game\witcher3\hud\hudmodulemanagerentry.as' !
[2026.08.27 18:56:33][Info][WCC] Start cooking gameplay\gui_new\actionscript\red\game\witcher3\hud\lightweightuiloader.as
[2026.08.27 18:56:33][Error][WCC] Failed to load 'gameplay\gui_new\actionscript\red\game\witcher3\hud\lightweightuiloader.as' - is this a resource
[2026.08.27 18:56:33][Error][WCC] Failed to cook 'gameplay\gui_new\actionscript\red\game\witcher3\hud\lightweightuiloader.as' !
[2026.08.27 18:56:33][Info][WCC] Start cooking gameplay\gui_new\actionscript\red\game\witcher3\hud\modules\buffs\hudbuff.as
[2026.08.27 18:56:33][Error][WCC] Failed to load 'gameplay\gui_new\actionscript\red\game\witcher3\hud\modules\buffs\hudbuff.as' - is this a resource
[2026.08.27 18:56:33][Error][WCC] Failed to cook 'gameplay\gui_new\actionscript\red\game\witcher3\hud\modules\buffs\hudbuff.as' !
[2026.08.27 18:56:33][Info][WCC] Start cooking gameplay\gui_new\actionscript\red\game\witcher3\hud\modules\buffs\hudbuffdurationbar.as
[2026.08.27 18:56:33][Error][WCC] Failed to load 'gameplay\gui_new\actionscript\red\game\witcher3\hud\modules\buffs\hudbuffdurationbar.as' - is this a resource
[2026.08.27 18:56:33][Error][WCC] Failed to cook 'gameplay\gui_new\actionscript\red\game\witcher3\hud\modules\buffs\hudbuffdurationbar.as' !
[2026.08.27 18:56:33][Info][WCC] Start cooking gameplay\gui_new\actionscript\red\game\witcher3\hud\modules\console\consolemessageitem.as
[2026.08.27 18:56:33][Error][WCC] Failed to load 'gameplay\gui_new\actionscript\red\game\witcher3\hud\modules\console\consolemessageitem.as' - is this a resource
[2026.08.27 18:56:33][Error][WCC] Failed to cook 'gameplay\gui_new\actionscript\red\game\witcher3\hud\modules\console\consolemessageitem.as' !
[2026.08.27 18:56:33][Info][WCC] Start cooking gameplay\gui_new\actionscript\red\game\witcher3\hud\modules\console\consolemessagesqueue.as
[2026.08.27 18:56:33][Error][WCC] Failed to load 'gameplay\gui_new\actionscript\red\game\witcher3\hud\modules\console\consolemessagesqueue.as' - is this a resource
[2026.08.27 18:56:33][Error][WCC] Failed to cook 'gameplay\gui_new\actionscript\red\game\witcher3\hud\modules\console\consolemessagesqueue.as' !
[2026.08.27 18:56:33][Info][WCC] Start cooking gameplay\gui_new\actionscript\red\game\witcher3\hud\modules\dialog\dialogactiontype.as
[2026.08.27 18:56:33][Error][WCC] Failed to load 'gameplay\gui_new\actionscript\red\game\witcher3\hud\modules\dialog\dialogactiontype.as' - is this a resource
[2026.08.27 18:56:33][Error][WCC] Failed to cook 'gameplay\gui_new\actionscript\red\game\witcher3\hud\modules\dialog\dialogactiontype.as' !
[2026.08.27 18:56:33][Info][WCC] Start cooking gameplay\gui_new\actionscript\red\game\witcher3\hud\modules\dialog\option.as
[2026.08.27 18:56:33][Error][WCC] Failed to load 'gameplay\gui_new\actionscript\red\game\witcher3\hud\modules\dialog\option.as' - is this a resource
[2026.08.27 18:56:33][Error][WCC] Failed to cook 'gameplay\gui_new\actionscript\red\game\witcher3\hud\modules\dialog\option.as' !
[2026.08.27 18:56:33][Info][WCC] Start cooking gameplay\gui_new\actionscript\red\game\witcher3\hud\modules\dialog\optioncontainer.as
[2026.08.27 18:56:33][Error][WCC] Failed to load 'gameplay\gui_new\actionscript\red\game\witcher3\hud\modules\dialog\optioncontainer.as' - is this a resource
[2026.08.27 18:56:33][Error][WCC] Failed to cook 'gameplay\gui_new\actionscript\red\game\witcher3\hud\modules\dialog\optioncontainer.as' !
[2026.08.27 18:56:33][Info][WCC] Start cooking gameplay\gui_new\actionscript\red\game\witcher3\hud\modules\dialog\optionlist.as
[2026.08.27 18:56:33][Error][WCC] Failed to load 'gameplay\gui_new\actionscript\red\game\witcher3\hud\modules\dialog\optionlist.as' - is this a resource
[2026.08.27 18:56:33][Error][WCC] Failed to cook 'gameplay\gui_new\actionscript\red\game\witcher3\hud\modules\dialog\optionlist.as' !
[2026.08.27 18:56:33][Info][WCC] Start cooking gameplay\gui_new\actionscript\red\game\witcher3\hud\modules\dialog\skipindicator.as
[2026.08.27 18:56:33][Error][WCC] Failed to load 'gameplay\gui_new\actionscript\red\game\witcher3\hud\modules\dialog\skipindicator.as' - is this a resource
[2026.08.27 18:56:33][Error][WCC] Failed to cook 'gameplay\gui_new\actionscript\red\game\witcher3\hud\modules\dialog\skipindicator.as' !
[2026.08.27 18:56:33][Info][WCC] Start cooking gameplay\gui_new\actionscript\red\game\witcher3\hud\modules\hudmoduleammo.as
[2026.08.27 18:56:33][Error][WCC] Failed to load 'gameplay\gui_new\actionscript\red\game\witcher3\hud\modules\hudmoduleammo.as' - is this a resource
[2026.08.27 18:56:33][Error][WCC] Failed to cook 'gameplay\gui_new\actionscript\red\game\witcher3\hud\modules\hudmoduleammo.as' !
[2026.08.27 18:56:33][Info][WCC] Start cooking gameplay\gui_new\actionscript\red\game\witcher3\hud\modules\hudmoduleanchors.as
[2026.08.27 18:56:33][Error][WCC] Failed to load 'gameplay\gui_new\actionscript\red\game\witcher3\hud\modules\hudmoduleanchors.as' - is this a resource
[2026.08.27 18:56:33][Error][WCC] Failed to cook 'gameplay\gui_new\actionscript\red\game\witcher3\hud\modules\hudmoduleanchors.as' !
[2026.08.27 18:56:33][Info][WCC] Start cooking gameplay\gui_new\actionscript\red\game\witcher3\hud\modules\hudmoduleareainfo.as
[2026.08.27 18:56:33][Error][WCC] Failed to load 'gameplay\gui_new\actionscript\red\game\witcher3\hud\modules\hudmoduleareainfo.as' - is this a resource
[2026.08.27 18:56:33][Error][WCC] Failed to cook 'gameplay\gui_new\actionscript\red\game\witcher3\hud\modules\hudmoduleareainfo.as' !
[2026.08.27 18:56:33][Info][WCC] Start cooking gameplay\gui_new\actionscript\red\game\witcher3\hud\modules\hudmodulebase.as
[2026.08.27 18:56:33][Error][WCC] Failed to load 'gameplay\gui_new\actionscript\red\game\witcher3\hud\modules\hudmodulebase.as' - is this a resource
[2026.08.27 18:56:33][Error][WCC] Failed to cook 'gameplay\gui_new\actionscript\red\game\witcher3\hud\modules\hudmodulebase.as' !
[2026.08.27 18:56:33][Info][WCC] Start cooking gameplay\gui_new\actionscript\red\game\witcher3\hud\modules\hudmodulebiomonitor.as
[2026.08.27 18:56:33][Error][WCC] Failed to load 'gameplay\gui_new\actionscript\red\game\witcher3\hud\modules\hudmodulebiomonitor.as' - is this a resource
[2026.08.27 18:56:33][Error][WCC] Failed to cook 'gameplay\gui_new\actionscript\red\game\witcher3\hud\modules\hudmodulebiomonitor.as' !
[2026.08.27 18:56:33][Info][WCC] Start cooking gameplay\gui_new\actionscript\red\game\witcher3\hud\modules\hudmoduleboathealth.as
[2026.08.27 18:56:33][Error][WCC] Failed to load 'gameplay\gui_new\actionscript\red\game\witcher3\hud\modules\hudmoduleboathealth.as' - is this a resource
[2026.08.27 18:56:33][Error][WCC] Failed to cook 'gameplay\gui_new\actionscript\red\game\witcher3\hud\modules\hudmoduleboathealth.as' !
[2026.08.27 18:56:33][Info][WCC] Start cooking gameplay\gui_new\actionscript\red\game\witcher3\hud\modules\hudmodulebossfocus.as
[2026.08.27 18:56:33][Error][WCC] Failed to load 'gameplay\gui_new\actionscript\red\game\witcher3\hud\modules\hudmodulebossfocus.as' - is this a resource
[2026.08.27 18:56:33][Error][WCC] Failed to cook 'gameplay\gui_new\actionscript\red\game\witcher3\hud\modules\hudmodulebossfocus.as' !
[2026.08.27 18:56:33][Info][WCC] Start cooking gameplay\gui_new\actionscript\red\game\witcher3\hud\modules\hudmodulebuffs.as
[2026.08.27 18:56:33][Error][WCC] Failed to load 'gameplay\gui_new\actionscript\red\game\witcher3\hud\modules\hudmodulebuffs.as' - is this a resource
[2026.08.27 18:56:33][Error][WCC] Failed to cook 'gameplay\gui_new\actionscript\red\game\witcher3\hud\modules\hudmodulebuffs.as' !
[2026.08.27 18:56:33][Info][WCC] Start cooking gameplay\gui_new\actionscript\red\game\witcher3\hud\modules\hudmodulecompanion.as
[2026.08.27 18:56:33][Error][WCC] Failed to load 'gameplay\gui_new\actionscript\red\game\witcher3\hud\modules\hudmodulecompanion.as' - is this a resource
[2026.08.27 18:56:33][Error][WCC] Failed to cook 'gameplay\gui_new\actionscript\red\game\witcher3\hud\modules\hudmodulecompanion.as' !
[2026.08.27 18:56:33][Info][WCC] Start cooking gameplay\gui_new\actionscript\red\game\witcher3\hud\modules\hudmoduleconsole.as
[2026.08.27 18:56:33][Error][WCC] Failed to load 'gameplay\gui_new\actionscript\red\game\witcher3\hud\modules\hudmoduleconsole.as' - is this a resource
[2026.08.27 18:56:33][Error][WCC] Failed to cook 'gameplay\gui_new\actionscript\red\game\witcher3\hud\modules\hudmoduleconsole.as' !
[2026.08.27 18:56:33][Info][WCC] Start cooking gameplay\gui_new\actionscript\red\game\witcher3\hud\modules\hudmodulecontrolsfeedback.as
[2026.08.27 18:56:33][Error][WCC] Failed to load 'gameplay\gui_new\actionscript\red\game\witcher3\hud\modules\hudmodulecontrolsfeedback.as' - is this a resource
[2026.08.27 18:56:33][Error][WCC] Failed to cook 'gameplay\gui_new\actionscript\red\game\witcher3\hud\modules\hudmodulecontrolsfeedback.as' !
[2026.08.27 18:56:33][Info][WCC] Start cooking gameplay\gui_new\actionscript\red\game\witcher3\hud\modules\hudmodulecrosshair.as
[2026.08.27 18:56:33][Error][WCC] Failed to load 'gameplay\gui_new\actionscript\red\game\witcher3\hud\modules\hudmodulecrosshair.as' - is this a resource
[2026.08.27 18:56:33][Error][WCC] Failed to cook 'gameplay\gui_new\actionscript\red\game\witcher3\hud\modules\hudmodulecrosshair.as' !
[2026.08.27 18:56:33][Info][WCC] Start cooking gameplay\gui_new\actionscript\red\game\witcher3\hud\modules\hudmoduledamageditems.as
[2026.08.27 18:56:33][Error][WCC] Failed to load 'gameplay\gui_new\actionscript\red\game\witcher3\hud\modules\hudmoduledamageditems.as' - is this a resource
[2026.08.27 18:56:33][Error][WCC] Failed to cook 'gameplay\gui_new\actionscript\red\game\witcher3\hud\modules\hudmoduledamageditems.as' !
[2026.08.27 18:56:33][Info][WCC] Start cooking gameplay\gui_new\actionscript\red\game\witcher3\hud\modules\hudmoduledeathscreen.as
[2026.08.27 18:56:33][Error][WCC] Failed to load 'gameplay\gui_new\actionscript\red\game\witcher3\hud\modules\hudmoduledeathscreen.as' - is this a resource
[2026.08.27 18:56:33][Error][WCC] Failed to cook 'gameplay\gui_new\actionscript\red\game\witcher3\hud\modules\hudmoduledeathscreen.as' !
[2026.08.27 18:56:33][Info][WCC] Start cooking gameplay\gui_new\actionscript\red\game\witcher3\hud\modules\hudmoduledebugtext.as
[2026.08.27 18:56:33][Error][WCC] Failed to load 'gameplay\gui_new\actionscript\red\game\witcher3\hud\modules\hudmoduledebugtext.as' - is this a resource
[2026.08.27 18:56:33][Error][WCC] Failed to cook 'gameplay\gui_new\actionscript\red\game\witcher3\hud\modules\hudmoduledebugtext.as' !
[2026.08.27 18:56:33][Info][WCC] Start cooking gameplay\gui_new\actionscript\red\game\witcher3\hud\modules\hudmoduledialog.as
[2026.08.27 18:56:33][Error][WCC] Failed to load 'gameplay\gui_new\actionscript\red\game\witcher3\hud\modules\hudmoduledialog.as' - is this a resource
[2026.08.27 18:56:33][Error][WCC] Failed to cook 'gameplay\gui_new\actionscript\red\game\witcher3\hud\modules\hudmoduledialog.as' !
[2026.08.27 18:56:33][Info][WCC] Start cooking gameplay\gui_new\actionscript\red\game\witcher3\hud\modules\hudmoduleenemyfocus.as
[2026.08.27 18:56:33][Error][WCC] Failed to load 'gameplay\gui_new\actionscript\red\game\witcher3\hud\modules\hudmoduleenemyfocus.as' - is this a resource
[2026.08.27 18:56:33][Error][WCC] Failed to cook 'gameplay\gui_new\actionscript\red\game\witcher3\hud\modules\hudmoduleenemyfocus.as' !
[2026.08.27 18:56:33][Info][WCC] Start cooking gameplay\gui_new\actionscript\red\game\witcher3\hud\modules\hudmodulehorsepanicbar.as
[2026.08.27 18:56:33][Error][WCC] Failed to load 'gameplay\gui_new\actionscript\red\game\witcher3\hud\modules\hudmodulehorsepanicbar.as' - is this a resource
[2026.08.27 18:56:33][Error][WCC] Failed to cook 'gameplay\gui_new\actionscript\red\game\witcher3\hud\modules\hudmodulehorsepanicbar.as' !
[2026.08.27 18:56:33][Info][WCC] Start cooking gameplay\gui_new\actionscript\red\game\witcher3\hud\modules\hudmodulehorsestaminabar.as
[2026.08.27 18:56:33][Error][WCC] Failed to load 'gameplay\gui_new\actionscript\red\game\witcher3\hud\modules\hudmodulehorsestaminabar.as' - is this a resource
[2026.08.27 18:56:33][Error][WCC] Failed to cook 'gameplay\gui_new\actionscript\red\game\witcher3\hud\modules\hudmodulehorsestaminabar.as' !
[2026.08.27 18:56:33][Info][WCC] Start cooking gameplay\gui_new\actionscript\red\game\witcher3\hud\modules\hudmoduleinteractions.as
[2026.08.27 18:56:33][Error][WCC] Failed to load 'gameplay\gui_new\actionscript\red\game\witcher3\hud\modules\hudmoduleinteractions.as' - is this a resource
[2026.08.27 18:56:33][Error][WCC] Failed to cook 'gameplay\gui_new\actionscript\red\game\witcher3\hud\modules\hudmoduleinteractions.as' !
[2026.08.27 18:56:33][Info][WCC] Start cooking gameplay\gui_new\actionscript\red\game\witcher3\hud\modules\hudmoduleiteminfo.as
[2026.08.27 18:56:33][Error][WCC] Failed to load 'gameplay\gui_new\actionscript\red\game\witcher3\hud\modules\hudmoduleiteminfo.as' - is this a resource
[2026.08.27 18:56:33][Error][WCC] Failed to cook 'gameplay\gui_new\actionscript\red\game\witcher3\hud\modules\hudmoduleiteminfo.as' !
[2026.08.27 18:56:33][Info][WCC] Start cooking gameplay\gui_new\actionscript\red\game\witcher3\hud\modules\hudmodulejournalupdate.as
[2026.08.27 18:56:33][Error][WCC] Failed to load 'gameplay\gui_new\actionscript\red\game\witcher3\hud\modules\hudmodulejournalupdate.as' - is this a resource
[2026.08.27 18:56:33][Error][WCC] Failed to cook 'gameplay\gui_new\actionscript\red\game\witcher3\hud\modules\hudmodulejournalupdate.as' !
[2026.08.27 18:56:33][Info][WCC] Start cooking gameplay\gui_new\actionscript\red\game\witcher3\hud\modules\hudmodulelootpopup.as
[2026.08.27 18:56:33][Error][WCC] Failed to load 'gameplay\gui_new\actionscript\red\game\witcher3\hud\modules\hudmodulelootpopup.as' - is this a resource
[2026.08.27 18:56:33][Error][WCC] Failed to cook 'gameplay\gui_new\actionscript\red\game\witcher3\hud\modules\hudmodulelootpopup.as' !
[2026.08.27 18:56:33][Info][WCC] Start cooking gameplay\gui_new\actionscript\red\game\witcher3\hud\modules\hudmodulemedallion.as
[2026.08.27 18:56:33][Error][WCC] Failed to load 'gameplay\gui_new\actionscript\red\game\witcher3\hud\modules\hudmodulemedallion.as' - is this a resource
[2026.08.27 18:56:33][Error][WCC] Failed to cook 'gameplay\gui_new\actionscript\red\game\witcher3\hud\modules\hudmodulemedallion.as' !
[2026.08.27 18:56:33][Info][WCC] Start cooking gameplay\gui_new\actionscript\red\game\witcher3\hud\modules\hudmodulemessage.as
[2026.08.27 18:56:33][Error][WCC] Failed to load 'gameplay\gui_new\actionscript\red\game\witcher3\hud\modules\hudmodulemessage.as' - is this a resource
[2026.08.27 18:56:33][Error][WCC] Failed to cook 'gameplay\gui_new\actionscript\red\game\witcher3\hud\modules\hudmodulemessage.as' !
[2026.08.27 18:56:33][Info][WCC] Start cooking gameplay\gui_new\actionscript\red\game\witcher3\hud\modules\hudmoduleminimap2.as
[2026.08.27 18:56:33][Error][WCC] Failed to load 'gameplay\gui_new\actionscript\red\game\witcher3\hud\modules\hudmoduleminimap2.as' - is this a resource
[2026.08.27 18:56:33][Error][WCC] Failed to cook 'gameplay\gui_new\actionscript\red\game\witcher3\hud\modules\hudmoduleminimap2.as' !
[2026.08.27 18:56:33][Info][WCC] Start cooking gameplay\gui_new\actionscript\red\game\witcher3\hud\modules\hudmoduleoneliners.as
[2026.08.27 18:56:33][Error][WCC] Failed to load 'gameplay\gui_new\actionscript\red\game\witcher3\hud\modules\hudmoduleoneliners.as' - is this a resource
[2026.08.27 18:56:33][Error][WCC] Failed to cook 'gameplay\gui_new\actionscript\red\game\witcher3\hud\modules\hudmoduleoneliners.as' !
[2026.08.27 18:56:33][Info][WCC] Start cooking gameplay\gui_new\actionscript\red\game\witcher3\hud\modules\hudmoduleoxygenbar.as
[2026.08.27 18:56:33][Error][WCC] Failed to load 'gameplay\gui_new\actionscript\red\game\witcher3\hud\modules\hudmoduleoxygenbar.as' - is this a resource
[2026.08.27 18:56:33][Error][WCC] Failed to cook 'gameplay\gui_new\actionscript\red\game\witcher3\hud\modules\hudmoduleoxygenbar.as' !
[2026.08.27 18:56:33][Info][WCC] Start cooking gameplay\gui_new\actionscript\red\game\witcher3\hud\modules\hudmodulepickeditemsinfo.as
[2026.08.27 18:56:33][Error][WCC] Failed to load 'gameplay\gui_new\actionscript\red\game\witcher3\hud\modules\hudmodulepickeditemsinfo.as' - is this a resource
[2026.08.27 18:56:33][Error][WCC] Failed to cook 'gameplay\gui_new\actionscript\red\game\witcher3\hud\modules\hudmodulepickeditemsinfo.as' !
[2026.08.27 18:56:33][Info][WCC] Start cooking gameplay\gui_new\actionscript\red\game\witcher3\hud\modules\hudmodulequests.as
[2026.08.27 18:56:33][Error][WCC] Failed to load 'gameplay\gui_new\actionscript\red\game\witcher3\hud\modules\hudmodulequests.as' - is this a resource
[2026.08.27 18:56:33][Error][WCC] Failed to cook 'gameplay\gui_new\actionscript\red\game\witcher3\hud\modules\hudmodulequests.as' !
[2026.08.27 18:56:33][Info][WCC] Start cooking gameplay\gui_new\actionscript\red\game\witcher3\hud\modules\hudmoduleradialmenu.as
[2026.08.27 18:56:33][Error][WCC] Failed to load 'gameplay\gui_new\actionscript\red\game\witcher3\hud\modules\hudmoduleradialmenu.as' - is this a resource
[2026.08.27 18:56:33][Error][WCC] Failed to cook 'gameplay\gui_new\actionscript\red\game\witcher3\hud\modules\hudmoduleradialmenu.as' !
[2026.08.27 18:56:33][Info][WCC] Start cooking gameplay\gui_new\actionscript\red\game\witcher3\hud\modules\hudmodulesigninfo.as
[2026.08.27 18:56:33][Error][WCC] Failed to load 'gameplay\gui_new\actionscript\red\game\witcher3\hud\modules\hudmodulesigninfo.as' - is this a resource
[2026.08.27 18:56:33][Error][WCC] Failed to cook 'gameplay\gui_new\actionscript\red\game\witcher3\hud\modules\hudmodulesigninfo.as' !
[2026.08.27 18:56:33][Info][WCC] Start cooking gameplay\gui_new\actionscript\red\game\witcher3\hud\modules\hudmodulestatbars.as
[2026.08.27 18:56:33][Error][WCC] Failed to load 'gameplay\gui_new\actionscript\red\game\witcher3\hud\modules\hudmodulestatbars.as' - is this a resource
[2026.08.27 18:56:33][Error][WCC] Failed to cook 'gameplay\gui_new\actionscript\red\game\witcher3\hud\modules\hudmodulestatbars.as' !
[2026.08.27 18:56:33][Info][WCC] Start cooking gameplay\gui_new\actionscript\red\game\witcher3\hud\modules\hudmodulesubtitles.as
[2026.08.27 18:56:33][Error][WCC] Failed to load 'gameplay\gui_new\actionscript\red\game\witcher3\hud\modules\hudmodulesubtitles.as' - is this a resource
[2026.08.27 18:56:33][Error][WCC] Failed to cook 'gameplay\gui_new\actionscript\red\game\witcher3\hud\modules\hudmodulesubtitles.as' !
[2026.08.27 18:56:33][Info][WCC] Start cooking gameplay\gui_new\actionscript\red\game\witcher3\hud\modules\hudmoduletest.as
[2026.08.27 18:56:33][Error][WCC] Failed to load 'gameplay\gui_new\actionscript\red\game\witcher3\hud\modules\hudmoduletest.as' - is this a resource
[2026.08.27 18:56:33][Error][WCC] Failed to cook 'gameplay\gui_new\actionscript\red\game\witcher3\hud\modules\hudmoduletest.as' !
[2026.08.27 18:56:33][Info][WCC] Start cooking gameplay\gui_new\actionscript\red\game\witcher3\hud\modules\hudmoduletimelapse.as
[2026.08.27 18:56:33][Error][WCC] Failed to load 'gameplay\gui_new\actionscript\red\game\witcher3\hud\modules\hudmoduletimelapse.as' - is this a resource
[2026.08.27 18:56:33][Error][WCC] Failed to cook 'gameplay\gui_new\actionscript\red\game\witcher3\hud\modules\hudmoduletimelapse.as' !
[2026.08.27 18:56:33][Info][WCC] Start cooking gameplay\gui_new\actionscript\red\game\witcher3\hud\modules\hudmoduletimeleft.as
[2026.08.27 18:56:33][Error][WCC] Failed to load 'gameplay\gui_new\actionscript\red\game\witcher3\hud\modules\hudmoduletimeleft.as' - is this a resource
[2026.08.27 18:56:33][Error][WCC] Failed to cook 'gameplay\gui_new\actionscript\red\game\witcher3\hud\modules\hudmoduletimeleft.as' !
[2026.08.27 18:56:33][Info][WCC] Start cooking gameplay\gui_new\actionscript\red\game\witcher3\hud\modules\hudmodulewatermark.as
[2026.08.27 18:56:33][Error][WCC] Failed to load 'gameplay\gui_new\actionscript\red\game\witcher3\hud\modules\hudmodulewatermark.as' - is this a resource
[2026.08.27 18:56:33][Error][WCC] Failed to cook 'gameplay\gui_new\actionscript\red\game\witcher3\hud\modules\hudmodulewatermark.as' !
[2026.08.27 18:56:33][Info][WCC] Start cooking gameplay\gui_new\actionscript\red\game\witcher3\hud\modules\hudmodulewolfhead.as
[2026.08.27 18:56:33][Error][WCC] Failed to load 'gameplay\gui_new\actionscript\red\game\witcher3\hud\modules\hudmodulewolfhead.as' - is this a resource
[2026.08.27 18:56:33][Error][WCC] Failed to cook 'gameplay\gui_new\actionscript\red\game\witcher3\hud\modules\hudmodulewolfhead.as' !
[2026.08.27 18:56:33][Info][WCC] Start cooking gameplay\gui_new\actionscript\red\game\witcher3\hud\modules\iteminfo\huditeminfo.as
[2026.08.27 18:56:33][Error][WCC] Failed to load 'gameplay\gui_new\actionscript\red\game\witcher3\hud\modules\iteminfo\huditeminfo.as' - is this a resource
[2026.08.27 18:56:33][Error][WCC] Failed to cook 'gameplay\gui_new\actionscript\red\game\witcher3\hud\modules\iteminfo\huditeminfo.as' !
[2026.08.27 18:56:33][Info][WCC] Start cooking gameplay\gui_new\actionscript\red\game\witcher3\hud\modules\iteminfo\hudpotioninfo.as
[2026.08.27 18:56:33][Error][WCC] Failed to load 'gameplay\gui_new\actionscript\red\game\witcher3\hud\modules\iteminfo\hudpotioninfo.as' - is this a resource
[2026.08.27 18:56:33][Error][WCC] Failed to cook 'gameplay\gui_new\actionscript\red\game\witcher3\hud\modules\iteminfo\hudpotioninfo.as' !
[2026.08.27 18:56:33][Info][WCC] Start cooking gameplay\gui_new\actionscript\red\game\witcher3\hud\modules\iteminfo\hudpotionkeyboardinfo.as
[2026.08.27 18:56:33][Error][WCC] Failed to load 'gameplay\gui_new\actionscript\red\game\witcher3\hud\modules\iteminfo\hudpotionkeyboardinfo.as' - is this a resource
[2026.08.27 18:56:33][Error][WCC] Failed to cook 'gameplay\gui_new\actionscript\red\game\witcher3\hud\modules\iteminfo\hudpotionkeyboardinfo.as' !
[2026.08.27 18:56:33][Info][WCC] Start cooking gameplay\gui_new\actionscript\red\game\witcher3\hud\modules\journalupdate\questbookinfo.as
[2026.08.27 18:56:33][Error][WCC] Failed to load 'gameplay\gui_new\actionscript\red\game\witcher3\hud\modules\journalupdate\questbookinfo.as' - is this a resource
[2026.08.27 18:56:33][Error][WCC] Failed to cook 'gameplay\gui_new\actionscript\red\game\witcher3\hud\modules\journalupdate\questbookinfo.as' !
[2026.08.27 18:56:33][Info][WCC] Start cooking gameplay\gui_new\actionscript\red\game\witcher3\hud\modules\lootpopup\hudlootfloatingtooltip.as
[2026.08.27 18:56:33][Error][WCC] Failed to load 'gameplay\gui_new\actionscript\red\game\witcher3\hud\modules\lootpopup\hudlootfloatingtooltip.as' - is this a resource
[2026.08.27 18:56:33][Error][WCC] Failed to cook 'gameplay\gui_new\actionscript\red\game\witcher3\hud\modules\lootpopup\hudlootfloatingtooltip.as' !
[2026.08.27 18:56:33][Info][WCC] Start cooking gameplay\gui_new\actionscript\red\game\witcher3\hud\modules\lootpopup\hudlootgamepadbuttons.as
[2026.08.27 18:56:33][Error][WCC] Failed to load 'gameplay\gui_new\actionscript\red\game\witcher3\hud\modules\lootpopup\hudlootgamepadbuttons.as' - is this a resource
[2026.08.27 18:56:33][Error][WCC] Failed to cook 'gameplay\gui_new\actionscript\red\game\witcher3\hud\modules\lootpopup\hudlootgamepadbuttons.as' !
[2026.08.27 18:56:33][Info][WCC] Start cooking gameplay\gui_new\actionscript\red\game\witcher3\hud\modules\lootpopup\hudlootitemmodule.as
[2026.08.27 18:56:33][Error][WCC] Failed to load 'gameplay\gui_new\actionscript\red\game\witcher3\hud\modules\lootpopup\hudlootitemmodule.as' - is this a resource
[2026.08.27 18:56:33][Error][WCC] Failed to cook 'gameplay\gui_new\actionscript\red\game\witcher3\hud\modules\lootpopup\hudlootitemmodule.as' !
[2026.08.27 18:56:33][Info][WCC] Start cooking gameplay\gui_new\actionscript\red\game\witcher3\hud\modules\lootpopup\hudlootitemslistitem.as
[2026.08.27 18:56:33][Error][WCC] Failed to load 'gameplay\gui_new\actionscript\red\game\witcher3\hud\modules\lootpopup\hudlootitemslistitem.as' - is this a resource
[2026.08.27 18:56:33][Error][WCC] Failed to cook 'gameplay\gui_new\actionscript\red\game\witcher3\hud\modules\lootpopup\hudlootitemslistitem.as' !
[2026.08.27 18:56:33][Info][WCC] Start cooking gameplay\gui_new\actionscript\red\game\witcher3\hud\modules\medallion\hudfocuspoint.as
[2026.08.27 18:56:33][Error][WCC] Failed to load 'gameplay\gui_new\actionscript\red\game\witcher3\hud\modules\medallion\hudfocuspoint.as' - is this a resource
[2026.08.27 18:56:33][Error][WCC] Failed to cook 'gameplay\gui_new\actionscript\red\game\witcher3\hud\modules\medallion\hudfocuspoint.as' !
[2026.08.27 18:56:33][Info][WCC] Start cooking gameplay\gui_new\actionscript\red\game\witcher3\hud\modules\medallion\hudwolfshead.as
[2026.08.27 18:56:33][Error][WCC] Failed to load 'gameplay\gui_new\actionscript\red\game\witcher3\hud\modules\medallion\hudwolfshead.as' - is this a resource
[2026.08.27 18:56:33][Error][WCC] Failed to cook 'gameplay\gui_new\actionscript\red\game\witcher3\hud\modules\medallion\hudwolfshead.as' !
[2026.08.27 18:56:33][Info][WCC] Start cooking gameplay\gui_new\actionscript\red\game\witcher3\hud\modules\minimap2\basemap.as
[2026.08.27 18:56:33][Error][WCC] Failed to load 'gameplay\gui_new\actionscript\red\game\witcher3\hud\modules\minimap2\basemap.as' - is this a resource
[2026.08.27 18:56:33][Error][WCC] Failed to cook 'gameplay\gui_new\actionscript\red\game\witcher3\hud\modules\minimap2\basemap.as' !
[2026.08.27 18:56:33][Info][WCC] Start cooking gameplay\gui_new\actionscript\red\game\witcher3\hud\modules\minimap2\buffedmonsterinfo.as
[2026.08.27 18:56:33][Error][WCC] Failed to load 'gameplay\gui_new\actionscript\red\game\witcher3\hud\modules\minimap2\buffedmonsterinfo.as' - is this a resource
[2026.08.27 18:56:33][Error][WCC] Failed to cook 'gameplay\gui_new\actionscript\red\game\witcher3\hud\modules\minimap2\buffedmonsterinfo.as' !
[2026.08.27 18:56:33][Info][WCC] Start cooking gameplay\gui_new\actionscript\red\game\witcher3\hud\modules\minimap2\commonmap.as
[2026.08.27 18:56:33][Error][WCC] Failed to load 'gameplay\gui_new\actionscript\red\game\witcher3\hud\modules\minimap2\commonmap.as' - is this a resource
[2026.08.27 18:56:33][Error][WCC] Failed to cook 'gameplay\gui_new\actionscript\red\game\witcher3\hud\modules\minimap2\commonmap.as' !
[2026.08.27 18:56:33][Info][WCC] Start cooking gameplay\gui_new\actionscript\red\game\witcher3\hud\modules\minimap2\commonmapcontainer.as
[2026.08.27 18:56:33][Error][WCC] Failed to load 'gameplay\gui_new\actionscript\red\game\witcher3\hud\modules\minimap2\commonmapcontainer.as' - is this a resource
[2026.08.27 18:56:33][Error][WCC] Failed to cook 'gameplay\gui_new\actionscript\red\game\witcher3\hud\modules\minimap2\commonmapcontainer.as' !
[2026.08.27 18:56:33][Info][WCC] Start cooking gameplay\gui_new\actionscript\red\game\witcher3\hud\modules\minimap2\distanceinfo.as
[2026.08.27 18:56:33][Error][WCC] Failed to load 'gameplay\gui_new\actionscript\red\game\witcher3\hud\modules\minimap2\distanceinfo.as' - is this a resource
[2026.08.27 18:56:33][Error][WCC] Failed to cook 'gameplay\gui_new\actionscript\red\game\witcher3\hud\modules\minimap2\distanceinfo.as' !
[2026.08.27 18:56:33][Info][WCC] Start cooking gameplay\gui_new\actionscript\red\game\witcher3\hud\modules\minimap2\hubmap.as
[2026.08.27 18:56:33][Error][WCC] Failed to load 'gameplay\gui_new\actionscript\red\game\witcher3\hud\modules\minimap2\hubmap.as' - is this a resource
[2026.08.27 18:56:33][Error][WCC] Failed to cook 'gameplay\gui_new\actionscript\red\game\witcher3\hud\modules\minimap2\hubmap.as' !
[2026.08.27 18:56:33][Info][WCC] Start cooking gameplay\gui_new\actionscript\red\game\witcher3\hud\modules\minimap2\hubmapcontainer.as
[2026.08.27 18:56:33][Error][WCC] Failed to load 'gameplay\gui_new\actionscript\red\game\witcher3\hud\modules\minimap2\hubmapcontainer.as' - is this a resource
[2026.08.27 18:56:33][Error][WCC] Failed to cook 'gameplay\gui_new\actionscript\red\game\witcher3\hud\modules\minimap2\hubmapcontainer.as' !
[2026.08.27 18:56:33][Info][WCC] Start cooking gameplay\gui_new\actionscript\red\game\witcher3\hud\modules\minimap2\interiormap.as
[2026.08.27 18:56:33][Error][WCC] Failed to load 'gameplay\gui_new\actionscript\red\game\witcher3\hud\modules\minimap2\interiormap.as' - is this a resource
[2026.08.27 18:56:33][Error][WCC] Failed to cook 'gameplay\gui_new\actionscript\red\game\witcher3\hud\modules\minimap2\interiormap.as' !
[2026.08.27 18:56:33][Info][WCC] Start cooking gameplay\gui_new\actionscript\red\game\witcher3\hud\modules\minimap2\interiormapcontainer.as
[2026.08.27 18:56:33][Error][WCC] Failed to load 'gameplay\gui_new\actionscript\red\game\witcher3\hud\modules\minimap2\interiormapcontainer.as' - is this a resource
[2026.08.27 18:56:33][Error][WCC] Failed to cook 'gameplay\gui_new\actionscript\red\game\witcher3\hud\modules\minimap2\interiormapcontainer.as' !
[2026.08.27 18:56:33][Info][WCC] Start cooking gameplay\gui_new\actionscript\red\game\witcher3\hud\modules\minimap2\mappath.as
[2026.08.27 18:56:33][Error][WCC] Failed to load 'gameplay\gui_new\actionscript\red\game\witcher3\hud\modules\minimap2\mappath.as' - is this a resource
[2026.08.27 18:56:33][Error][WCC] Failed to cook 'gameplay\gui_new\actionscript\red\game\witcher3\hud\modules\minimap2\mappath.as' !
[2026.08.27 18:56:33][Info][WCC] Start cooking gameplay\gui_new\actionscript\red\game\witcher3\hud\modules\minimap2\mappin.as
[2026.08.27 18:56:33][Error][WCC] Failed to load 'gameplay\gui_new\actionscript\red\game\witcher3\hud\modules\minimap2\mappin.as' - is this a resource
[2026.08.27 18:56:33][Error][WCC] Failed to cook 'gameplay\gui_new\actionscript\red\game\witcher3\hud\modules\minimap2\mappin.as' !
[2026.08.27 18:56:33][Info][WCC] Start cooking gameplay\gui_new\actionscript\red\game\witcher3\hud\modules\minimap2\minimaploader.as
[2026.08.27 18:56:33][Error][WCC] Failed to load 'gameplay\gui_new\actionscript\red\game\witcher3\hud\modules\minimap2\minimaploader.as' - is this a resource
[2026.08.27 18:56:33][Error][WCC] Failed to cook 'gameplay\gui_new\actionscript\red\game\witcher3\hud\modules\minimap2\minimaploader.as' !
[2026.08.27 18:56:33][Info][WCC] Start cooking gameplay\gui_new\actionscript\red\game\witcher3\hud\modules\minimap2\minimappininstance.as
[2026.08.27 18:56:33][Error][WCC] Failed to load 'gameplay\gui_new\actionscript\red\game\witcher3\hud\modules\minimap2\minimappininstance.as' - is this a resource
[2026.08.27 18:56:33][Error][WCC] Failed to cook 'gameplay\gui_new\actionscript\red\game\witcher3\hud\modules\minimap2\minimappininstance.as' !
[2026.08.27 18:56:33][Info][WCC] Start cooking gameplay\gui_new\actionscript\red\game\witcher3\hud\modules\minimap2\minimaptile.as
[2026.08.27 18:56:33][Error][WCC] Failed to load 'gameplay\gui_new\actionscript\red\game\witcher3\hud\modules\minimap2\minimaptile.as' - is this a resource
[2026.08.27 18:56:33][Error][WCC] Failed to cook 'gameplay\gui_new\actionscript\red\game\witcher3\hud\modules\minimap2\minimaptile.as' !
[2026.08.27 18:56:33][Info][WCC] Start cooking gameplay\gui_new\actionscript\red\game\witcher3\hud\modules\minimap2\waypoint.as
[2026.08.27 18:56:33][Error][WCC] Failed to load 'gameplay\gui_new\actionscript\red\game\witcher3\hud\modules\minimap2\waypoint.as' - is this a resource
[2026.08.27 18:56:33][Error][WCC] Failed to cook 'gameplay\gui_new\actionscript\red\game\witcher3\hud\modules\minimap2\waypoint.as' !
[2026.08.27 18:56:33][Info][WCC] Start cooking gameplay\gui_new\actionscript\red\game\witcher3\hud\modules\minimap2\waypointinstance.as
[2026.08.27 18:56:33][Error][WCC] Failed to load 'gameplay\gui_new\actionscript\red\game\witcher3\hud\modules\minimap2\waypointinstance.as' - is this a resource
[2026.08.27 18:56:33][Error][WCC] Failed to cook 'gameplay\gui_new\actionscript\red\game\witcher3\hud\modules\minimap2\waypointinstance.as' !
[2026.08.27 18:56:33][Info][WCC] Start cooking gameplay\gui_new\actionscript\red\game\witcher3\hud\modules\minimap2\worldconditioninfo.as
[2026.08.27 18:56:33][Error][WCC] Failed to load 'gameplay\gui_new\actionscript\red\game\witcher3\hud\modules\minimap2\worldconditioninfo.as' - is this a resource
[2026.08.27 18:56:33][Error][WCC] Failed to cook 'gameplay\gui_new\actionscript\red\game\witcher3\hud\modules\minimap2\worldconditioninfo.as' !
[2026.08.27 18:56:33][Info][WCC] Start cooking gameplay\gui_new\actionscript\red\game\witcher3\hud\modules\pickeditemsinfo\hudpickeditemsinfolistitem.as
[2026.08.27 18:56:33][Error][WCC] Failed to load 'gameplay\gui_new\actionscript\red\game\witcher3\hud\modules\pickeditemsinfo\hudpickeditemsinfolistitem.as' - is this a resource
[2026.08.27 18:56:33][Error][WCC] Failed to cook 'gameplay\gui_new\actionscript\red\game\witcher3\hud\modules\pickeditemsinfo\hudpickeditemsinfolistitem.as' !
[2026.08.27 18:56:33][Info][WCC] Start cooking gameplay\gui_new\actionscript\red\game\witcher3\hud\modules\quests\hudquestcontainer.as
[2026.08.27 18:56:33][Error][WCC] Failed to load 'gameplay\gui_new\actionscript\red\game\witcher3\hud\modules\quests\hudquestcontainer.as' - is this a resource
[2026.08.27 18:56:33][Error][WCC] Failed to cook 'gameplay\gui_new\actionscript\red\game\witcher3\hud\modules\quests\hudquestcontainer.as' !
[2026.08.27 18:56:33][Info][WCC] Start cooking gameplay\gui_new\actionscript\red\game\witcher3\hud\modules\quests\hudquestobjectivelist.as
[2026.08.27 18:56:33][Error][WCC] Failed to load 'gameplay\gui_new\actionscript\red\game\witcher3\hud\modules\quests\hudquestobjectivelist.as' - is this a resource
[2026.08.27 18:56:33][Error][WCC] Failed to cook 'gameplay\gui_new\actionscript\red\game\witcher3\hud\modules\quests\hudquestobjectivelist.as' !
[2026.08.27 18:56:33][Info][WCC] Start cooking gameplay\gui_new\actionscript\red\game\witcher3\hud\modules\quests\hudquestobjectivelistitem.as
[2026.08.27 18:56:33][Error][WCC] Failed to load 'gameplay\gui_new\actionscript\red\game\witcher3\hud\modules\quests\hudquestobjectivelistitem.as' - is this a resource
[2026.08.27 18:56:33][Error][WCC] Failed to cook 'gameplay\gui_new\actionscript\red\game\witcher3\hud\modules\quests\hudquestobjectivelistitem.as' !
[2026.08.27 18:56:33][Info][WCC] Start cooking gameplay\gui_new\actionscript\red\game\witcher3\hud\modules\radialmenu\radialmenufieldscontainer.as
[2026.08.27 18:56:33][Error][WCC] Failed to load 'gameplay\gui_new\actionscript\red\game\witcher3\hud\modules\radialmenu\radialmenufieldscontainer.as' - is this a resource
[2026.08.27 18:56:33][Error][WCC] Failed to cook 'gameplay\gui_new\actionscript\red\game\witcher3\hud\modules\radialmenu\radialmenufieldscontainer.as' !
[2026.08.27 18:56:33][Info][WCC] Start cooking gameplay\gui_new\actionscript\red\game\witcher3\hud\modules\radialmenu\radialmenuitem.as
[2026.08.27 18:56:33][Error][WCC] Failed to load 'gameplay\gui_new\actionscript\red\game\witcher3\hud\modules\radialmenu\radialmenuitem.as' - is this a resource
[2026.08.27 18:56:33][Error][WCC] Failed to cook 'gameplay\gui_new\actionscript\red\game\witcher3\hud\modules\radialmenu\radialmenuitem.as' !
[2026.08.27 18:56:33][Info][WCC] Start cooking gameplay\gui_new\actionscript\red\game\witcher3\hud\modules\radialmenu\radialmenuitemcounter.as
[2026.08.27 18:56:33][Error][WCC] Failed to load 'gameplay\gui_new\actionscript\red\game\witcher3\hud\modules\radialmenu\radialmenuitemcounter.as' - is this a resource
[2026.08.27 18:56:33][Error][WCC] Failed to cook 'gameplay\gui_new\actionscript\red\game\witcher3\hud\modules\radialmenu\radialmenuitemcounter.as' !
[2026.08.27 18:56:33][Info][WCC] Start cooking gameplay\gui_new\actionscript\red\game\witcher3\hud\modules\radialmenu\radialmenuitemequipped.as
[2026.08.27 18:56:33][Error][WCC] Failed to load 'gameplay\gui_new\actionscript\red\game\witcher3\hud\modules\radialmenu\radialmenuitemequipped.as' - is this a resource
[2026.08.27 18:56:33][Error][WCC] Failed to cook 'gameplay\gui_new\actionscript\red\game\witcher3\hud\modules\radialmenu\radialmenuitemequipped.as' !
[2026.08.27 18:56:33][Info][WCC] Start cooking gameplay\gui_new\actionscript\red\game\witcher3\hud\modules\radialmenu\radialmenuselectedinfo.as
[2026.08.27 18:56:33][Error][WCC] Failed to load 'gameplay\gui_new\actionscript\red\game\witcher3\hud\modules\radialmenu\radialmenuselectedinfo.as' - is this a resource
[2026.08.27 18:56:33][Error][WCC] Failed to cook 'gameplay\gui_new\actionscript\red\game\witcher3\hud\modules\radialmenu\radialmenuselectedinfo.as' !
[2026.08.27 18:56:33][Info][WCC] Start cooking gameplay\gui_new\actionscript\red\game\witcher3\hud\modules\radialmenu\radialmenusubitemview.as
[2026.08.27 18:56:33][Error][WCC] Failed to load 'gameplay\gui_new\actionscript\red\game\witcher3\hud\modules\radialmenu\radialmenusubitemview.as' - is this a resource
[2026.08.27 18:56:33][Error][WCC] Failed to cook 'gameplay\gui_new\actionscript\red\game\witcher3\hud\modules\radialmenu\radialmenusubitemview.as' !
[2026.08.27 18:56:33][Info][WCC] Start cooking gameplay\gui_new\actionscript\red\game\witcher3\hud\modules\signinfo\huditeminfo.as
[2026.08.27 18:56:33][Error][WCC] Failed to load 'gameplay\gui_new\actionscript\red\game\witcher3\hud\modules\signinfo\huditeminfo.as' - is this a resource
[2026.08.27 18:56:33][Error][WCC] Failed to cook 'gameplay\gui_new\actionscript\red\game\witcher3\hud\modules\signinfo\huditeminfo.as' !
[2026.08.27 18:56:33][Info][WCC] Start cooking gameplay\gui_new\actionscript\red\game\witcher3\hud\modules\statbars\hudhealthbarvines.as
[2026.08.27 18:56:33][Error][WCC] Failed to load 'gameplay\gui_new\actionscript\red\game\witcher3\hud\modules\statbars\hudhealthbarvines.as' - is this a resource
[2026.08.27 18:56:33][Error][WCC] Failed to cook 'gameplay\gui_new\actionscript\red\game\witcher3\hud\modules\statbars\hudhealthbarvines.as' !
[2026.08.27 18:56:33][Info][WCC] Start cooking gameplay\gui_new\actionscript\red\game\witcher3\hud\modules\statbars\hudstatbar.as
[2026.08.27 18:56:33][Error][WCC] Failed to load 'gameplay\gui_new\actionscript\red\game\witcher3\hud\modules\statbars\hudstatbar.as' - is this a resource
[2026.08.27 18:56:33][Error][WCC] Failed to cook 'gameplay\gui_new\actionscript\red\game\witcher3\hud\modules\statbars\hudstatbar.as' !
[2026.08.27 18:56:33][Info][WCC] Start cooking gameplay\gui_new\actionscript\red\game\witcher3\hud\modules\statbars\hudstatbarblood.as
[2026.08.27 18:56:33][Error][WCC] Failed to load 'gameplay\gui_new\actionscript\red\game\witcher3\hud\modules\statbars\hudstatbarblood.as' - is this a resource
[2026.08.27 18:56:33][Error][WCC] Failed to cook 'gameplay\gui_new\actionscript\red\game\witcher3\hud\modules\statbars\hudstatbarblood.as' !
[2026.08.27 18:56:33][Info][WCC] Start cooking gameplay\gui_new\actionscript\red\game\witcher3\hud\modules\statbars\hudstatbarstamina.as
[2026.08.27 18:56:33][Error][WCC] Failed to load 'gameplay\gui_new\actionscript\red\game\witcher3\hud\modules\statbars\hudstatbarstamina.as' - is this a resource
[2026.08.27 18:56:33][Error][WCC] Failed to cook 'gameplay\gui_new\actionscript\red\game\witcher3\hud\modules\statbars\hudstatbarstamina.as' !
[2026.08.27 18:56:33][Info][WCC] Start cooking gameplay\gui_new\actionscript\red\game\witcher3\hud\modules\statbars\hudstatbartoxicity.as
[2026.08.27 18:56:33][Error][WCC] Failed to load 'gameplay\gui_new\actionscript\red\game\witcher3\hud\modules\statbars\hudstatbartoxicity.as' - is this a resource
[2026.08.27 18:56:33][Error][WCC] Failed to cook 'gameplay\gui_new\actionscript\red\game\witcher3\hud\modules\statbars\hudstatbartoxicity.as' !
[2026.08.27 18:56:33][Info][WCC] Start cooking gameplay\gui_new\actionscript\red\game\witcher3\hud\modules\wolfhead\focusindicator.as
[2026.08.27 18:56:33][Error][WCC] Failed to load 'gameplay\gui_new\actionscript\red\game\witcher3\hud\modules\wolfhead\focusindicator.as' - is this a resource
[2026.08.27 18:56:33][Error][WCC] Failed to cook 'gameplay\gui_new\actionscript\red\game\witcher3\hud\modules\wolfhead\focusindicator.as' !
[2026.08.27 18:56:33][Info][WCC] Start cooking gameplay\gui_new\actionscript\red\game\witcher3\hud\modules\wolfhead\staminaindicator.as
[2026.08.27 18:56:33][Error][WCC] Failed to load 'gameplay\gui_new\actionscript\red\game\witcher3\hud\modules\wolfhead\staminaindicator.as' - is this a resource
[2026.08.27 18:56:33][Error][WCC] Failed to cook 'gameplay\gui_new\actionscript\red\game\witcher3\hud\modules\wolfhead\staminaindicator.as' !
[2026.08.27 18:56:33][Info][WCC] Start cooking gameplay\gui_new\actionscript\red\game\witcher3\hud\modules\wolfhead\w3statindicator.as
[2026.08.27 18:56:33][Error][WCC] Failed to load 'gameplay\gui_new\actionscript\red\game\witcher3\hud\modules\wolfhead\w3statindicator.as' - is this a resource
[2026.08.27 18:56:33][Error][WCC] Failed to cook 'gameplay\gui_new\actionscript\red\game\witcher3\hud\modules\wolfhead\w3statindicator.as' !
[2026.08.27 18:56:33][Info][WCC] Start cooking gameplay\gui_new\actionscript\red\game\witcher3\hud\modules\wolfhead\wolfmedallion.as
[2026.08.27 18:56:33][Error][WCC] Failed to load 'gameplay\gui_new\actionscript\red\game\witcher3\hud\modules\wolfhead\wolfmedallion.as' - is this a resource
[2026.08.27 18:56:33][Error][WCC] Failed to cook 'gameplay\gui_new\actionscript\red\game\witcher3\hud\modules\wolfhead\wolfmedallion.as' !
[2026.08.27 18:56:33][Info][WCC] Start cooking gameplay\gui_new\actionscript\red\game\witcher3\hud\states\basestate.as
[2026.08.27 18:56:33][Error][WCC] Failed to load 'gameplay\gui_new\actionscript\red\game\witcher3\hud\states\basestate.as' - is this a resource
[2026.08.27 18:56:33][Error][WCC] Failed to cook 'gameplay\gui_new\actionscript\red\game\witcher3\hud\states\basestate.as' !
[2026.08.27 18:56:33][Info][WCC] Start cooking gameplay\gui_new\actionscript\red\game\witcher3\hud\states\hidestate.as
[2026.08.27 18:56:33][Error][WCC] Failed to load 'gameplay\gui_new\actionscript\red\game\witcher3\hud\states\hidestate.as' - is this a resource
[2026.08.27 18:56:33][Error][WCC] Failed to cook 'gameplay\gui_new\actionscript\red\game\witcher3\hud\states\hidestate.as' !
[2026.08.27 18:56:33][Info][WCC] Start cooking gameplay\gui_new\actionscript\red\game\witcher3\hud\states\ondemandstate.as
[2026.08.27 18:56:33][Error][WCC] Failed to load 'gameplay\gui_new\actionscript\red\game\witcher3\hud\states\ondemandstate.as' - is this a resource
[2026.08.27 18:56:33][Error][WCC] Failed to cook 'gameplay\gui_new\actionscript\red\game\witcher3\hud\states\ondemandstate.as' !
[2026.08.27 18:56:33][Info][WCC] Start cooking gameplay\gui_new\actionscript\red\game\witcher3\hud\states\onupdatestate.as
[2026.08.27 18:56:33][Error][WCC] Failed to load 'gameplay\gui_new\actionscript\red\game\witcher3\hud\states\onupdatestate.as' - is this a resource
[2026.08.27 18:56:33][Error][WCC] Failed to cook 'gameplay\gui_new\actionscript\red\game\witcher3\hud\states\onupdatestate.as' !
[2026.08.27 18:56:33][Info][WCC] Start cooking gameplay\gui_new\actionscript\red\game\witcher3\hud\states\showstate.as
[2026.08.27 18:56:33][Error][WCC] Failed to load 'gameplay\gui_new\actionscript\red\game\witcher3\hud\states\showstate.as' - is this a resource
[2026.08.27 18:56:33][Error][WCC] Failed to cook 'gameplay\gui_new\actionscript\red\game\witcher3\hud\states\showstate.as' !
[2026.08.27 18:56:33][Info][WCC] Start cooking gameplay\gui_new\actionscript\red\game\witcher3\hud\states\statemachine.as
[2026.08.27 18:56:33][Error][WCC] Failed to load 'gameplay\gui_new\actionscript\red\game\witcher3\hud\states\statemachine.as' - is this a resource
[2026.08.27 18:56:33][Error][WCC] Failed to cook 'gameplay\gui_new\actionscript\red\game\witcher3\hud\states\statemachine.as' !
[2026.08.27 18:56:33][Info][WCC] Start cooking gameplay\gui_new\actionscript\red\game\witcher3\interfaces\iabstractitemcontainermodule.as
[2026.08.27 18:56:33][Error][WCC] Failed to load 'gameplay\gui_new\actionscript\red\game\witcher3\interfaces\iabstractitemcontainermodule.as' - is this a resource
[2026.08.27 18:56:33][Error][WCC] Failed to cook 'gameplay\gui_new\actionscript\red\game\witcher3\interfaces\iabstractitemcontainermodule.as' !
[2026.08.27 18:56:33][Info][WCC] Start cooking gameplay\gui_new\actionscript\red\game\witcher3\interfaces\ianchorable.as
[2026.08.27 18:56:33][Error][WCC] Failed to load 'gameplay\gui_new\actionscript\red\game\witcher3\interfaces\ianchorable.as' - is this a resource
[2026.08.27 18:56:33][Error][WCC] Failed to cook 'gameplay\gui_new\actionscript\red\game\witcher3\interfaces\ianchorable.as' !
[2026.08.27 18:56:33][Info][WCC] Start cooking gameplay\gui_new\actionscript\red\game\witcher3\interfaces\ibaseslot.as
[2026.08.27 18:56:33][Error][WCC] Failed to load 'gameplay\gui_new\actionscript\red\game\witcher3\interfaces\ibaseslot.as' - is this a resource
[2026.08.27 18:56:33][Error][WCC] Failed to cook 'gameplay\gui_new\actionscript\red\game\witcher3\interfaces\ibaseslot.as' !
[2026.08.27 18:56:33][Info][WCC] Start cooking gameplay\gui_new\actionscript\red\game\witcher3\interfaces\idragtarget.as
[2026.08.27 18:56:33][Error][WCC] Failed to load 'gameplay\gui_new\actionscript\red\game\witcher3\interfaces\idragtarget.as' - is this a resource
[2026.08.27 18:56:33][Error][WCC] Failed to cook 'gameplay\gui_new\actionscript\red\game\witcher3\interfaces\idragtarget.as' !
[2026.08.27 18:56:33][Info][WCC] Start cooking gameplay\gui_new\actionscript\red\game\witcher3\interfaces\idroptarget.as
[2026.08.27 18:56:33][Error][WCC] Failed to load 'gameplay\gui_new\actionscript\red\game\witcher3\interfaces\idroptarget.as' - is this a resource
[2026.08.27 18:56:33][Error][WCC] Failed to cook 'gameplay\gui_new\actionscript\red\game\witcher3\interfaces\idroptarget.as' !
[2026.08.27 18:56:33][Info][WCC] Start cooking gameplay\gui_new\actionscript\red\game\witcher3\interfaces\igriditemrenderer.as
[2026.08.27 18:56:33][Error][WCC] Failed to load 'gameplay\gui_new\actionscript\red\game\witcher3\interfaces\igriditemrenderer.as' - is this a resource
[2026.08.27 18:56:33][Error][WCC] Failed to cook 'gameplay\gui_new\actionscript\red\game\witcher3\interfaces\igriditemrenderer.as' !
[2026.08.27 18:56:33][Info][WCC] Start cooking gameplay\gui_new\actionscript\red\game\witcher3\interfaces\iinteractionobject.as
[2026.08.27 18:56:33][Error][WCC] Failed to load 'gameplay\gui_new\actionscript\red\game\witcher3\interfaces\iinteractionobject.as' - is this a resource
[2026.08.27 18:56:33][Error][WCC] Failed to cook 'gameplay\gui_new\actionscript\red\game\witcher3\interfaces\iinteractionobject.as' !
[2026.08.27 18:56:33][Info][WCC] Start cooking gameplay\gui_new\actionscript\red\game\witcher3\interfaces\iinventoryslot.as
[2026.08.27 18:56:33][Error][WCC] Failed to load 'gameplay\gui_new\actionscript\red\game\witcher3\interfaces\iinventoryslot.as' - is this a resource
[2026.08.27 18:56:33][Error][WCC] Failed to cook 'gameplay\gui_new\actionscript\red\game\witcher3\interfaces\iinventoryslot.as' !
[2026.08.27 18:56:33][Info][WCC] Start cooking gameplay\gui_new\actionscript\red\game\witcher3\interfaces\ipaperdollslot.as
[2026.08.27 18:56:33][Error][WCC] Failed to load 'gameplay\gui_new\actionscript\red\game\witcher3\interfaces\ipaperdollslot.as' - is this a resource
[2026.08.27 18:56:33][Error][WCC] Failed to cook 'gameplay\gui_new\actionscript\red\game\witcher3\interfaces\ipaperdollslot.as' !
[2026.08.27 18:56:33][Info][WCC] Start cooking gameplay\gui_new\actionscript\red\game\witcher3\interfaces\iscrollinglist.as
[2026.08.27 18:56:33][Error][WCC] Failed to load 'gameplay\gui_new\actionscript\red\game\witcher3\interfaces\iscrollinglist.as' - is this a resource
[2026.08.27 18:56:33][Error][WCC] Failed to cook 'gameplay\gui_new\actionscript\red\game\witcher3\interfaces\iscrollinglist.as' !
[2026.08.27 18:56:33][Info][WCC] Start cooking gameplay\gui_new\actionscript\red\game\witcher3\interfaces\itooltipholder.as
[2026.08.27 18:56:33][Error][WCC] Failed to load 'gameplay\gui_new\actionscript\red\game\witcher3\interfaces\itooltipholder.as' - is this a resource
[2026.08.27 18:56:33][Error][WCC] Failed to cook 'gameplay\gui_new\actionscript\red\game\witcher3\interfaces\itooltipholder.as' !
[2026.08.27 18:56:33][Info][WCC] Start cooking gameplay\gui_new\actionscript\red\game\witcher3\managers\contextinfomanager.as
[2026.08.27 18:56:33][Error][WCC] Failed to load 'gameplay\gui_new\actionscript\red\game\witcher3\managers\contextinfomanager.as' - is this a resource
[2026.08.27 18:56:33][Error][WCC] Failed to cook 'gameplay\gui_new\actionscript\red\game\witcher3\managers\contextinfomanager.as' !
[2026.08.27 18:56:33][Info][WCC] Start cooking gameplay\gui_new\actionscript\red\game\witcher3\managers\contexttooltipdata.as
[2026.08.27 18:56:33][Error][WCC] Failed to load 'gameplay\gui_new\actionscript\red\game\witcher3\managers\contexttooltipdata.as' - is this a resource
[2026.08.27 18:56:33][Error][WCC] Failed to cook 'gameplay\gui_new\actionscript\red\game\witcher3\managers\contexttooltipdata.as' !
[2026.08.27 18:56:33][Info][WCC] Start cooking gameplay\gui_new\actionscript\red\game\witcher3\managers\inputfeedbackmanager.as
[2026.08.27 18:56:33][Error][WCC] Failed to load 'gameplay\gui_new\actionscript\red\game\witcher3\managers\inputfeedbackmanager.as' - is this a resource
[2026.08.27 18:56:33][Error][WCC] Failed to cook 'gameplay\gui_new\actionscript\red\game\witcher3\managers\inputfeedbackmanager.as' !
[2026.08.27 18:56:33][Info][WCC] Start cooking gameplay\gui_new\actionscript\red\game\witcher3\managers\inputmanager.as
[2026.08.27 18:56:33][Error][WCC] Failed to load 'gameplay\gui_new\actionscript\red\game\witcher3\managers\inputmanager.as' - is this a resource
[2026.08.27 18:56:33][Error][WCC] Failed to cook 'gameplay\gui_new\actionscript\red\game\witcher3\managers\inputmanager.as' !
[2026.08.27 18:56:33][Info][WCC] Start cooking gameplay\gui_new\actionscript\red\game\witcher3\managers\panelmodulemanager.as
[2026.08.27 18:56:33][Error][WCC] Failed to load 'gameplay\gui_new\actionscript\red\game\witcher3\managers\panelmodulemanager.as' - is this a resource
[2026.08.27 18:56:33][Error][WCC] Failed to cook 'gameplay\gui_new\actionscript\red\game\witcher3\managers\panelmodulemanager.as' !
[2026.08.27 18:56:33][Info][WCC] Start cooking gameplay\gui_new\actionscript\red\game\witcher3\managers\runtimeassetsmanager.as
[2026.08.27 18:56:33][Error][WCC] Failed to load 'gameplay\gui_new\actionscript\red\game\witcher3\managers\runtimeassetsmanager.as' - is this a resource
[2026.08.27 18:56:33][Error][WCC] Failed to cook 'gameplay\gui_new\actionscript\red\game\witcher3\managers\runtimeassetsmanager.as' !
[2026.08.27 18:56:33][Info][WCC] Start cooking gameplay\gui_new\actionscript\red\game\witcher3\managers\w3dragmanager.as
[2026.08.27 18:56:33][Error][WCC] Failed to load 'gameplay\gui_new\actionscript\red\game\witcher3\managers\w3dragmanager.as' - is this a resource
[2026.08.27 18:56:33][Error][WCC] Failed to cook 'gameplay\gui_new\actionscript\red\game\witcher3\managers\w3dragmanager.as' !
[2026.08.27 18:56:33][Info][WCC] Start cooking gameplay\gui_new\actionscript\red\game\witcher3\managers\zoommanager.as
[2026.08.27 18:56:33][Error][WCC] Failed to load 'gameplay\gui_new\actionscript\red\game\witcher3\managers\zoommanager.as' - is this a resource
[2026.08.27 18:56:33][Error][WCC] Failed to cook 'gameplay\gui_new\actionscript\red\game\witcher3\managers\zoommanager.as' !
[2026.08.27 18:56:33][Info][WCC] Start cooking gameplay\gui_new\actionscript\red\game\witcher3\menus\alchemy\alchemymenu.as
[2026.08.27 18:56:33][Error][WCC] Failed to load 'gameplay\gui_new\actionscript\red\game\witcher3\menus\alchemy\alchemymenu.as' - is this a resource
[2026.08.27 18:56:33][Error][WCC] Failed to cook 'gameplay\gui_new\actionscript\red\game\witcher3\menus\alchemy\alchemymenu.as' !
[2026.08.27 18:56:33][Info][WCC] Start cooking gameplay\gui_new\actionscript\red\game\witcher3\menus\alchemy\alchemysublistmodule.as
[2026.08.27 18:56:33][Error][WCC] Failed to load 'gameplay\gui_new\actionscript\red\game\witcher3\menus\alchemy\alchemysublistmodule.as' - is this a resource
[2026.08.27 18:56:33][Error][WCC] Failed to cook 'gameplay\gui_new\actionscript\red\game\witcher3\menus\alchemy\alchemysublistmodule.as' !
[2026.08.27 18:56:33][Info][WCC] Start cooking gameplay\gui_new\actionscript\red\game\witcher3\menus\blacksmith\blacksmithitempanel.as
[2026.08.27 18:56:33][Error][WCC] Failed to load 'gameplay\gui_new\actionscript\red\game\witcher3\menus\blacksmith\blacksmithitempanel.as' - is this a resource
[2026.08.27 18:56:33][Error][WCC] Failed to cook 'gameplay\gui_new\actionscript\red\game\witcher3\menus\blacksmith\blacksmithitempanel.as' !
[2026.08.27 18:56:33][Info][WCC] Start cooking gameplay\gui_new\actionscript\red\game\witcher3\menus\blacksmith\blacksmithmenu.as
[2026.08.27 18:56:33][Error][WCC] Failed to load 'gameplay\gui_new\actionscript\red\game\witcher3\menus\blacksmith\blacksmithmenu.as' - is this a resource
[2026.08.27 18:56:33][Error][WCC] Failed to cook 'gameplay\gui_new\actionscript\red\game\witcher3\menus\blacksmith\blacksmithmenu.as' !
[2026.08.27 18:56:33][Info][WCC] Start cooking gameplay\gui_new\actionscript\red\game\witcher3\menus\blacksmith\enchantingitemslistmodule.as
[2026.08.27 18:56:33][Error][WCC] Failed to load 'gameplay\gui_new\actionscript\red\game\witcher3\menus\blacksmith\enchantingitemslistmodule.as' - is this a resource
[2026.08.27 18:56:33][Error][WCC] Failed to cook 'gameplay\gui_new\actionscript\red\game\witcher3\menus\blacksmith\enchantingitemslistmodule.as' !
[2026.08.27 18:56:33][Info][WCC] Start cooking gameplay\gui_new\actionscript\red\game\witcher3\menus\blacksmith\enchantingmenu.as
[2026.08.27 18:56:33][Error][WCC] Failed to load 'gameplay\gui_new\actionscript\red\game\witcher3\menus\blacksmith\enchantingmenu.as' - is this a resource
[2026.08.27 18:56:33][Error][WCC] Failed to cook 'gameplay\gui_new\actionscript\red\game\witcher3\menus\blacksmith\enchantingmenu.as' !
[2026.08.27 18:56:33][Info][WCC] Start cooking gameplay\gui_new\actionscript\red\game\witcher3\menus\blacksmith\itemaddsocketinfo.as
[2026.08.27 18:56:33][Error][WCC] Failed to load 'gameplay\gui_new\actionscript\red\game\witcher3\menus\blacksmith\itemaddsocketinfo.as' - is this a resource
[2026.08.27 18:56:33][Error][WCC] Failed to cook 'gameplay\gui_new\actionscript\red\game\witcher3\menus\blacksmith\itemaddsocketinfo.as' !
[2026.08.27 18:56:33][Info][WCC] Start cooking gameplay\gui_new\actionscript\red\game\witcher3\menus\blacksmith\itemdisassembleinfo.as
[2026.08.27 18:56:33][Error][WCC] Failed to load 'gameplay\gui_new\actionscript\red\game\witcher3\menus\blacksmith\itemdisassembleinfo.as' - is this a resource
[2026.08.27 18:56:33][Error][WCC] Failed to cook 'gameplay\gui_new\actionscript\red\game\witcher3\menus\blacksmith\itemdisassembleinfo.as' !
[2026.08.27 18:56:33][Info][WCC] Start cooking gameplay\gui_new\actionscript\red\game\witcher3\menus\blacksmith\itemrepairinfo.as
[2026.08.27 18:56:33][Error][WCC] Failed to load 'gameplay\gui_new\actionscript\red\game\witcher3\menus\blacksmith\itemrepairinfo.as' - is this a resource
[2026.08.27 18:56:33][Error][WCC] Failed to cook 'gameplay\gui_new\actionscript\red\game\witcher3\menus\blacksmith\itemrepairinfo.as' !
[2026.08.27 18:56:33][Info][WCC] Start cooking gameplay\gui_new\actionscript\red\game\witcher3\menus\blacksmith\itemsocketsinfo.as
[2026.08.27 18:56:33][Error][WCC] Failed to load 'gameplay\gui_new\actionscript\red\game\witcher3\menus\blacksmith\itemsocketsinfo.as' - is this a resource
[2026.08.27 18:56:33][Error][WCC] Failed to cook 'gameplay\gui_new\actionscript\red\game\witcher3\menus\blacksmith\itemsocketsinfo.as' !
[2026.08.27 18:56:33][Info][WCC] Start cooking gameplay\gui_new\actionscript\red\game\witcher3\menus\blacksmith\moduleblacksmithgrid.as
[2026.08.27 18:56:33][Error][WCC] Failed to load 'gameplay\gui_new\actionscript\red\game\witcher3\menus\blacksmith\moduleblacksmithgrid.as' - is this a resource
[2026.08.27 18:56:33][Error][WCC] Failed to cook 'gameplay\gui_new\actionscript\red\game\witcher3\menus\blacksmith\moduleblacksmithgrid.as' !
[2026.08.27 18:56:33][Info][WCC] Start cooking gameplay\gui_new\actionscript\red\game\witcher3\menus\blacksmith\requiredingredientslistmodule.as
[2026.08.27 18:56:33][Error][WCC] Failed to load 'gameplay\gui_new\actionscript\red\game\witcher3\menus\blacksmith\requiredingredientslistmodule.as' - is this a resource
[2026.08.27 18:56:33][Error][WCC] Failed to cook 'gameplay\gui_new\actionscript\red\game\witcher3\menus\blacksmith\requiredingredientslistmodule.as' !
[2026.08.27 18:56:33][Info][WCC] Start cooking gameplay\gui_new\actionscript\red\game\witcher3\menus\character\characterbuttoncontainermodule.as
[2026.08.27 18:56:33][Error][WCC] Failed to load 'gameplay\gui_new\actionscript\red\game\witcher3\menus\character\characterbuttoncontainermodule.as' - is this a resource
[2026.08.27 18:56:33][Error][WCC] Failed to cook 'gameplay\gui_new\actionscript\red\game\witcher3\menus\character\characterbuttoncontainermodule.as' !
[2026.08.27 18:56:33][Info][WCC] Start cooking gameplay\gui_new\actionscript\red\game\witcher3\menus\character\characterbuttoncontainermodule_console.as
[2026.08.27 18:56:33][Error][WCC] Failed to load 'gameplay\gui_new\actionscript\red\game\witcher3\menus\character\characterbuttoncontainermodule_console.as' - is this a resource
[2026.08.27 18:56:33][Error][WCC] Failed to cook 'gameplay\gui_new\actionscript\red\game\witcher3\menus\character\characterbuttoncontainermodule_console.as' !
[2026.08.27 18:56:33][Info][WCC] Start cooking gameplay\gui_new\actionscript\red\game\witcher3\menus\character\characterbuttoncontainermodule_pc.as
[2026.08.27 18:56:33][Error][WCC] Failed to load 'gameplay\gui_new\actionscript\red\game\witcher3\menus\character\characterbuttoncontainermodule_pc.as' - is this a resource
[2026.08.27 18:56:33][Error][WCC] Failed to cook 'gameplay\gui_new\actionscript\red\game\witcher3\menus\character\characterbuttoncontainermodule_pc.as' !
[2026.08.27 18:56:33][Info][WCC] Start cooking gameplay\gui_new\actionscript\red\game\witcher3\menus\character\characterfloatingtooltipmodule.as
[2026.08.27 18:56:33][Error][WCC] Failed to load 'gameplay\gui_new\actionscript\red\game\witcher3\menus\character\characterfloatingtooltipmodule.as' - is this a resource
[2026.08.27 18:56:33][Error][WCC] Failed to cook 'gameplay\gui_new\actionscript\red\game\witcher3\menus\character\characterfloatingtooltipmodule.as' !
[2026.08.27 18:56:33][Info][WCC] Start cooking gameplay\gui_new\actionscript\red\game\witcher3\menus\character\characterperksmenu.as
[2026.08.27 18:56:33][Error][WCC] Failed to load 'gameplay\gui_new\actionscript\red\game\witcher3\menus\character\characterperksmenu.as' - is this a resource
[2026.08.27 18:56:33][Error][WCC] Failed to cook 'gameplay\gui_new\actionscript\red\game\witcher3\menus\character\characterperksmenu.as' !
[2026.08.27 18:56:33][Info][WCC] Start cooking gameplay\gui_new\actionscript\red\game\witcher3\menus\character\characterpointsmodule.as
[2026.08.27 18:56:33][Error][WCC] Failed to load 'gameplay\gui_new\actionscript\red\game\witcher3\menus\character\characterpointsmodule.as' - is this a resource
[2026.08.27 18:56:33][Error][WCC] Failed to cook 'gameplay\gui_new\actionscript\red\game\witcher3\menus\character\characterpointsmodule.as' !
[2026.08.27 18:56:33][Info][WCC] Start cooking gameplay\gui_new\actionscript\red\game\witcher3\menus\character\characterskillsmenu.as
[2026.08.27 18:56:33][Error][WCC] Failed to load 'gameplay\gui_new\actionscript\red\game\witcher3\menus\character\characterskillsmenu.as' - is this a resource
[2026.08.27 18:56:33][Error][WCC] Failed to cook 'gameplay\gui_new\actionscript\red\game\witcher3\menus\character\characterskillsmenu.as' !
[2026.08.27 18:56:33][Info][WCC] Start cooking gameplay\gui_new\actionscript\red\game\witcher3\menus\character\charactertabsmodule.as
[2026.08.27 18:56:33][Error][WCC] Failed to load 'gameplay\gui_new\actionscript\red\game\witcher3\menus\character\charactertabsmodule.as' - is this a resource
[2026.08.27 18:56:33][Error][WCC] Failed to cook 'gameplay\gui_new\actionscript\red\game\witcher3\menus\character\charactertabsmodule.as' !
[2026.08.27 18:56:33][Info][WCC] Start cooking gameplay\gui_new\actionscript\red\game\witcher3\menus\character\charactertreegrid.as
[2026.08.27 18:56:33][Error][WCC] Failed to load 'gameplay\gui_new\actionscript\red\game\witcher3\menus\character\charactertreegrid.as' - is this a resource
[2026.08.27 18:56:33][Error][WCC] Failed to cook 'gameplay\gui_new\actionscript\red\game\witcher3\menus\character\charactertreegrid.as' !
[2026.08.27 18:56:33][Info][WCC] Start cooking gameplay\gui_new\actionscript\red\game\witcher3\menus\character\mutationtooltiptitle.as
[2026.08.27 18:56:33][Error][WCC] Failed to load 'gameplay\gui_new\actionscript\red\game\witcher3\menus\character\mutationtooltiptitle.as' - is this a resource
[2026.08.27 18:56:33][Error][WCC] Failed to cook 'gameplay\gui_new\actionscript\red\game\witcher3\menus\character\mutationtooltiptitle.as' !
[2026.08.27 18:56:33][Info][WCC] Start cooking gameplay\gui_new\actionscript\red\game\witcher3\menus\character\perkslot.as
[2026.08.27 18:56:33][Error][WCC] Failed to load 'gameplay\gui_new\actionscript\red\game\witcher3\menus\character\perkslot.as' - is this a resource
[2026.08.27 18:56:33][Error][WCC] Failed to cook 'gameplay\gui_new\actionscript\red\game\witcher3\menus\character\perkslot.as' !
[2026.08.27 18:56:33][Info][WCC] Start cooking gameplay\gui_new\actionscript\red\game\witcher3\menus\character\perktreemodule.as
[2026.08.27 18:56:33][Error][WCC] Failed to load 'gameplay\gui_new\actionscript\red\game\witcher3\menus\character\perktreemodule.as' - is this a resource
[2026.08.27 18:56:33][Error][WCC] Failed to cook 'gameplay\gui_new\actionscript\red\game\witcher3\menus\character\perktreemodule.as' !
[2026.08.27 18:56:33][Info][WCC] Start cooking gameplay\gui_new\actionscript\red\game\witcher3\menus\character\skillslot.as
[2026.08.27 18:56:33][Error][WCC] Failed to load 'gameplay\gui_new\actionscript\red\game\witcher3\menus\character\skillslot.as' - is this a resource
[2026.08.27 18:56:33][Error][WCC] Failed to cook 'gameplay\gui_new\actionscript\red\game\witcher3\menus\character\skillslot.as' !
[2026.08.27 18:56:33][Info][WCC] Start cooking gameplay\gui_new\actionscript\red\game\witcher3\menus\character\skilltreegrid.as
[2026.08.27 18:56:33][Error][WCC] Failed to load 'gameplay\gui_new\actionscript\red\game\witcher3\menus\character\skilltreegrid.as' - is this a resource
[2026.08.27 18:56:33][Error][WCC] Failed to cook 'gameplay\gui_new\actionscript\red\game\witcher3\menus\character\skilltreegrid.as' !
[2026.08.27 18:56:33][Info][WCC] Start cooking gameplay\gui_new\actionscript\red\game\witcher3\menus\character\skilltreemodule.as
[2026.08.27 18:56:33][Error][WCC] Failed to load 'gameplay\gui_new\actionscript\red\game\witcher3\menus\character\skilltreemodule.as' - is this a resource
[2026.08.27 18:56:33][Error][WCC] Failed to cook 'gameplay\gui_new\actionscript\red\game\witcher3\menus\character\skilltreemodule.as' !
[2026.08.27 18:56:33][Info][WCC] Start cooking gameplay\gui_new\actionscript\red\game\witcher3\menus\character_menu\charactermodebackground.as
[2026.08.27 18:56:33][Error][WCC] Failed to load 'gameplay\gui_new\actionscript\red\game\witcher3\menus\character_menu\charactermodebackground.as' - is this a resource
[2026.08.27 18:56:33][Error][WCC] Failed to cook 'gameplay\gui_new\actionscript\red\game\witcher3\menus\character_menu\charactermodebackground.as' !
[2026.08.27 18:56:33][Info][WCC] Start cooking gameplay\gui_new\actionscript\red\game\witcher3\menus\character_menu\characterskilllistitem.as
[2026.08.27 18:56:33][Error][WCC] Failed to load 'gameplay\gui_new\actionscript\red\game\witcher3\menus\character_menu\characterskilllistitem.as' - is this a resource
[2026.08.27 18:56:33][Error][WCC] Failed to cook 'gameplay\gui_new\actionscript\red\game\witcher3\menus\character_menu\characterskilllistitem.as' !
[2026.08.27 18:56:33][Info][WCC] Start cooking gameplay\gui_new\actionscript\red\game\witcher3\menus\character_menu\characterskilllistmodule.as
[2026.08.27 18:56:33][Error][WCC] Failed to load 'gameplay\gui_new\actionscript\red\game\witcher3\menus\character_menu\characterskilllistmodule.as' - is this a resource
[2026.08.27 18:56:33][Error][WCC] Failed to cook 'gameplay\gui_new\actionscript\red\game\witcher3\menus\character_menu\characterskilllistmodule.as' !
[2026.08.27 18:56:33][Info][WCC] Start cooking gameplay\gui_new\actionscript\red\game\witcher3\menus\character_menu\characterskillslotslist.as
[2026.08.27 18:56:33][Error][WCC] Failed to load 'gameplay\gui_new\actionscript\red\game\witcher3\menus\character_menu\characterskillslotslist.as' - is this a resource
[2026.08.27 18:56:33][Error][WCC] Failed to cook 'gameplay\gui_new\actionscript\red\game\witcher3\menus\character_menu\characterskillslotslist.as' !
[2026.08.27 18:56:33][Info][WCC] Start cooking gameplay\gui_new\actionscript\red\game\witcher3\menus\character_menu\charactertabbedlistmodule.as
[2026.08.27 18:56:33][Error][WCC] Failed to load 'gameplay\gui_new\actionscript\red\game\witcher3\menus\character_menu\charactertabbedlistmodule.as' - is this a resource
[2026.08.27 18:56:33][Error][WCC] Failed to cook 'gameplay\gui_new\actionscript\red\game\witcher3\menus\character_menu\charactertabbedlistmodule.as' !
[2026.08.27 18:56:33][Info][WCC] Start cooking gameplay\gui_new\actionscript\red\game\witcher3\menus\character_menu\mastermutationitemrenderer.as
[2026.08.27 18:56:33][Error][WCC] Failed to load 'gameplay\gui_new\actionscript\red\game\witcher3\menus\character_menu\mastermutationitemrenderer.as' - is this a resource
[2026.08.27 18:56:33][Error][WCC] Failed to cook 'gameplay\gui_new\actionscript\red\game\witcher3\menus\character_menu\mastermutationitemrenderer.as' !
[2026.08.27 18:56:33][Info][WCC] Start cooking gameplay\gui_new\actionscript\red\game\witcher3\menus\character_menu\menucharacter.as
[2026.08.27 18:56:33][Error][WCC] Failed to load 'gameplay\gui_new\actionscript\red\game\witcher3\menus\character_menu\menucharacter.as' - is this a resource
[2026.08.27 18:56:33][Error][WCC] Failed to cook 'gameplay\gui_new\actionscript\red\game\witcher3\menus\character_menu\menucharacter.as' !
[2026.08.27 18:56:33][Info][WCC] Start cooking gameplay\gui_new\actionscript\red\game\witcher3\menus\character_menu\moduleskillssockets.as
[2026.08.27 18:56:33][Error][WCC] Failed to load 'gameplay\gui_new\actionscript\red\game\witcher3\menus\character_menu\moduleskillssockets.as' - is this a resource
[2026.08.27 18:56:33][Error][WCC] Failed to cook 'gameplay\gui_new\actionscript\red\game\witcher3\menus\character_menu\moduleskillssockets.as' !
[2026.08.27 18:56:33][Info][WCC] Start cooking gameplay\gui_new\actionscript\red\game\witcher3\menus\character_menu\mutationconnector.as
[2026.08.27 18:56:33][Error][WCC] Failed to load 'gameplay\gui_new\actionscript\red\game\witcher3\menus\character_menu\mutationconnector.as' - is this a resource
[2026.08.27 18:56:33][Error][WCC] Failed to cook 'gameplay\gui_new\actionscript\red\game\witcher3\menus\character_menu\mutationconnector.as' !
[2026.08.27 18:56:33][Info][WCC] Start cooking gameplay\gui_new\actionscript\red\game\witcher3\menus\character_menu\mutationitemrenderer.as
[2026.08.27 18:56:33][Error][WCC] Failed to load 'gameplay\gui_new\actionscript\red\game\witcher3\menus\character_menu\mutationitemrenderer.as' - is this a resource
[2026.08.27 18:56:33][Error][WCC] Failed to cook 'gameplay\gui_new\actionscript\red\game\witcher3\menus\character_menu\mutationitemrenderer.as' !
[2026.08.27 18:56:33][Info][WCC] Start cooking gameplay\gui_new\actionscript\red\game\witcher3\menus\character_menu\mutationitemslist.as
[2026.08.27 18:56:33][Error][WCC] Failed to load 'gameplay\gui_new\actionscript\red\game\witcher3\menus\character_menu\mutationitemslist.as' - is this a resource
[2026.08.27 18:56:33][Error][WCC] Failed to cook 'gameplay\gui_new\actionscript\red\game\witcher3\menus\character_menu\mutationitemslist.as' !
[2026.08.27 18:56:33][Info][WCC] Start cooking gameplay\gui_new\actionscript\red\game\witcher3\menus\character_menu\mutationmasterrequirements.as
[2026.08.27 18:56:33][Error][WCC] Failed to load 'gameplay\gui_new\actionscript\red\game\witcher3\menus\character_menu\mutationmasterrequirements.as' - is this a resource
[2026.08.27 18:56:33][Error][WCC] Failed to cook 'gameplay\gui_new\actionscript\red\game\witcher3\menus\character_menu\mutationmasterrequirements.as' !
[2026.08.27 18:56:33][Info][WCC] Start cooking gameplay\gui_new\actionscript\red\game\witcher3\menus\character_menu\mutationprogressitemrenderer.as
[2026.08.27 18:56:33][Error][WCC] Failed to load 'gameplay\gui_new\actionscript\red\game\witcher3\menus\character_menu\mutationprogressitemrenderer.as' - is this a resource
[2026.08.27 18:56:33][Error][WCC] Failed to cook 'gameplay\gui_new\actionscript\red\game\witcher3\menus\character_menu\mutationprogressitemrenderer.as' !
[2026.08.27 18:56:33][Info][WCC] Start cooking gameplay\gui_new\actionscript\red\game\witcher3\menus\character_menu\mutationrequirements.as
[2026.08.27 18:56:33][Error][WCC] Failed to load 'gameplay\gui_new\actionscript\red\game\witcher3\menus\character_menu\mutationrequirements.as' - is this a resource
[2026.08.27 18:56:33][Error][WCC] Failed to cook 'gameplay\gui_new\actionscript\red\game\witcher3\menus\character_menu\mutationrequirements.as' !
[2026.08.27 18:56:33][Info][WCC] Start cooking gameplay\gui_new\actionscript\red\game\witcher3\menus\character_menu\mutationresearch.as
[2026.08.27 18:56:33][Error][WCC] Failed to load 'gameplay\gui_new\actionscript\red\game\witcher3\menus\character_menu\mutationresearch.as' - is this a resource
[2026.08.27 18:56:33][Error][WCC] Failed to cook 'gameplay\gui_new\actionscript\red\game\witcher3\menus\character_menu\mutationresearch.as' !
[2026.08.27 18:56:33][Info][WCC] Start cooking gameplay\gui_new\actionscript\red\game\witcher3\menus\character_menu\mutationresourceinfo.as
[2026.08.27 18:56:33][Error][WCC] Failed to load 'gameplay\gui_new\actionscript\red\game\witcher3\menus\character_menu\mutationresourceinfo.as' - is this a resource
[2026.08.27 18:56:33][Error][WCC] Failed to cook 'gameplay\gui_new\actionscript\red\game\witcher3\menus\character_menu\mutationresourceinfo.as' !
[2026.08.27 18:56:33][Info][WCC] Start cooking gameplay\gui_new\actionscript\red\game\witcher3\menus\character_menu\mutationresourcepanel.as
[2026.08.27 18:56:33][Error][WCC] Failed to load 'gameplay\gui_new\actionscript\red\game\witcher3\menus\character_menu\mutationresourcepanel.as' - is this a resource
[2026.08.27 18:56:33][Error][WCC] Failed to cook 'gameplay\gui_new\actionscript\red\game\witcher3\menus\character_menu\mutationresourcepanel.as' !
[2026.08.27 18:56:33][Info][WCC] Start cooking gameplay\gui_new\actionscript\red\game\witcher3\menus\character_menu\mutationresourceslist.as
[2026.08.27 18:56:33][Error][WCC] Failed to load 'gameplay\gui_new\actionscript\red\game\witcher3\menus\character_menu\mutationresourceslist.as' - is this a resource
[2026.08.27 18:56:33][Error][WCC] Failed to cook 'gameplay\gui_new\actionscript\red\game\witcher3\menus\character_menu\mutationresourceslist.as' !
[2026.08.27 18:56:33][Info][WCC] Start cooking gameplay\gui_new\actionscript\red\game\witcher3\menus\character_menu\mutationspanel.as
[2026.08.27 18:56:33][Error][WCC] Failed to load 'gameplay\gui_new\actionscript\red\game\witcher3\menus\character_menu\mutationspanel.as' - is this a resource
[2026.08.27 18:56:33][Error][WCC] Failed to cook 'gameplay\gui_new\actionscript\red\game\witcher3\menus\character_menu\mutationspanel.as' !
[2026.08.27 18:56:33][Info][WCC] Start cooking gameplay\gui_new\actionscript\red\game\witcher3\menus\character_menu\mutationtooltip.as
[2026.08.27 18:56:33][Error][WCC] Failed to load 'gameplay\gui_new\actionscript\red\game\witcher3\menus\character_menu\mutationtooltip.as' - is this a resource
[2026.08.27 18:56:33][Error][WCC] Failed to cook 'gameplay\gui_new\actionscript\red\game\witcher3\menus\character_menu\mutationtooltip.as' !
[2026.08.27 18:56:33][Info][WCC] Start cooking gameplay\gui_new\actionscript\red\game\witcher3\menus\character_menu\mutationtooltipbutton.as
[2026.08.27 18:56:33][Error][WCC] Failed to load 'gameplay\gui_new\actionscript\red\game\witcher3\menus\character_menu\mutationtooltipbutton.as' - is this a resource
[2026.08.27 18:56:33][Error][WCC] Failed to cook 'gameplay\gui_new\actionscript\red\game\witcher3\menus\character_menu\mutationtooltipbutton.as' !
[2026.08.27 18:56:33][Info][WCC] Start cooking gameplay\gui_new\actionscript\red\game\witcher3\menus\character_menu\skillcolorrenderer.as
[2026.08.27 18:56:33][Error][WCC] Failed to load 'gameplay\gui_new\actionscript\red\game\witcher3\menus\character_menu\skillcolorrenderer.as' - is this a resource
[2026.08.27 18:56:33][Error][WCC] Failed to cook 'gameplay\gui_new\actionscript\red\game\witcher3\menus\character_menu\skillcolorrenderer.as' !
[2026.08.27 18:56:33][Info][WCC] Start cooking gameplay\gui_new\actionscript\red\game\witcher3\menus\character_menu\skillsgrouptitle.as
[2026.08.27 18:56:33][Error][WCC] Failed to load 'gameplay\gui_new\actionscript\red\game\witcher3\menus\character_menu\skillsgrouptitle.as' - is this a resource
[2026.08.27 18:56:33][Error][WCC] Failed to cook 'gameplay\gui_new\actionscript\red\game\witcher3\menus\character_menu\skillsgrouptitle.as' !
[2026.08.27 18:56:33][Info][WCC] Start cooking gameplay\gui_new\actionscript\red\game\witcher3\menus\character_menu\skillslotconnector.as
[2026.08.27 18:56:33][Error][WCC] Failed to load 'gameplay\gui_new\actionscript\red\game\witcher3\menus\character_menu\skillslotconnector.as' - is this a resource
[2026.08.27 18:56:33][Error][WCC] Failed to cook 'gameplay\gui_new\actionscript\red\game\witcher3\menus\character_menu\skillslotconnector.as' !
[2026.08.27 18:56:33][Info][WCC] Start cooking gameplay\gui_new\actionscript\red\game\witcher3\menus\character_menu\skillsocketsgroup.as
[2026.08.27 18:56:33][Error][WCC] Failed to load 'gameplay\gui_new\actionscript\red\game\witcher3\menus\character_menu\skillsocketsgroup.as' - is this a resource
[2026.08.27 18:56:33][Error][WCC] Failed to cook 'gameplay\gui_new\actionscript\red\game\witcher3\menus\character_menu\skillsocketsgroup.as' !
[2026.08.27 18:56:33][Info][WCC] Start cooking gameplay\gui_new\actionscript\red\game\witcher3\menus\common\abstractgridcontainer.as
[2026.08.27 18:56:33][Error][WCC] Failed to load 'gameplay\gui_new\actionscript\red\game\witcher3\menus\common\abstractgridcontainer.as' - is this a resource
[2026.08.27 18:56:33][Error][WCC] Failed to cook 'gameplay\gui_new\actionscript\red\game\witcher3\menus\common\abstractgridcontainer.as' !
[2026.08.27 18:56:33][Info][WCC] Start cooking gameplay\gui_new\actionscript\red\game\witcher3\menus\common\abstractinventorycontainer.as
[2026.08.27 18:56:33][Error][WCC] Failed to load 'gameplay\gui_new\actionscript\red\game\witcher3\menus\common\abstractinventorycontainer.as' - is this a resource
[2026.08.27 18:56:33][Error][WCC] Failed to cook 'gameplay\gui_new\actionscript\red\game\witcher3\menus\common\abstractinventorycontainer.as' !
[2026.08.27 18:56:33][Info][WCC] Start cooking gameplay\gui_new\actionscript\red\game\witcher3\menus\common\adaptivestatslistitem.as
[2026.08.27 18:56:33][Error][WCC] Failed to load 'gameplay\gui_new\actionscript\red\game\witcher3\menus\common\adaptivestatslistitem.as' - is this a resource
[2026.08.27 18:56:33][Error][WCC] Failed to cook 'gameplay\gui_new\actionscript\red\game\witcher3\menus\common\adaptivestatslistitem.as' !
[2026.08.27 18:56:33][Info][WCC] Start cooking gameplay\gui_new\actionscript\red\game\witcher3\menus\common\buttoncontainermodule.as
[2026.08.27 18:56:33][Error][WCC] Failed to load 'gameplay\gui_new\actionscript\red\game\witcher3\menus\common\buttoncontainermodule.as' - is this a resource
[2026.08.27 18:56:33][Error][WCC] Failed to cook 'gameplay\gui_new\actionscript\red\game\witcher3\menus\common\buttoncontainermodule.as' !
[2026.08.27 18:56:33][Info][WCC] Start cooking gameplay\gui_new\actionscript\red\game\witcher3\menus\common\checkboxlistitem.as
[2026.08.27 18:56:33][Error][WCC] Failed to load 'gameplay\gui_new\actionscript\red\game\witcher3\menus\common\checkboxlistitem.as' - is this a resource
[2026.08.27 18:56:33][Error][WCC] Failed to cook 'gameplay\gui_new\actionscript\red\game\witcher3\menus\common\checkboxlistitem.as' !
[2026.08.27 18:56:33][Info][WCC] Start cooking gameplay\gui_new\actionscript\red\game\witcher3\menus\common\checkboxlistmode.as
[2026.08.27 18:56:33][Error][WCC] Failed to load 'gameplay\gui_new\actionscript\red\game\witcher3\menus\common\checkboxlistmode.as' - is this a resource
[2026.08.27 18:56:33][Error][WCC] Failed to cook 'gameplay\gui_new\actionscript\red\game\witcher3\menus\common\checkboxlistmode.as' !
[2026.08.27 18:56:33][Info][WCC] Start cooking gameplay\gui_new\actionscript\red\game\witcher3\menus\common\cleanmodule.as
[2026.08.27 18:56:33][Error][WCC] Failed to load 'gameplay\gui_new\actionscript\red\game\witcher3\menus\common\cleanmodule.as' - is this a resource
[2026.08.27 18:56:33][Error][WCC] Failed to cook 'gameplay\gui_new\actionscript\red\game\witcher3\menus\common\cleanmodule.as' !
[2026.08.27 18:56:33][Info][WCC] Start cooking gameplay\gui_new\actionscript\red\game\witcher3\menus\common\colorsprite.as
[2026.08.27 18:56:33][Error][WCC] Failed to load 'gameplay\gui_new\actionscript\red\game\witcher3\menus\common\colorsprite.as' - is this a resource
[2026.08.27 18:56:33][Error][WCC] Failed to cook 'gameplay\gui_new\actionscript\red\game\witcher3\menus\common\colorsprite.as' !
[2026.08.27 18:56:33][Info][WCC] Start cooking gameplay\gui_new\actionscript\red\game\witcher3\menus\common\commongridmodule.as
[2026.08.27 18:56:33][Error][WCC] Failed to load 'gameplay\gui_new\actionscript\red\game\witcher3\menus\common\commongridmodule.as' - is this a resource
[2026.08.27 18:56:33][Error][WCC] Failed to cook 'gameplay\gui_new\actionscript\red\game\witcher3\menus\common\commongridmodule.as' !
[2026.08.27 18:56:33][Info][WCC] Start cooking gameplay\gui_new\actionscript\red\game\witcher3\menus\common\contextactionitemrenderer.as
[2026.08.27 18:56:33][Error][WCC] Failed to load 'gameplay\gui_new\actionscript\red\game\witcher3\menus\common\contextactionitemrenderer.as' - is this a resource
[2026.08.27 18:56:33][Error][WCC] Failed to cook 'gameplay\gui_new\actionscript\red\game\witcher3\menus\common\contextactionitemrenderer.as' !
[2026.08.27 18:56:33][Info][WCC] Start cooking gameplay\gui_new\actionscript\red\game\witcher3\menus\common\downloadbutton.as
[2026.08.27 18:56:33][Error][WCC] Failed to load 'gameplay\gui_new\actionscript\red\game\witcher3\menus\common\downloadbutton.as' - is this a resource
[2026.08.27 18:56:33][Error][WCC] Failed to cook 'gameplay\gui_new\actionscript\red\game\witcher3\menus\common\downloadbutton.as' !
[2026.08.27 18:56:33][Info][WCC] Start cooking gameplay\gui_new\actionscript\red\game\witcher3\menus\common\dropdownenchantmentsfiltermode.as
[2026.08.27 18:56:33][Error][WCC] Failed to load 'gameplay\gui_new\actionscript\red\game\witcher3\menus\common\dropdownenchantmentsfiltermode.as' - is this a resource
[2026.08.27 18:56:33][Error][WCC] Failed to cook 'gameplay\gui_new\actionscript\red\game\witcher3\menus\common\dropdownenchantmentsfiltermode.as' !
[2026.08.27 18:56:33][Info][WCC] Start cooking gameplay\gui_new\actionscript\red\game\witcher3\menus\common\dropdownlistfiltermode.as
[2026.08.27 18:56:33][Error][WCC] Failed to load 'gameplay\gui_new\actionscript\red\game\witcher3\menus\common\dropdownlistfiltermode.as' - is this a resource
[2026.08.27 18:56:33][Error][WCC] Failed to cook 'gameplay\gui_new\actionscript\red\game\witcher3\menus\common\dropdownlistfiltermode.as' !
[2026.08.27 18:56:33][Info][WCC] Start cooking gameplay\gui_new\actionscript\red\game\witcher3\menus\common\dropdownlistmodulebase.as
[2026.08.27 18:56:33][Error][WCC] Failed to load 'gameplay\gui_new\actionscript\red\game\witcher3\menus\common\dropdownlistmodulebase.as' - is this a resource
[2026.08.27 18:56:33][Error][WCC] Failed to cook 'gameplay\gui_new\actionscript\red\game\witcher3\menus\common\dropdownlistmodulebase.as' !
[2026.08.27 18:56:33][Info][WCC] Start cooking gameplay\gui_new\actionscript\red\game\witcher3\menus\common\enchantmentlistitemrenderer.as
[2026.08.27 18:56:33][Error][WCC] Failed to load 'gameplay\gui_new\actionscript\red\game\witcher3\menus\common\enchantmentlistitemrenderer.as' - is this a resource
[2026.08.27 18:56:33][Error][WCC] Failed to cook 'gameplay\gui_new\actionscript\red\game\witcher3\menus\common\enchantmentlistitemrenderer.as' !
[2026.08.27 18:56:33][Info][WCC] Start cooking gameplay\gui_new\actionscript\red\game\witcher3\menus\common\feedbackdropdownmenulistitem.as
[2026.08.27 18:56:33][Error][WCC] Failed to load 'gameplay\gui_new\actionscript\red\game\witcher3\menus\common\feedbackdropdownmenulistitem.as' - is this a resource
[2026.08.27 18:56:33][Error][WCC] Failed to cook 'gameplay\gui_new\actionscript\red\game\witcher3\menus\common\feedbackdropdownmenulistitem.as' !
[2026.08.27 18:56:33][Info][WCC] Start cooking gameplay\gui_new\actionscript\red\game\witcher3\menus\common\floatingtooltip.as
[2026.08.27 18:56:33][Error][WCC] Failed to load 'gameplay\gui_new\actionscript\red\game\witcher3\menus\common\floatingtooltip.as' - is this a resource
[2026.08.27 18:56:33][Error][WCC] Failed to cook 'gameplay\gui_new\actionscript\red\game\witcher3\menus\common\floatingtooltip.as' !
[2026.08.27 18:56:33][Info][WCC] Start cooking gameplay\gui_new\actionscript\red\game\witcher3\menus\common\fullstatslistitem.as
[2026.08.27 18:56:33][Error][WCC] Failed to load 'gameplay\gui_new\actionscript\red\game\witcher3\menus\common\fullstatslistitem.as' - is this a resource
[2026.08.27 18:56:33][Error][WCC] Failed to cook 'gameplay\gui_new\actionscript\red\game\witcher3\menus\common\fullstatslistitem.as' !
[2026.08.27 18:56:33][Info][WCC] Start cooking gameplay\gui_new\actionscript\red\game\witcher3\menus\common\icondropdownmenulistitem.as
[2026.08.27 18:56:33][Error][WCC] Failed to load 'gameplay\gui_new\actionscript\red\game\witcher3\menus\common\icondropdownmenulistitem.as' - is this a resource
[2026.08.27 18:56:33][Error][WCC] Failed to cook 'gameplay\gui_new\actionscript\red\game\witcher3\menus\common\icondropdownmenulistitem.as' !
[2026.08.27 18:56:33][Info][WCC] Start cooking gameplay\gui_new\actionscript\red\game\witcher3\menus\common\iconitemrenderer.as
[2026.08.27 18:56:33][Error][WCC] Failed to load 'gameplay\gui_new\actionscript\red\game\witcher3\menus\common\iconitemrenderer.as' - is this a resource
[2026.08.27 18:56:33][Error][WCC] Failed to cook 'gameplay\gui_new\actionscript\red\game\witcher3\menus\common\iconitemrenderer.as' !
[2026.08.27 18:56:33][Info][WCC] Start cooking gameplay\gui_new\actionscript\red\game\witcher3\menus\common\icontextareamodule.as
[2026.08.27 18:56:33][Error][WCC] Failed to load 'gameplay\gui_new\actionscript\red\game\witcher3\menus\common\icontextareamodule.as' - is this a resource
[2026.08.27 18:56:33][Error][WCC] Failed to cook 'gameplay\gui_new\actionscript\red\game\witcher3\menus\common\icontextareamodule.as' !
[2026.08.27 18:56:33][Info][WCC] Start cooking gameplay\gui_new\actionscript\red\game\witcher3\menus\common\inventorylistitemrenderer.as
[2026.08.27 18:56:33][Error][WCC] Failed to load 'gameplay\gui_new\actionscript\red\game\witcher3\menus\common\inventorylistitemrenderer.as' - is this a resource
[2026.08.27 18:56:33][Error][WCC] Failed to cook 'gameplay\gui_new\actionscript\red\game\witcher3\menus\common\inventorylistitemrenderer.as' !
[2026.08.27 18:56:33][Info][WCC] Start cooking gameplay\gui_new\actionscript\red\game\witcher3\menus\common\inventorystatslistitem.as
[2026.08.27 18:56:33][Error][WCC] Failed to load 'gameplay\gui_new\actionscript\red\game\witcher3\menus\common\inventorystatslistitem.as' - is this a resource
[2026.08.27 18:56:33][Error][WCC] Failed to cook 'gameplay\gui_new\actionscript\red\game\witcher3\menus\common\inventorystatslistitem.as' !
[2026.08.27 18:56:33][Info][WCC] Start cooking gameplay\gui_new\actionscript\red\game\witcher3\menus\common\itemdatastub.as
[2026.08.27 18:56:33][Error][WCC] Failed to load 'gameplay\gui_new\actionscript\red\game\witcher3\menus\common\itemdatastub.as' - is this a resource
[2026.08.27 18:56:33][Error][WCC] Failed to cook 'gameplay\gui_new\actionscript\red\game\witcher3\menus\common\itemdatastub.as' !
[2026.08.27 18:56:33][Info][WCC] Start cooking gameplay\gui_new\actionscript\red\game\witcher3\menus\common\journallegend.as
[2026.08.27 18:56:33][Error][WCC] Failed to load 'gameplay\gui_new\actionscript\red\game\witcher3\menus\common\journallegend.as' - is this a resource
[2026.08.27 18:56:33][Error][WCC] Failed to cook 'gameplay\gui_new\actionscript\red\game\witcher3\menus\common\journallegend.as' !
[2026.08.27 18:56:33][Info][WCC] Start cooking gameplay\gui_new\actionscript\red\game\witcher3\menus\common\journalrewardmodule.as
[2026.08.27 18:56:33][Error][WCC] Failed to load 'gameplay\gui_new\actionscript\red\game\witcher3\menus\common\journalrewardmodule.as' - is this a resource
[2026.08.27 18:56:33][Error][WCC] Failed to cook 'gameplay\gui_new\actionscript\red\game\witcher3\menus\common\journalrewardmodule.as' !
[2026.08.27 18:56:33][Info][WCC] Start cooking gameplay\gui_new\actionscript\red\game\witcher3\menus\common\journalrewards.as
[2026.08.27 18:56:33][Error][WCC] Failed to load 'gameplay\gui_new\actionscript\red\game\witcher3\menus\common\journalrewards.as' - is this a resource
[2026.08.27 18:56:33][Error][WCC] Failed to cook 'gameplay\gui_new\actionscript\red\game\witcher3\menus\common\journalrewards.as' !
[2026.08.27 18:56:33][Info][WCC] Start cooking gameplay\gui_new\actionscript\red\game\witcher3\menus\common\listmodulebase.as
[2026.08.27 18:56:33][Error][WCC] Failed to load 'gameplay\gui_new\actionscript\red\game\witcher3\menus\common\listmodulebase.as' - is this a resource
[2026.08.27 18:56:33][Error][WCC] Failed to cook 'gameplay\gui_new\actionscript\red\game\witcher3\menus\common\listmodulebase.as' !
[2026.08.27 18:56:33][Info][WCC] Start cooking gameplay\gui_new\actionscript\red\game\witcher3\menus\common\loadingsymbol.as
[2026.08.27 18:56:33][Error][WCC] Failed to load 'gameplay\gui_new\actionscript\red\game\witcher3\menus\common\loadingsymbol.as' - is this a resource
[2026.08.27 18:56:33][Error][WCC] Failed to cook 'gameplay\gui_new\actionscript\red\game\witcher3\menus\common\loadingsymbol.as' !
[2026.08.27 18:56:33][Info][WCC] Start cooking gameplay\gui_new\actionscript\red\game\witcher3\menus\common\messagemodule.as
[2026.08.27 18:56:33][Error][WCC] Failed to load 'gameplay\gui_new\actionscript\red\game\witcher3\menus\common\messagemodule.as' - is this a resource
[2026.08.27 18:56:33][Error][WCC] Failed to cook 'gameplay\gui_new\actionscript\red\game\witcher3\menus\common\messagemodule.as' !
[2026.08.27 18:56:33][Info][WCC] Start cooking gameplay\gui_new\actionscript\red\game\witcher3\menus\common\modulecommonplayergrid.as
[2026.08.27 18:56:33][Error][WCC] Failed to load 'gameplay\gui_new\actionscript\red\game\witcher3\menus\common\modulecommonplayergrid.as' - is this a resource
[2026.08.27 18:56:33][Error][WCC] Failed to cook 'gameplay\gui_new\actionscript\red\game\witcher3\menus\common\modulecommonplayergrid.as' !
[2026.08.27 18:56:33][Info][WCC] Start cooking gameplay\gui_new\actionscript\red\game\witcher3\menus\common\modulemerchantinfo.as
[2026.08.27 18:56:33][Error][WCC] Failed to load 'gameplay\gui_new\actionscript\red\game\witcher3\menus\common\modulemerchantinfo.as' - is this a resource
[2026.08.27 18:56:33][Error][WCC] Failed to cook 'gameplay\gui_new\actionscript\red\game\witcher3\menus\common\modulemerchantinfo.as' !
[2026.08.27 18:56:33][Info][WCC] Start cooking gameplay\gui_new\actionscript\red\game\witcher3\menus\common\navigationmodule.as
[2026.08.27 18:56:33][Error][WCC] Failed to load 'gameplay\gui_new\actionscript\red\game\witcher3\menus\common\navigationmodule.as' - is this a resource
[2026.08.27 18:56:33][Error][WCC] Failed to cook 'gameplay\gui_new\actionscript\red\game\witcher3\menus\common\navigationmodule.as' !
[2026.08.27 18:56:33][Info][WCC] Start cooking gameplay\gui_new\actionscript\red\game\witcher3\menus\common\paidaction.as
[2026.08.27 18:56:33][Error][WCC] Failed to load 'gameplay\gui_new\actionscript\red\game\witcher3\menus\common\paidaction.as' - is this a resource
[2026.08.27 18:56:33][Error][WCC] Failed to cook 'gameplay\gui_new\actionscript\red\game\witcher3\menus\common\paidaction.as' !
[2026.08.27 18:56:33][Info][WCC] Start cooking gameplay\gui_new\actionscript\red\game\witcher3\menus\common\plainlistmodule.as
[2026.08.27 18:56:33][Error][WCC] Failed to load 'gameplay\gui_new\actionscript\red\game\witcher3\menus\common\plainlistmodule.as' - is this a resource
[2026.08.27 18:56:33][Error][WCC] Failed to cook 'gameplay\gui_new\actionscript\red\game\witcher3\menus\common\plainlistmodule.as' !
[2026.08.27 18:56:33][Info][WCC] Start cooking gameplay\gui_new\actionscript\red\game\witcher3\menus\common\playerdetails.as
[2026.08.27 18:56:33][Error][WCC] Failed to load 'gameplay\gui_new\actionscript\red\game\witcher3\menus\common\playerdetails.as' - is this a resource
[2026.08.27 18:56:33][Error][WCC] Failed to cook 'gameplay\gui_new\actionscript\red\game\witcher3\menus\common\playerdetails.as' !
[2026.08.27 18:56:33][Info][WCC] Start cooking gameplay\gui_new\actionscript\red\game\witcher3\menus\common\playerdetails_console.as
[2026.08.27 18:56:33][Error][WCC] Failed to load 'gameplay\gui_new\actionscript\red\game\witcher3\menus\common\playerdetails_console.as' - is this a resource
[2026.08.27 18:56:33][Error][WCC] Failed to cook 'gameplay\gui_new\actionscript\red\game\witcher3\menus\common\playerdetails_console.as' !
[2026.08.27 18:56:33][Info][WCC] Start cooking gameplay\gui_new\actionscript\red\game\witcher3\menus\common\playerdetails_pc.as
[2026.08.27 18:56:33][Error][WCC] Failed to load 'gameplay\gui_new\actionscript\red\game\witcher3\menus\common\playerdetails_pc.as' - is this a resource
[2026.08.27 18:56:33][Error][WCC] Failed to cook 'gameplay\gui_new\actionscript\red\game\witcher3\menus\common\playerdetails_pc.as' !
[2026.08.27 18:56:33][Info][WCC] Start cooking gameplay\gui_new\actionscript\red\game\witcher3\menus\common\playerdetailsstatitem.as
[2026.08.27 18:56:33][Error][WCC] Failed to load 'gameplay\gui_new\actionscript\red\game\witcher3\menus\common\playerdetailsstatitem.as' - is this a resource
[2026.08.27 18:56:33][Error][WCC] Failed to cook 'gameplay\gui_new\actionscript\red\game\witcher3\menus\common\playerdetailsstatitem.as' !
[2026.08.27 18:56:33][Info][WCC] Start cooking gameplay\gui_new\actionscript\red\game\witcher3\menus\common\playerfullstatsmodule.as
[2026.08.27 18:56:33][Error][WCC] Failed to load 'gameplay\gui_new\actionscript\red\game\witcher3\menus\common\playerfullstatsmodule.as' - is this a resource
[2026.08.27 18:56:33][Error][WCC] Failed to cook 'gameplay\gui_new\actionscript\red\game\witcher3\menus\common\playerfullstatsmodule.as' !
[2026.08.27 18:56:33][Info][WCC] Start cooking gameplay\gui_new\actionscript\red\game\witcher3\menus\common\playerstatsmodule.as
[2026.08.27 18:56:33][Error][WCC] Failed to load 'gameplay\gui_new\actionscript\red\game\witcher3\menus\common\playerstatsmodule.as' - is this a resource
[2026.08.27 18:56:33][Error][WCC] Failed to cook 'gameplay\gui_new\actionscript\red\game\witcher3\menus\common\playerstatsmodule.as' !
[2026.08.27 18:56:33][Info][WCC] Start cooking gameplay\gui_new\actionscript\red\game\witcher3\menus\common\quantitypopup.as
[2026.08.27 18:56:33][Error][WCC] Failed to load 'gameplay\gui_new\actionscript\red\game\witcher3\menus\common\quantitypopup.as' - is this a resource
[2026.08.27 18:56:33][Error][WCC] Failed to cook 'gameplay\gui_new\actionscript\red\game\witcher3\menus\common\quantitypopup.as' !
[2026.08.27 18:56:33][Info][WCC] Start cooking gameplay\gui_new\actionscript\red\game\witcher3\menus\common\recipeiconitemrenderer.as
[2026.08.27 18:56:33][Error][WCC] Failed to load 'gameplay\gui_new\actionscript\red\game\witcher3\menus\common\recipeiconitemrenderer.as' - is this a resource
[2026.08.27 18:56:33][Error][WCC] Failed to cook 'gameplay\gui_new\actionscript\red\game\witcher3\menus\common\recipeiconitemrenderer.as' !
[2026.08.27 18:56:33][Info][WCC] Start cooking gameplay\gui_new\actionscript\red\game\witcher3\menus\common\rightclickmenu.as
[2026.08.27 18:56:33][Error][WCC] Failed to load 'gameplay\gui_new\actionscript\red\game\witcher3\menus\common\rightclickmenu.as' - is this a resource
[2026.08.27 18:56:33][Error][WCC] Failed to cook 'gameplay\gui_new\actionscript\red\game\witcher3\menus\common\rightclickmenu.as' !
[2026.08.27 18:56:33][Info][WCC] Start cooking gameplay\gui_new\actionscript\red\game\witcher3\menus\common\rightclickmenu_console.as
[2026.08.27 18:56:33][Error][WCC] Failed to load 'gameplay\gui_new\actionscript\red\game\witcher3\menus\common\rightclickmenu_console.as' - is this a resource
[2026.08.27 18:56:33][Error][WCC] Failed to cook 'gameplay\gui_new\actionscript\red\game\witcher3\menus\common\rightclickmenu_console.as' !
[2026.08.27 18:56:33][Info][WCC] Start cooking gameplay\gui_new\actionscript\red\game\witcher3\menus\common\rightclickmenu_pc.as
[2026.08.27 18:56:33][Error][WCC] Failed to load 'gameplay\gui_new\actionscript\red\game\witcher3\menus\common\rightclickmenu_pc.as' - is this a resource
[2026.08.27 18:56:33][Error][WCC] Failed to cook 'gameplay\gui_new\actionscript\red\game\witcher3\menus\common\rightclickmenu_pc.as' !
[2026.08.27 18:56:33][Info][WCC] Start cooking gameplay\gui_new\actionscript\red\game\witcher3\menus\common\skilldatastub.as
[2026.08.27 18:56:33][Error][WCC] Failed to load 'gameplay\gui_new\actionscript\red\game\witcher3\menus\common\skilldatastub.as' - is this a resource
[2026.08.27 18:56:33][Error][WCC] Failed to cook 'gameplay\gui_new\actionscript\red\game\witcher3\menus\common\skilldatastub.as' !
[2026.08.27 18:56:33][Info][WCC] Start cooking gameplay\gui_new\actionscript\red\game\witcher3\menus\common\statstooltip.as
[2026.08.27 18:56:33][Error][WCC] Failed to load 'gameplay\gui_new\actionscript\red\game\witcher3\menus\common\statstooltip.as' - is this a resource
[2026.08.27 18:56:33][Error][WCC] Failed to cook 'gameplay\gui_new\actionscript\red\game\witcher3\menus\common\statstooltip.as' !
[2026.08.27 18:56:33][Info][WCC] Start cooking gameplay\gui_new\actionscript\red\game\witcher3\menus\common\tablistitemicon.as
[2026.08.27 18:56:33][Error][WCC] Failed to load 'gameplay\gui_new\actionscript\red\game\witcher3\menus\common\tablistitemicon.as' - is this a resource
[2026.08.27 18:56:33][Error][WCC] Failed to cook 'gameplay\gui_new\actionscript\red\game\witcher3\menus\common\tablistitemicon.as' !
[2026.08.27 18:56:33][Info][WCC] Start cooking gameplay\gui_new\actionscript\red\game\witcher3\menus\common\tablistitemiconscontainer.as
[2026.08.27 18:56:33][Error][WCC] Failed to load 'gameplay\gui_new\actionscript\red\game\witcher3\menus\common\tablistitemiconscontainer.as' - is this a resource
[2026.08.27 18:56:33][Error][WCC] Failed to cook 'gameplay\gui_new\actionscript\red\game\witcher3\menus\common\tablistitemiconscontainer.as' !
[2026.08.27 18:56:33][Info][WCC] Start cooking gameplay\gui_new\actionscript\red\game\witcher3\menus\common\textareamodule.as
[2026.08.27 18:56:33][Error][WCC] Failed to load 'gameplay\gui_new\actionscript\red\game\witcher3\menus\common\textareamodule.as' - is this a resource
[2026.08.27 18:56:33][Error][WCC] Failed to cook 'gameplay\gui_new\actionscript\red\game\witcher3\menus\common\textareamodule.as' !
[2026.08.27 18:56:33][Info][WCC] Start cooking gameplay\gui_new\actionscript\red\game\witcher3\menus\common\textareamodulecustominput.as
[2026.08.27 18:56:33][Error][WCC] Failed to load 'gameplay\gui_new\actionscript\red\game\witcher3\menus\common\textareamodulecustominput.as' - is this a resource
[2026.08.27 18:56:33][Error][WCC] Failed to cook 'gameplay\gui_new\actionscript\red\game\witcher3\menus\common\textareamodulecustominput.as' !
[2026.08.27 18:56:33][Info][WCC] Start cooking gameplay\gui_new\actionscript\red\game\witcher3\menus\common\textareamoduleitemtooltip.as
[2026.08.27 18:56:33][Error][WCC] Failed to load 'gameplay\gui_new\actionscript\red\game\witcher3\menus\common\textareamoduleitemtooltip.as' - is this a resource
[2026.08.27 18:56:33][Error][WCC] Failed to cook 'gameplay\gui_new\actionscript\red\game\witcher3\menus\common\textareamoduleitemtooltip.as' !
[2026.08.27 18:56:33][Info][WCC] Start cooking gameplay\gui_new\actionscript\red\game\witcher3\menus\common\w3optionslistitem.as
[2026.08.27 18:56:33][Error][WCC] Failed to load 'gameplay\gui_new\actionscript\red\game\witcher3\menus\common\w3optionslistitem.as' - is this a resource
[2026.08.27 18:56:33][Error][WCC] Failed to cook 'gameplay\gui_new\actionscript\red\game\witcher3\menus\common\w3optionslistitem.as' !
[2026.08.27 18:56:33][Info][WCC] Start cooking gameplay\gui_new\actionscript\red\game\witcher3\menus\common\w3proplistitem.as
[2026.08.27 18:56:33][Error][WCC] Failed to load 'gameplay\gui_new\actionscript\red\game\witcher3\menus\common\w3proplistitem.as' - is this a resource
[2026.08.27 18:56:33][Error][WCC] Failed to cook 'gameplay\gui_new\actionscript\red\game\witcher3\menus\common\w3proplistitem.as' !
[2026.08.27 18:56:33][Info][WCC] Start cooking gameplay\gui_new\actionscript\red\game\witcher3\menus\common\w3statisticslistitem.as
[2026.08.27 18:56:33][Error][WCC] Failed to load 'gameplay\gui_new\actionscript\red\game\witcher3\menus\common\w3statisticslistitem.as' - is this a resource
[2026.08.27 18:56:33][Error][WCC] Failed to cook 'gameplay\gui_new\actionscript\red\game\witcher3\menus\common\w3statisticslistitem.as' !
[2026.08.27 18:56:33][Info][WCC] Start cooking gameplay\gui_new\actionscript\red\game\witcher3\menus\common\w3statslistitem.as
[2026.08.27 18:56:33][Error][WCC] Failed to load 'gameplay\gui_new\actionscript\red\game\witcher3\menus\common\w3statslistitem.as' - is this a resource
[2026.08.27 18:56:33][Error][WCC] Failed to cook 'gameplay\gui_new\actionscript\red\game\witcher3\menus\common\w3statslistitem.as' !
[2026.08.27 18:56:33][Info][WCC] Start cooking gameplay\gui_new\actionscript\red\game\witcher3\menus\common\w3submenulistitemrenderer.as
[2026.08.27 18:56:33][Error][WCC] Failed to load 'gameplay\gui_new\actionscript\red\game\witcher3\menus\common\w3submenulistitemrenderer.as' - is this a resource
[2026.08.27 18:56:33][Error][WCC] Failed to cook 'gameplay\gui_new\actionscript\red\game\witcher3\menus\common\w3submenulistitemrenderer.as' !
[2026.08.27 18:56:33][Info][WCC] Start cooking gameplay\gui_new\actionscript\red\game\witcher3\menus\common\w3textareaitemtooltip.as
[2026.08.27 18:56:33][Error][WCC] Failed to load 'gameplay\gui_new\actionscript\red\game\witcher3\menus\common\w3textareaitemtooltip.as' - is this a resource
[2026.08.27 18:56:33][Error][WCC] Failed to cook 'gameplay\gui_new\actionscript\red\game\witcher3\menus\common\w3textareaitemtooltip.as' !
[2026.08.27 18:56:33][Info][WCC] Start cooking gameplay\gui_new\actionscript\red\game\witcher3\menus\common\w3videoobject.as
[2026.08.27 18:56:33][Error][WCC] Failed to load 'gameplay\gui_new\actionscript\red\game\witcher3\menus\common\w3videoobject.as' - is this a resource
[2026.08.27 18:56:33][Error][WCC] Failed to cook 'gameplay\gui_new\actionscript\red\game\witcher3\menus\common\w3videoobject.as' !
[2026.08.27 18:56:33][Info][WCC] Start cooking gameplay\gui_new\actionscript\red\game\witcher3\menus\common\w3wolfradiallistitem.as
[2026.08.27 18:56:33][Error][WCC] Failed to load 'gameplay\gui_new\actionscript\red\game\witcher3\menus\common\w3wolfradiallistitem.as' - is this a resource
[2026.08.27 18:56:33][Error][WCC] Failed to cook 'gameplay\gui_new\actionscript\red\game\witcher3\menus\common\w3wolfradiallistitem.as' !
[2026.08.27 18:56:33][Info][WCC] Start cooking gameplay\gui_new\actionscript\red\game\witcher3\menus\common\w3wolfradialscrollinglist.as
[2026.08.27 18:56:33][Error][WCC] Failed to load 'gameplay\gui_new\actionscript\red\game\witcher3\menus\common\w3wolfradialscrollinglist.as' - is this a resource
[2026.08.27 18:56:33][Error][WCC] Failed to cook 'gameplay\gui_new\actionscript\red\game\witcher3\menus\common\w3wolfradialscrollinglist.as' !
[2026.08.27 18:56:33][Info][WCC] Start cooking gameplay\gui_new\actionscript\red\game\witcher3\menus\common_menu\glossaryinfoitem.as
[2026.08.27 18:56:33][Error][WCC] Failed to load 'gameplay\gui_new\actionscript\red\game\witcher3\menus\common_menu\glossaryinfoitem.as' - is this a resource
[2026.08.27 18:56:33][Error][WCC] Failed to cook 'gameplay\gui_new\actionscript\red\game\witcher3\menus\common_menu\glossaryinfoitem.as' !
[2026.08.27 18:56:33][Info][WCC] Start cooking gameplay\gui_new\actionscript\red\game\witcher3\menus\common_menu\itemshistory.as
[2026.08.27 18:56:33][Error][WCC] Failed to load 'gameplay\gui_new\actionscript\red\game\witcher3\menus\common_menu\itemshistory.as' - is this a resource
[2026.08.27 18:56:33][Error][WCC] Failed to cook 'gameplay\gui_new\actionscript\red\game\witcher3\menus\common_menu\itemshistory.as' !
[2026.08.27 18:56:33][Info][WCC] Start cooking gameplay\gui_new\actionscript\red\game\witcher3\menus\common_menu\menucommon.as
[2026.08.27 18:56:33][Error][WCC] Failed to load 'gameplay\gui_new\actionscript\red\game\witcher3\menus\common_menu\menucommon.as' - is this a resource
[2026.08.27 18:56:33][Error][WCC] Failed to cook 'gameplay\gui_new\actionscript\red\game\witcher3\menus\common_menu\menucommon.as' !
[2026.08.27 18:56:33][Info][WCC] Start cooking gameplay\gui_new\actionscript\red\game\witcher3\menus\common_menu\menuhub.as
[2026.08.27 18:56:33][Error][WCC] Failed to load 'gameplay\gui_new\actionscript\red\game\witcher3\menus\common_menu\menuhub.as' - is this a resource
[2026.08.27 18:56:33][Error][WCC] Failed to cook 'gameplay\gui_new\actionscript\red\game\witcher3\menus\common_menu\menuhub.as' !
[2026.08.27 18:56:33][Info][WCC] Start cooking gameplay\gui_new\actionscript\red\game\witcher3\menus\common_menu\menuhubtablistitem.as
[2026.08.27 18:56:33][Error][WCC] Failed to load 'gameplay\gui_new\actionscript\red\game\witcher3\menus\common_menu\menuhubtablistitem.as' - is this a resource
[2026.08.27 18:56:33][Error][WCC] Failed to cook 'gameplay\gui_new\actionscript\red\game\witcher3\menus\common_menu\menuhubtablistitem.as' !
[2026.08.27 18:56:33][Info][WCC] Start cooking gameplay\gui_new\actionscript\red\game\witcher3\menus\common_menu\menulevelindicator.as
[2026.08.27 18:56:33][Error][WCC] Failed to load 'gameplay\gui_new\actionscript\red\game\witcher3\menus\common_menu\menulevelindicator.as' - is this a resource
[2026.08.27 18:56:33][Error][WCC] Failed to cook 'gameplay\gui_new\actionscript\red\game\witcher3\menus\common_menu\menulevelindicator.as' !
[2026.08.27 18:56:33][Info][WCC] Start cooking gameplay\gui_new\actionscript\red\game\witcher3\menus\common_menu\menuplayerstats.as
[2026.08.27 18:56:33][Error][WCC] Failed to load 'gameplay\gui_new\actionscript\red\game\witcher3\menus\common_menu\menuplayerstats.as' - is this a resource
[2026.08.27 18:56:33][Error][WCC] Failed to cook 'gameplay\gui_new\actionscript\red\game\witcher3\menus\common_menu\menuplayerstats.as' !
[2026.08.27 18:56:33][Info][WCC] Start cooking gameplay\gui_new\actionscript\red\game\witcher3\menus\common_menu\menusubtab.as
[2026.08.27 18:56:33][Error][WCC] Failed to load 'gameplay\gui_new\actionscript\red\game\witcher3\menus\common_menu\menusubtab.as' - is this a resource
[2026.08.27 18:56:33][Error][WCC] Failed to cook 'gameplay\gui_new\actionscript\red\game\witcher3\menus\common_menu\menusubtab.as' !
[2026.08.27 18:56:33][Info][WCC] Start cooking gameplay\gui_new\actionscript\red\game\witcher3\menus\common_menu\menutab.as
[2026.08.27 18:56:33][Error][WCC] Failed to load 'gameplay\gui_new\actionscript\red\game\witcher3\menus\common_menu\menutab.as' - is this a resource
[2026.08.27 18:56:33][Error][WCC] Failed to cook 'gameplay\gui_new\actionscript\red\game\witcher3\menus\common_menu\menutab.as' !
[2026.08.27 18:56:33][Info][WCC] Start cooking gameplay\gui_new\actionscript\red\game\witcher3\menus\common_menu\menutabscontainer.as
[2026.08.27 18:56:33][Error][WCC] Failed to load 'gameplay\gui_new\actionscript\red\game\witcher3\menus\common_menu\menutabscontainer.as' - is this a resource
[2026.08.27 18:56:33][Error][WCC] Failed to cook 'gameplay\gui_new\actionscript\red\game\witcher3\menus\common_menu\menutabscontainer.as' !
[2026.08.27 18:56:33][Info][WCC] Start cooking gameplay\gui_new\actionscript\red\game\witcher3\menus\common_menu\menutabsubcontainer.as
[2026.08.27 18:56:33][Error][WCC] Failed to load 'gameplay\gui_new\actionscript\red\game\witcher3\menus\common_menu\menutabsubcontainer.as' - is this a resource
[2026.08.27 18:56:33][Error][WCC] Failed to cook 'gameplay\gui_new\actionscript\red\game\witcher3\menus\common_menu\menutabsubcontainer.as' !
[2026.08.27 18:56:33][Info][WCC] Start cooking gameplay\gui_new\actionscript\red\game\witcher3\menus\common_menu\moduleinputfeedback.as
[2026.08.27 18:56:33][Error][WCC] Failed to load 'gameplay\gui_new\actionscript\red\game\witcher3\menus\common_menu\moduleinputfeedback.as' - is this a resource
[2026.08.27 18:56:33][Error][WCC] Failed to cook 'gameplay\gui_new\actionscript\red\game\witcher3\menus\common_menu\moduleinputfeedback.as' !
[2026.08.27 18:56:33][Info][WCC] Start cooking gameplay\gui_new\actionscript\red\game\witcher3\menus\common_menu\newiteminfo.as
[2026.08.27 18:56:33][Error][WCC] Failed to load 'gameplay\gui_new\actionscript\red\game\witcher3\menus\common_menu\newiteminfo.as' - is this a resource
[2026.08.27 18:56:33][Error][WCC] Failed to cook 'gameplay\gui_new\actionscript\red\game\witcher3\menus\common_menu\newiteminfo.as' !
[2026.08.27 18:56:33][Info][WCC] Start cooking gameplay\gui_new\actionscript\red\game\witcher3\menus\common_menu\textinfocontainer.as
[2026.08.27 18:56:33][Error][WCC] Failed to load 'gameplay\gui_new\actionscript\red\game\witcher3\menus\common_menu\textinfocontainer.as' - is this a resource
[2026.08.27 18:56:33][Error][WCC] Failed to cook 'gameplay\gui_new\actionscript\red\game\witcher3\menus\common_menu\textinfocontainer.as' !
[2026.08.27 18:56:33][Info][WCC] Start cooking gameplay\gui_new\actionscript\red\game\witcher3\menus\common_menu\textinfocontainermap.as
[2026.08.27 18:56:33][Error][WCC] Failed to load 'gameplay\gui_new\actionscript\red\game\witcher3\menus\common_menu\textinfocontainermap.as' - is this a resource
[2026.08.27 18:56:33][Error][WCC] Failed to cook 'gameplay\gui_new\actionscript\red\game\witcher3\menus\common_menu\textinfocontainermap.as' !
[2026.08.27 18:56:33][Info][WCC] Start cooking gameplay\gui_new\actionscript\red\game\witcher3\menus\common_menu\textinfoitem.as
[2026.08.27 18:56:33][Error][WCC] Failed to load 'gameplay\gui_new\actionscript\red\game\witcher3\menus\common_menu\textinfoitem.as' - is this a resource
[2026.08.27 18:56:33][Error][WCC] Failed to cook 'gameplay\gui_new\actionscript\red\game\witcher3\menus\common_menu\textinfoitem.as' !
[2026.08.27 18:56:33][Info][WCC] Start cooking gameplay\gui_new\actionscript\red\game\witcher3\menus\common_menu\textinfoitemmappin.as
[2026.08.27 18:56:33][Error][WCC] Failed to load 'gameplay\gui_new\actionscript\red\game\witcher3\menus\common_menu\textinfoitemmappin.as' - is this a resource
[2026.08.27 18:56:33][Error][WCC] Failed to cook 'gameplay\gui_new\actionscript\red\game\witcher3\menus\common_menu\textinfoitemmappin.as' !
[2026.08.27 18:56:33][Info][WCC] Start cooking gameplay\gui_new\actionscript\red\game\witcher3\menus\common_menu\trackedquestinfo.as
[2026.08.27 18:56:33][Error][WCC] Failed to load 'gameplay\gui_new\actionscript\red\game\witcher3\menus\common_menu\trackedquestinfo.as' - is this a resource
[2026.08.27 18:56:33][Error][WCC] Failed to cook 'gameplay\gui_new\actionscript\red\game\witcher3\menus\common_menu\trackedquestinfo.as' !
[2026.08.27 18:56:33][Info][WCC] Start cooking gameplay\gui_new\actionscript\red\game\witcher3\menus\commonbkg\maincommon.as
[2026.08.27 18:56:33][Error][WCC] Failed to load 'gameplay\gui_new\actionscript\red\game\witcher3\menus\commonbkg\maincommon.as' - is this a resource
[2026.08.27 18:56:33][Error][WCC] Failed to cook 'gameplay\gui_new\actionscript\red\game\witcher3\menus\commonbkg\maincommon.as' !
[2026.08.27 18:56:33][Info][WCC] Start cooking gameplay\gui_new\actionscript\red\game\witcher3\menus\crafting\basecraftingmenu.as
[2026.08.27 18:56:33][Error][WCC] Failed to load 'gameplay\gui_new\actionscript\red\game\witcher3\menus\crafting\basecraftingmenu.as' - is this a resource
[2026.08.27 18:56:33][Error][WCC] Failed to cook 'gameplay\gui_new\actionscript\red\game\witcher3\menus\crafting\basecraftingmenu.as' !
[2026.08.27 18:56:33][Info][WCC] Start cooking gameplay\gui_new\actionscript\red\game\witcher3\menus\crafting\craftingmenu.as
[2026.08.27 18:56:33][Error][WCC] Failed to load 'gameplay\gui_new\actionscript\red\game\witcher3\menus\crafting\craftingmenu.as' - is this a resource
[2026.08.27 18:56:33][Error][WCC] Failed to cook 'gameplay\gui_new\actionscript\red\game\witcher3\menus\crafting\craftingmenu.as' !
[2026.08.27 18:56:33][Info][WCC] Start cooking gameplay\gui_new\actionscript\red\game\witcher3\menus\crafting\craftingsublistmodule.as
[2026.08.27 18:56:33][Error][WCC] Failed to load 'gameplay\gui_new\actionscript\red\game\witcher3\menus\crafting\craftingsublistmodule.as' - is this a resource
[2026.08.27 18:56:33][Error][WCC] Failed to cook 'gameplay\gui_new\actionscript\red\game\witcher3\menus\crafting\craftingsublistmodule.as' !
[2026.08.27 18:56:33][Info][WCC] Start cooking gameplay\gui_new\actionscript\red\game\witcher3\menus\crafting\itemcraftingmodule.as
[2026.08.27 18:56:33][Error][WCC] Failed to load 'gameplay\gui_new\actionscript\red\game\witcher3\menus\crafting\itemcraftingmodule.as' - is this a resource
[2026.08.27 18:56:33][Error][WCC] Failed to cook 'gameplay\gui_new\actionscript\red\game\witcher3\menus\crafting\itemcraftingmodule.as' !
[2026.08.27 18:56:33][Info][WCC] Start cooking gameplay\gui_new\actionscript\red\game\witcher3\menus\death_screen\deathscreenmenu.as
[2026.08.27 18:56:33][Error][WCC] Failed to load 'gameplay\gui_new\actionscript\red\game\witcher3\menus\death_screen\deathscreenmenu.as' - is this a resource
[2026.08.27 18:56:33][Error][WCC] Failed to cook 'gameplay\gui_new\actionscript\red\game\witcher3\menus\death_screen\deathscreenmenu.as' !
[2026.08.27 18:56:33][Info][WCC] Start cooking gameplay\gui_new\actionscript\red\game\witcher3\menus\e3mainmenu\e3mainmenu.as
[2026.08.27 18:56:33][Error][WCC] Failed to load 'gameplay\gui_new\actionscript\red\game\witcher3\menus\e3mainmenu\e3mainmenu.as' - is this a resource
[2026.08.27 18:56:33][Error][WCC] Failed to cook 'gameplay\gui_new\actionscript\red\game\witcher3\menus\e3mainmenu\e3mainmenu.as' !
[2026.08.27 18:56:33][Info][WCC] Start cooking gameplay\gui_new\actionscript\red\game\witcher3\menus\e3mainmenu\w3startscreenvideoobject.as
[2026.08.27 18:56:33][Error][WCC] Failed to load 'gameplay\gui_new\actionscript\red\game\witcher3\menus\e3mainmenu\w3startscreenvideoobject.as' - is this a resource
[2026.08.27 18:56:33][Error][WCC] Failed to cook 'gameplay\gui_new\actionscript\red\game\witcher3\menus\e3mainmenu\w3startscreenvideoobject.as' !
[2026.08.27 18:56:33][Info][WCC] Start cooking gameplay\gui_new\actionscript\red\game\witcher3\menus\endscreen\endscreenmenu.as
[2026.08.27 18:56:33][Error][WCC] Failed to load 'gameplay\gui_new\actionscript\red\game\witcher3\menus\endscreen\endscreenmenu.as' - is this a resource
[2026.08.27 18:56:33][Error][WCC] Failed to cook 'gameplay\gui_new\actionscript\red\game\witcher3\menus\endscreen\endscreenmenu.as' !
[2026.08.27 18:56:33][Info][WCC] Start cooking gameplay\gui_new\actionscript\red\game\witcher3\menus\fakehud\fakehudmenu.as
[2026.08.27 18:56:33][Error][WCC] Failed to load 'gameplay\gui_new\actionscript\red\game\witcher3\menus\fakehud\fakehudmenu.as' - is this a resource
[2026.08.27 18:56:33][Error][WCC] Failed to cook 'gameplay\gui_new\actionscript\red\game\witcher3\menus\fakehud\fakehudmenu.as' !
[2026.08.27 18:56:33][Info][WCC] Start cooking gameplay\gui_new\actionscript\red\game\witcher3\menus\glossary\glossarybestiarymenu.as
[2026.08.27 18:56:33][Error][WCC] Failed to load 'gameplay\gui_new\actionscript\red\game\witcher3\menus\glossary\glossarybestiarymenu.as' - is this a resource
[2026.08.27 18:56:33][Error][WCC] Failed to cook 'gameplay\gui_new\actionscript\red\game\witcher3\menus\glossary\glossarybestiarymenu.as' !
[2026.08.27 18:56:33][Info][WCC] Start cooking gameplay\gui_new\actionscript\red\game\witcher3\menus\glossary\glossarybooksmenu.as
[2026.08.27 18:56:33][Error][WCC] Failed to load 'gameplay\gui_new\actionscript\red\game\witcher3\menus\glossary\glossarybooksmenu.as' - is this a resource
[2026.08.27 18:56:33][Error][WCC] Failed to cook 'gameplay\gui_new\actionscript\red\game\witcher3\menus\glossary\glossarybooksmenu.as' !
[2026.08.27 18:56:33][Info][WCC] Start cooking gameplay\gui_new\actionscript\red\game\witcher3\menus\glossary\glossarycharactersmenu.as
[2026.08.27 18:56:33][Error][WCC] Failed to load 'gameplay\gui_new\actionscript\red\game\witcher3\menus\glossary\glossarycharactersmenu.as' - is this a resource
[2026.08.27 18:56:33][Error][WCC] Failed to cook 'gameplay\gui_new\actionscript\red\game\witcher3\menus\glossary\glossarycharactersmenu.as' !
[2026.08.27 18:56:33][Info][WCC] Start cooking gameplay\gui_new\actionscript\red\game\witcher3\menus\glossary\glossaryencyclopediamenu.as
[2026.08.27 18:56:33][Error][WCC] Failed to load 'gameplay\gui_new\actionscript\red\game\witcher3\menus\glossary\glossaryencyclopediamenu.as' - is this a resource
[2026.08.27 18:56:33][Error][WCC] Failed to cook 'gameplay\gui_new\actionscript\red\game\witcher3\menus\glossary\glossaryencyclopediamenu.as' !
[2026.08.27 18:56:33][Info][WCC] Start cooking gameplay\gui_new\actionscript\red\game\witcher3\menus\glossary\glossarylistmodule.as
[2026.08.27 18:56:33][Error][WCC] Failed to load 'gameplay\gui_new\actionscript\red\game\witcher3\menus\glossary\glossarylistmodule.as' - is this a resource
[2026.08.27 18:56:33][Error][WCC] Failed to cook 'gameplay\gui_new\actionscript\red\game\witcher3\menus\glossary\glossarylistmodule.as' !
[2026.08.27 18:56:33][Info][WCC] Start cooking gameplay\gui_new\actionscript\red\game\witcher3\menus\glossary\glossarymenu.as
[2026.08.27 18:56:33][Error][WCC] Failed to load 'gameplay\gui_new\actionscript\red\game\witcher3\menus\glossary\glossarymenu.as' - is this a resource
[2026.08.27 18:56:33][Error][WCC] Failed to cook 'gameplay\gui_new\actionscript\red\game\witcher3\menus\glossary\glossarymenu.as' !
[2026.08.27 18:56:33][Info][WCC] Start cooking gameplay\gui_new\actionscript\red\game\witcher3\menus\glossary\glossaryplacesmenu.as
[2026.08.27 18:56:33][Error][WCC] Failed to load 'gameplay\gui_new\actionscript\red\game\witcher3\menus\glossary\glossaryplacesmenu.as' - is this a resource
[2026.08.27 18:56:33][Error][WCC] Failed to cook 'gameplay\gui_new\actionscript\red\game\witcher3\menus\glossary\glossaryplacesmenu.as' !
[2026.08.27 18:56:33][Info][WCC] Start cooking gameplay\gui_new\actionscript\red\game\witcher3\menus\glossary\glossarystorybookmenu.as
[2026.08.27 18:56:33][Error][WCC] Failed to load 'gameplay\gui_new\actionscript\red\game\witcher3\menus\glossary\glossarystorybookmenu.as' - is this a resource
[2026.08.27 18:56:33][Error][WCC] Failed to cook 'gameplay\gui_new\actionscript\red\game\witcher3\menus\glossary\glossarystorybookmenu.as' !
[2026.08.27 18:56:33][Info][WCC] Start cooking gameplay\gui_new\actionscript\red\game\witcher3\menus\glossary\glossarysublistmodule.as
[2026.08.27 18:56:33][Error][WCC] Failed to load 'gameplay\gui_new\actionscript\red\game\witcher3\menus\glossary\glossarysublistmodule.as' - is this a resource
[2026.08.27 18:56:33][Error][WCC] Failed to cook 'gameplay\gui_new\actionscript\red\game\witcher3\menus\glossary\glossarysublistmodule.as' !
[2026.08.27 18:56:33][Info][WCC] Start cooking gameplay\gui_new\actionscript\red\game\witcher3\menus\glossary\glossarytexturesublistmodule.as
[2026.08.27 18:56:33][Error][WCC] Failed to load 'gameplay\gui_new\actionscript\red\game\witcher3\menus\glossary\glossarytexturesublistmodule.as' - is this a resource
[2026.08.27 18:56:33][Error][WCC] Failed to cook 'gameplay\gui_new\actionscript\red\game\witcher3\menus\glossary\glossarytexturesublistmodule.as' !
[2026.08.27 18:56:33][Info][WCC] Start cooking gameplay\gui_new\actionscript\red\game\witcher3\menus\glossary\glossarytutorialsmenu.as
[2026.08.27 18:56:33][Error][WCC] Failed to load 'gameplay\gui_new\actionscript\red\game\witcher3\menus\glossary\glossarytutorialsmenu.as' - is this a resource
[2026.08.27 18:56:33][Error][WCC] Failed to cook 'gameplay\gui_new\actionscript\red\game\witcher3\menus\glossary\glossarytutorialsmenu.as' !
[2026.08.27 18:56:33][Info][WCC] Start cooking gameplay\gui_new\actionscript\red\game\witcher3\menus\gwint\aiplayercontroller.as
[2026.08.27 18:56:33][Error][WCC] Failed to load 'gameplay\gui_new\actionscript\red\game\witcher3\menus\gwint\aiplayercontroller.as' - is this a resource
[2026.08.27 18:56:33][Error][WCC] Failed to cook 'gameplay\gui_new\actionscript\red\game\witcher3\menus\gwint\aiplayercontroller.as' !
[2026.08.27 18:56:33][Info][WCC] Start cooking gameplay\gui_new\actionscript\red\game\witcher3\menus\gwint\baseplayercontroller.as
[2026.08.27 18:56:33][Error][WCC] Failed to load 'gameplay\gui_new\actionscript\red\game\witcher3\menus\gwint\baseplayercontroller.as' - is this a resource
[2026.08.27 18:56:33][Error][WCC] Failed to cook 'gameplay\gui_new\actionscript\red\game\witcher3\menus\gwint\baseplayercontroller.as' !
[2026.08.27 18:56:33][Info][WCC] Start cooking gameplay\gui_new\actionscript\red\game\witcher3\menus\gwint\cardandcombopoints.as
[2026.08.27 18:56:33][Error][WCC] Failed to load 'gameplay\gui_new\actionscript\red\game\witcher3\menus\gwint\cardandcombopoints.as' - is this a resource
[2026.08.27 18:56:33][Error][WCC] Failed to cook 'gameplay\gui_new\actionscript\red\game\witcher3\menus\gwint\cardandcombopoints.as' !
[2026.08.27 18:56:33][Info][WCC] Start cooking gameplay\gui_new\actionscript\red\game\witcher3\menus\gwint\cardeffectmanager.as
[2026.08.27 18:56:33][Error][WCC] Failed to load 'gameplay\gui_new\actionscript\red\game\witcher3\menus\gwint\cardeffectmanager.as' - is this a resource
[2026.08.27 18:56:33][Error][WCC] Failed to cook 'gameplay\gui_new\actionscript\red\game\witcher3\menus\gwint\cardeffectmanager.as' !
[2026.08.27 18:56:33][Info][WCC] Start cooking gameplay\gui_new\actionscript\red\game\witcher3\menus\gwint\cardfx.as
[2026.08.27 18:56:33][Error][WCC] Failed to load 'gameplay\gui_new\actionscript\red\game\witcher3\menus\gwint\cardfx.as' - is this a resource
[2026.08.27 18:56:33][Error][WCC] Failed to cook 'gameplay\gui_new\actionscript\red\game\witcher3\menus\gwint\cardfx.as' !
[2026.08.27 18:56:33][Info][WCC] Start cooking gameplay\gui_new\actionscript\red\game\witcher3\menus\gwint\cardfxmanager.as
[2026.08.27 18:56:33][Error][WCC] Failed to load 'gameplay\gui_new\actionscript\red\game\witcher3\menus\gwint\cardfxmanager.as' - is this a resource
[2026.08.27 18:56:33][Error][WCC] Failed to cook 'gameplay\gui_new\actionscript\red\game\witcher3\menus\gwint\cardfxmanager.as' !
[2026.08.27 18:56:33][Info][WCC] Start cooking gameplay\gui_new\actionscript\red\game\witcher3\menus\gwint\cardinstance.as
[2026.08.27 18:56:33][Error][WCC] Failed to load 'gameplay\gui_new\actionscript\red\game\witcher3\menus\gwint\cardinstance.as' - is this a resource
[2026.08.27 18:56:33][Error][WCC] Failed to cook 'gameplay\gui_new\actionscript\red\game\witcher3\menus\gwint\cardinstance.as' !
[2026.08.27 18:56:33][Info][WCC] Start cooking gameplay\gui_new\actionscript\red\game\witcher3\menus\gwint\cardleaderinstance.as
[2026.08.27 18:56:33][Error][WCC] Failed to load 'gameplay\gui_new\actionscript\red\game\witcher3\menus\gwint\cardleaderinstance.as' - is this a resource
[2026.08.27 18:56:33][Error][WCC] Failed to cook 'gameplay\gui_new\actionscript\red\game\witcher3\menus\gwint\cardleaderinstance.as' !
[2026.08.27 18:56:33][Info][WCC] Start cooking gameplay\gui_new\actionscript\red\game\witcher3\menus\gwint\cardmanager.as
[2026.08.27 18:56:33][Error][WCC] Failed to load 'gameplay\gui_new\actionscript\red\game\witcher3\menus\gwint\cardmanager.as' - is this a resource
[2026.08.27 18:56:33][Error][WCC] Failed to cook 'gameplay\gui_new\actionscript\red\game\witcher3\menus\gwint\cardmanager.as' !
[2026.08.27 18:56:33][Info][WCC] Start cooking gameplay\gui_new\actionscript\red\game\witcher3\menus\gwint\cardslot.as
[2026.08.27 18:56:33][Error][WCC] Failed to load 'gameplay\gui_new\actionscript\red\game\witcher3\menus\gwint\cardslot.as' - is this a resource
[2026.08.27 18:56:33][Error][WCC] Failed to cook 'gameplay\gui_new\actionscript\red\game\witcher3\menus\gwint\cardslot.as' !
[2026.08.27 18:56:33][Info][WCC] Start cooking gameplay\gui_new\actionscript\red\game\witcher3\menus\gwint\cardtemplate.as
[2026.08.27 18:56:33][Error][WCC] Failed to load 'gameplay\gui_new\actionscript\red\game\witcher3\menus\gwint\cardtemplate.as' - is this a resource
[2026.08.27 18:56:33][Error][WCC] Failed to cook 'gameplay\gui_new\actionscript\red\game\witcher3\menus\gwint\cardtemplate.as' !
[2026.08.27 18:56:33][Info][WCC] Start cooking gameplay\gui_new\actionscript\red\game\witcher3\menus\gwint\cardtransaction.as
[2026.08.27 18:56:33][Error][WCC] Failed to load 'gameplay\gui_new\actionscript\red\game\witcher3\menus\gwint\cardtransaction.as' - is this a resource
[2026.08.27 18:56:33][Error][WCC] Failed to cook 'gameplay\gui_new\actionscript\red\game\witcher3\menus\gwint\cardtransaction.as' !
[2026.08.27 18:56:33][Info][WCC] Start cooking gameplay\gui_new\actionscript\red\game\witcher3\menus\gwint\cardtweenmanager.as
[2026.08.27 18:56:33][Error][WCC] Failed to load 'gameplay\gui_new\actionscript\red\game\witcher3\menus\gwint\cardtweenmanager.as' - is this a resource
[2026.08.27 18:56:33][Error][WCC] Failed to cook 'gameplay\gui_new\actionscript\red\game\witcher3\menus\gwint\cardtweenmanager.as' !
[2026.08.27 18:56:33][Info][WCC] Start cooking gameplay\gui_new\actionscript\red\game\witcher3\menus\gwint\deckbuildermenu.as
[2026.08.27 18:56:33][Error][WCC] Failed to load 'gameplay\gui_new\actionscript\red\game\witcher3\menus\gwint\deckbuildermenu.as' - is this a resource
[2026.08.27 18:56:33][Error][WCC] Failed to cook 'gameplay\gui_new\actionscript\red\game\witcher3\menus\gwint\deckbuildermenu.as' !
[2026.08.27 18:56:33][Info][WCC] Start cooking gameplay\gui_new\actionscript\red\game\witcher3\menus\gwint\gwintbasemenu.as
[2026.08.27 18:56:33][Error][WCC] Failed to load 'gameplay\gui_new\actionscript\red\game\witcher3\menus\gwint\gwintbasemenu.as' - is this a resource
[2026.08.27 18:56:33][Error][WCC] Failed to cook 'gameplay\gui_new\actionscript\red\game\witcher3\menus\gwint\gwintbasemenu.as' !
[2026.08.27 18:56:33][Info][WCC] Start cooking gameplay\gui_new\actionscript\red\game\witcher3\menus\gwint\gwintboardrenderer.as
[2026.08.27 18:56:33][Error][WCC] Failed to load 'gameplay\gui_new\actionscript\red\game\witcher3\menus\gwint\gwintboardrenderer.as' - is this a resource
[2026.08.27 18:56:33][Error][WCC] Failed to cook 'gameplay\gui_new\actionscript\red\game\witcher3\menus\gwint\gwintboardrenderer.as' !
[2026.08.27 18:56:33][Info][WCC] Start cooking gameplay\gui_new\actionscript\red\game\witcher3\menus\gwint\gwintcardgridlist.as
[2026.08.27 18:56:33][Error][WCC] Failed to load 'gameplay\gui_new\actionscript\red\game\witcher3\menus\gwint\gwintcardgridlist.as' - is this a resource
[2026.08.27 18:56:33][Error][WCC] Failed to cook 'gameplay\gui_new\actionscript\red\game\witcher3\menus\gwint\gwintcardgridlist.as' !
[2026.08.27 18:56:33][Info][WCC] Start cooking gameplay\gui_new\actionscript\red\game\witcher3\menus\gwint\gwintcardholder.as
[2026.08.27 18:56:33][Error][WCC] Failed to load 'gameplay\gui_new\actionscript\red\game\witcher3\menus\gwint\gwintcardholder.as' - is this a resource
[2026.08.27 18:56:33][Error][WCC] Failed to cook 'gameplay\gui_new\actionscript\red\game\witcher3\menus\gwint\gwintcardholder.as' !
[2026.08.27 18:56:33][Info][WCC] Start cooking gameplay\gui_new\actionscript\red\game\witcher3\menus\gwint\gwintcardvalues.as
[2026.08.27 18:56:33][Error][WCC] Failed to load 'gameplay\gui_new\actionscript\red\game\witcher3\menus\gwint\gwintcardvalues.as' - is this a resource
[2026.08.27 18:56:33][Error][WCC] Failed to cook 'gameplay\gui_new\actionscript\red\game\witcher3\menus\gwint\gwintcardvalues.as' !
[2026.08.27 18:56:33][Info][WCC] Start cooking gameplay\gui_new\actionscript\red\game\witcher3\menus\gwint\gwintdeck.as
[2026.08.27 18:56:33][Error][WCC] Failed to load 'gameplay\gui_new\actionscript\red\game\witcher3\menus\gwint\gwintdeck.as' - is this a resource
[2026.08.27 18:56:33][Error][WCC] Failed to cook 'gameplay\gui_new\actionscript\red\game\witcher3\menus\gwint\gwintdeck.as' !
[2026.08.27 18:56:33][Info][WCC] Start cooking gameplay\gui_new\actionscript\red\game\witcher3\menus\gwint\gwintdeckctabmodule.as
[2026.08.27 18:56:33][Error][WCC] Failed to load 'gameplay\gui_new\actionscript\red\game\witcher3\menus\gwint\gwintdeckctabmodule.as' - is this a resource
[2026.08.27 18:56:33][Error][WCC] Failed to cook 'gameplay\gui_new\actionscript\red\game\witcher3\menus\gwint\gwintdeckctabmodule.as' !
[2026.08.27 18:56:33][Info][WCC] Start cooking gameplay\gui_new\actionscript\red\game\witcher3\menus\gwint\gwintdeckrenderer.as
[2026.08.27 18:56:33][Error][WCC] Failed to load 'gameplay\gui_new\actionscript\red\game\witcher3\menus\gwint\gwintdeckrenderer.as' - is this a resource
[2026.08.27 18:56:33][Error][WCC] Failed to cook 'gameplay\gui_new\actionscript\red\game\witcher3\menus\gwint\gwintdeckrenderer.as' !
[2026.08.27 18:56:33][Info][WCC] Start cooking gameplay\gui_new\actionscript\red\game\witcher3\menus\gwint\gwintdeckstatspanel.as
[2026.08.27 18:56:33][Error][WCC] Failed to load 'gameplay\gui_new\actionscript\red\game\witcher3\menus\gwint\gwintdeckstatspanel.as' - is this a resource
[2026.08.27 18:56:33][Error][WCC] Failed to cook 'gameplay\gui_new\actionscript\red\game\witcher3\menus\gwint\gwintdeckstatspanel.as' !
[2026.08.27 18:56:33][Info][WCC] Start cooking gameplay\gui_new\actionscript\red\game\witcher3\menus\gwint\gwintendgamedialog.as
[2026.08.27 18:56:33][Error][WCC] Failed to load 'gameplay\gui_new\actionscript\red\game\witcher3\menus\gwint\gwintendgamedialog.as' - is this a resource
[2026.08.27 18:56:33][Error][WCC] Failed to cook 'gameplay\gui_new\actionscript\red\game\witcher3\menus\gwint\gwintendgamedialog.as' !
[2026.08.27 18:56:33][Info][WCC] Start cooking gameplay\gui_new\actionscript\red\game\witcher3\menus\gwint\gwintgameflowcontroller.as
[2026.08.27 18:56:33][Error][WCC] Failed to load 'gameplay\gui_new\actionscript\red\game\witcher3\menus\gwint\gwintgameflowcontroller.as' - is this a resource
[2026.08.27 18:56:33][Error][WCC] Failed to cook 'gameplay\gui_new\actionscript\red\game\witcher3\menus\gwint\gwintgameflowcontroller.as' !
[2026.08.27 18:56:33][Info][WCC] Start cooking gameplay\gui_new\actionscript\red\game\witcher3\menus\gwint\gwintgamemenu.as
[2026.08.27 18:56:33][Error][WCC] Failed to load 'gameplay\gui_new\actionscript\red\game\witcher3\menus\gwint\gwintgamemenu.as' - is this a resource
[2026.08.27 18:56:33][Error][WCC] Failed to cook 'gameplay\gui_new\actionscript\red\game\witcher3\menus\gwint\gwintgamemenu.as' !
[2026.08.27 18:56:33][Info][WCC] Start cooking gameplay\gui_new\actionscript\red\game\witcher3\menus\gwint\gwintplayerrenderer.as
[2026.08.27 18:56:33][Error][WCC] Failed to load 'gameplay\gui_new\actionscript\red\game\witcher3\menus\gwint\gwintplayerrenderer.as' - is this a resource
[2026.08.27 18:56:33][Error][WCC] Failed to cook 'gameplay\gui_new\actionscript\red\game\witcher3\menus\gwint\gwintplayerrenderer.as' !
[2026.08.27 18:56:33][Info][WCC] Start cooking gameplay\gui_new\actionscript\red\game\witcher3\menus\gwint\gwintroundresult.as
[2026.08.27 18:56:33][Error][WCC] Failed to load 'gameplay\gui_new\actionscript\red\game\witcher3\menus\gwint\gwintroundresult.as' - is this a resource
[2026.08.27 18:56:33][Error][WCC] Failed to cook 'gameplay\gui_new\actionscript\red\game\witcher3\menus\gwint\gwintroundresult.as' !
[2026.08.27 18:56:33][Info][WCC] Start cooking gameplay\gui_new\actionscript\red\game\witcher3\menus\gwint\gwinttutorial.as
[2026.08.27 18:56:33][Error][WCC] Failed to load 'gameplay\gui_new\actionscript\red\game\witcher3\menus\gwint\gwinttutorial.as' - is this a resource
[2026.08.27 18:56:33][Error][WCC] Failed to cook 'gameplay\gui_new\actionscript\red\game\witcher3\menus\gwint\gwinttutorial.as' !
[2026.08.27 18:56:33][Info][WCC] Start cooking gameplay\gui_new\actionscript\red\game\witcher3\menus\gwint\humanplayercontroller.as
[2026.08.27 18:56:33][Error][WCC] Failed to load 'gameplay\gui_new\actionscript\red\game\witcher3\menus\gwint\humanplayercontroller.as' - is this a resource
[2026.08.27 18:56:33][Error][WCC] Failed to cook 'gameplay\gui_new\actionscript\red\game\witcher3\menus\gwint\humanplayercontroller.as' !
[2026.08.27 18:56:33][Info][WCC] Start cooking gameplay\gui_new\actionscript\red\game\witcher3\menus\infopopup\informationpopup.as
[2026.08.27 18:56:33][Error][WCC] Failed to load 'gameplay\gui_new\actionscript\red\game\witcher3\menus\infopopup\informationpopup.as' - is this a resource
[2026.08.27 18:56:33][Error][WCC] Failed to cook 'gameplay\gui_new\actionscript\red\game\witcher3\menus\infopopup\informationpopup.as' !
[2026.08.27 18:56:33][Info][WCC] Start cooking gameplay\gui_new\actionscript\red\game\witcher3\menus\infopopup\informationpopupmenu.as
[2026.08.27 18:56:33][Error][WCC] Failed to load 'gameplay\gui_new\actionscript\red\game\witcher3\menus\infopopup\informationpopupmenu.as' - is this a resource
[2026.08.27 18:56:33][Error][WCC] Failed to cook 'gameplay\gui_new\actionscript\red\game\witcher3\menus\infopopup\informationpopupmenu.as' !
[2026.08.27 18:56:33][Info][WCC] Start cooking gameplay\gui_new\actionscript\red\game\witcher3\menus\inventory\buttoncontainermodule.as
[2026.08.27 18:56:33][Error][WCC] Failed to load 'gameplay\gui_new\actionscript\red\game\witcher3\menus\inventory\buttoncontainermodule.as' - is this a resource
[2026.08.27 18:56:33][Error][WCC] Failed to cook 'gameplay\gui_new\actionscript\red\game\witcher3\menus\inventory\buttoncontainermodule.as' !
[2026.08.27 18:56:33][Info][WCC] Start cooking gameplay\gui_new\actionscript\red\game\witcher3\menus\inventory\inventoryslotoverlay.as
[2026.08.27 18:56:33][Error][WCC] Failed to load 'gameplay\gui_new\actionscript\red\game\witcher3\menus\inventory\inventoryslotoverlay.as' - is this a resource
[2026.08.27 18:56:33][Error][WCC] Failed to cook 'gameplay\gui_new\actionscript\red\game\witcher3\menus\inventory\inventoryslotoverlay.as' !
[2026.08.27 18:56:33][Info][WCC] Start cooking gameplay\gui_new\actionscript\red\game\witcher3\menus\inventory_menu\characterrenderercontroller.as
[2026.08.27 18:56:33][Error][WCC] Failed to load 'gameplay\gui_new\actionscript\red\game\witcher3\menus\inventory_menu\characterrenderercontroller.as' - is this a resource
[2026.08.27 18:56:33][Error][WCC] Failed to cook 'gameplay\gui_new\actionscript\red\game\witcher3\menus\inventory_menu\characterrenderercontroller.as' !
[2026.08.27 18:56:33][Info][WCC] Start cooking gameplay\gui_new\actionscript\red\game\witcher3\menus\inventory_menu\gridtabsections.as
[2026.08.27 18:56:33][Error][WCC] Failed to load 'gameplay\gui_new\actionscript\red\game\witcher3\menus\inventory_menu\gridtabsections.as' - is this a resource
[2026.08.27 18:56:33][Error][WCC] Failed to cook 'gameplay\gui_new\actionscript\red\game\witcher3\menus\inventory_menu\gridtabsections.as' !
[2026.08.27 18:56:33][Info][WCC] Start cooking gameplay\gui_new\actionscript\red\game\witcher3\menus\inventory_menu\inventorydroparea.as
[2026.08.27 18:56:33][Error][WCC] Failed to load 'gameplay\gui_new\actionscript\red\game\witcher3\menus\inventory_menu\inventorydroparea.as' - is this a resource
[2026.08.27 18:56:33][Error][WCC] Failed to cook 'gameplay\gui_new\actionscript\red\game\witcher3\menus\inventory_menu\inventorydroparea.as' !
[2026.08.27 18:56:33][Info][WCC] Start cooking gameplay\gui_new\actionscript\red\game\witcher3\menus\inventory_menu\inventorytabbedlistmodule.as
[2026.08.27 18:56:33][Error][WCC] Failed to load 'gameplay\gui_new\actionscript\red\game\witcher3\menus\inventory_menu\inventorytabbedlistmodule.as' - is this a resource
[2026.08.27 18:56:33][Error][WCC] Failed to cook 'gameplay\gui_new\actionscript\red\game\witcher3\menus\inventory_menu\inventorytabbedlistmodule.as' !
[2026.08.27 18:56:33][Info][WCC] Start cooking gameplay\gui_new\actionscript\red\game\witcher3\menus\inventory_menu\itemsectiondata.as
[2026.08.27 18:56:33][Error][WCC] Failed to load 'gameplay\gui_new\actionscript\red\game\witcher3\menus\inventory_menu\itemsectiondata.as' - is this a resource
[2026.08.27 18:56:33][Error][WCC] Failed to cook 'gameplay\gui_new\actionscript\red\game\witcher3\menus\inventory_menu\itemsectiondata.as' !
[2026.08.27 18:56:33][Info][WCC] Start cooking gameplay\gui_new\actionscript\red\game\witcher3\menus\inventory_menu\menuinventory.as
[2026.08.27 18:56:33][Error][WCC] Failed to load 'gameplay\gui_new\actionscript\red\game\witcher3\menus\inventory_menu\menuinventory.as' - is this a resource
[2026.08.27 18:56:33][Error][WCC] Failed to cook 'gameplay\gui_new\actionscript\red\game\witcher3\menus\inventory_menu\menuinventory.as' !
[2026.08.27 18:56:33][Info][WCC] Start cooking gameplay\gui_new\actionscript\red\game\witcher3\menus\inventory_menu\menusocketsmanagment.as
[2026.08.27 18:56:33][Error][WCC] Failed to load 'gameplay\gui_new\actionscript\red\game\witcher3\menus\inventory_menu\menusocketsmanagment.as' - is this a resource
[2026.08.27 18:56:33][Error][WCC] Failed to cook 'gameplay\gui_new\actionscript\red\game\witcher3\menus\inventory_menu\menusocketsmanagment.as' !
[2026.08.27 18:56:33][Info][WCC] Start cooking gameplay\gui_new\actionscript\red\game\witcher3\menus\inventory_menu\modulecontainer.as
[2026.08.27 18:56:33][Error][WCC] Failed to load 'gameplay\gui_new\actionscript\red\game\witcher3\menus\inventory_menu\modulecontainer.as' - is this a resource
[2026.08.27 18:56:33][Error][WCC] Failed to cook 'gameplay\gui_new\actionscript\red\game\witcher3\menus\inventory_menu\modulecontainer.as' !
[2026.08.27 18:56:33][Info][WCC] Start cooking gameplay\gui_new\actionscript\red\game\witcher3\menus\inventory_menu\modulehorsepaperdoll.as
[2026.08.27 18:56:33][Error][WCC] Failed to load 'gameplay\gui_new\actionscript\red\game\witcher3\menus\inventory_menu\modulehorsepaperdoll.as' - is this a resource
[2026.08.27 18:56:33][Error][WCC] Failed to cook 'gameplay\gui_new\actionscript\red\game\witcher3\menus\inventory_menu\modulehorsepaperdoll.as' !
[2026.08.27 18:56:33][Info][WCC] Start cooking gameplay\gui_new\actionscript\red\game\witcher3\menus\inventory_menu\modulepaperdoll.as
[2026.08.27 18:56:33][Error][WCC] Failed to load 'gameplay\gui_new\actionscript\red\game\witcher3\menus\inventory_menu\modulepaperdoll.as' - is this a resource
[2026.08.27 18:56:33][Error][WCC] Failed to cook 'gameplay\gui_new\actionscript\red\game\witcher3\menus\inventory_menu\modulepaperdoll.as' !
[2026.08.27 18:56:33][Info][WCC] Start cooking gameplay\gui_new\actionscript\red\game\witcher3\menus\inventory_menu\modulepaperdollbase.as
[2026.08.27 18:56:33][Error][WCC] Failed to load 'gameplay\gui_new\actionscript\red\game\witcher3\menus\inventory_menu\modulepaperdollbase.as' - is this a resource
[2026.08.27 18:56:33][Error][WCC] Failed to cook 'gameplay\gui_new\actionscript\red\game\witcher3\menus\inventory_menu\modulepaperdollbase.as' !
[2026.08.27 18:56:33][Info][WCC] Start cooking gameplay\gui_new\actionscript\red\game\witcher3\menus\inventory_menu\moduleplayergrid.as
[2026.08.27 18:56:33][Error][WCC] Failed to load 'gameplay\gui_new\actionscript\red\game\witcher3\menus\inventory_menu\moduleplayergrid.as' - is this a resource
[2026.08.27 18:56:33][Error][WCC] Failed to cook 'gameplay\gui_new\actionscript\red\game\witcher3\menus\inventory_menu\moduleplayergrid.as' !
[2026.08.27 18:56:33][Info][WCC] Start cooking gameplay\gui_new\actionscript\red\game\witcher3\menus\inventory_menu\pinnedcraftinginfomodule.as
[2026.08.27 18:56:33][Error][WCC] Failed to load 'gameplay\gui_new\actionscript\red\game\witcher3\menus\inventory_menu\pinnedcraftinginfomodule.as' - is this a resource
[2026.08.27 18:56:33][Error][WCC] Failed to cook 'gameplay\gui_new\actionscript\red\game\witcher3\menus\inventory_menu\pinnedcraftinginfomodule.as' !
[2026.08.27 18:56:33][Info][WCC] Start cooking gameplay\gui_new\actionscript\red\game\witcher3\menus\inventory_menu\pinnedcraftingiteminfo.as
[2026.08.27 18:56:33][Error][WCC] Failed to load 'gameplay\gui_new\actionscript\red\game\witcher3\menus\inventory_menu\pinnedcraftingiteminfo.as' - is this a resource
[2026.08.27 18:56:33][Error][WCC] Failed to cook 'gameplay\gui_new\actionscript\red\game\witcher3\menus\inventory_menu\pinnedcraftingiteminfo.as' !
[2026.08.27 18:56:33][Info][WCC] Start cooking gameplay\gui_new\actionscript\red\game\witcher3\menus\inventory_menu\playerdetailedstatspanel.as
[2026.08.27 18:56:33][Error][WCC] Failed to load 'gameplay\gui_new\actionscript\red\game\witcher3\menus\inventory_menu\playerdetailedstatspanel.as' - is this a resource
[2026.08.27 18:56:33][Error][WCC] Failed to cook 'gameplay\gui_new\actionscript\red\game\witcher3\menus\inventory_menu\playerdetailedstatspanel.as' !
[2026.08.27 18:56:33][Info][WCC] Start cooking gameplay\gui_new\actionscript\red\game\witcher3\menus\inventory_menu\playergeneralstatspanel.as
[2026.08.27 18:56:33][Error][WCC] Failed to load 'gameplay\gui_new\actionscript\red\game\witcher3\menus\inventory_menu\playergeneralstatspanel.as' - is this a resource
[2026.08.27 18:56:33][Error][WCC] Failed to cook 'gameplay\gui_new\actionscript\red\game\witcher3\menus\inventory_menu\playergeneralstatspanel.as' !
[2026.08.27 18:56:33][Info][WCC] Start cooking gameplay\gui_new\actionscript\red\game\witcher3\menus\inventory_menu\playermainstatspanel.as
[2026.08.27 18:56:33][Error][WCC] Failed to load 'gameplay\gui_new\actionscript\red\game\witcher3\menus\inventory_menu\playermainstatspanel.as' - is this a resource
[2026.08.27 18:56:33][Error][WCC] Failed to cook 'gameplay\gui_new\actionscript\red\game\witcher3\menus\inventory_menu\playermainstatspanel.as' !
[2026.08.27 18:56:33][Info][WCC] Start cooking gameplay\gui_new\actionscript\red\game\witcher3\menus\inventory_menu\playerstatinfo.as
[2026.08.27 18:56:33][Error][WCC] Failed to load 'gameplay\gui_new\actionscript\red\game\witcher3\menus\inventory_menu\playerstatinfo.as' - is this a resource
[2026.08.27 18:56:33][Error][WCC] Failed to cook 'gameplay\gui_new\actionscript\red\game\witcher3\menus\inventory_menu\playerstatinfo.as' !
[2026.08.27 18:56:33][Info][WCC] Start cooking gameplay\gui_new\actionscript\red\game\witcher3\menus\journal\monsterhuntingimagemodule.as
[2026.08.27 18:56:33][Error][WCC] Failed to load 'gameplay\gui_new\actionscript\red\game\witcher3\menus\journal\monsterhuntingimagemodule.as' - is this a resource
[2026.08.27 18:56:33][Error][WCC] Failed to cook 'gameplay\gui_new\actionscript\red\game\witcher3\menus\journal\monsterhuntingimagemodule.as' !
[2026.08.27 18:56:33][Info][WCC] Start cooking gameplay\gui_new\actionscript\red\game\witcher3\menus\journal\monsterhuntingjournalmenu.as
[2026.08.27 18:56:33][Error][WCC] Failed to load 'gameplay\gui_new\actionscript\red\game\witcher3\menus\journal\monsterhuntingjournalmenu.as' - is this a resource
[2026.08.27 18:56:33][Error][WCC] Failed to cook 'gameplay\gui_new\actionscript\red\game\witcher3\menus\journal\monsterhuntingjournalmenu.as' !
[2026.08.27 18:56:33][Info][WCC] Start cooking gameplay\gui_new\actionscript\red\game\witcher3\menus\journal\monsterhuntingsublistmodule.as
[2026.08.27 18:56:33][Error][WCC] Failed to load 'gameplay\gui_new\actionscript\red\game\witcher3\menus\journal\monsterhuntingsublistmodule.as' - is this a resource
[2026.08.27 18:56:33][Error][WCC] Failed to cook 'gameplay\gui_new\actionscript\red\game\witcher3\menus\journal\monsterhuntingsublistmodule.as' !
[2026.08.27 18:56:33][Info][WCC] Start cooking gameplay\gui_new\actionscript\red\game\witcher3\menus\journal\monsterquestitemrenderer.as
[2026.08.27 18:56:33][Error][WCC] Failed to load 'gameplay\gui_new\actionscript\red\game\witcher3\menus\journal\monsterquestitemrenderer.as' - is this a resource
[2026.08.27 18:56:33][Error][WCC] Failed to cook 'gameplay\gui_new\actionscript\red\game\witcher3\menus\journal\monsterquestitemrenderer.as' !
[2026.08.27 18:56:33][Info][WCC] Start cooking gameplay\gui_new\actionscript\red\game\witcher3\menus\journal\objectiveitemrenderer.as
[2026.08.27 18:56:33][Error][WCC] Failed to load 'gameplay\gui_new\actionscript\red\game\witcher3\menus\journal\objectiveitemrenderer.as' - is this a resource
[2026.08.27 18:56:33][Error][WCC] Failed to cook 'gameplay\gui_new\actionscript\red\game\witcher3\menus\journal\objectiveitemrenderer.as' !
[2026.08.27 18:56:33][Info][WCC] Start cooking gameplay\gui_new\actionscript\red\game\witcher3\menus\journal\questdropdownlist.as
[2026.08.27 18:56:33][Error][WCC] Failed to load 'gameplay\gui_new\actionscript\red\game\witcher3\menus\journal\questdropdownlist.as' - is this a resource
[2026.08.27 18:56:33][Error][WCC] Failed to cook 'gameplay\gui_new\actionscript\red\game\witcher3\menus\journal\questdropdownlist.as' !
[2026.08.27 18:56:33][Info][WCC] Start cooking gameplay\gui_new\actionscript\red\game\witcher3\menus\journal\questdropdownmenulistitem.as
[2026.08.27 18:56:33][Error][WCC] Failed to load 'gameplay\gui_new\actionscript\red\game\witcher3\menus\journal\questdropdownmenulistitem.as' - is this a resource
[2026.08.27 18:56:33][Error][WCC] Failed to cook 'gameplay\gui_new\actionscript\red\game\witcher3\menus\journal\questdropdownmenulistitem.as' !
[2026.08.27 18:56:33][Info][WCC] Start cooking gameplay\gui_new\actionscript\red\game\witcher3\menus\journal\questitemrenderer.as
[2026.08.27 18:56:33][Error][WCC] Failed to load 'gameplay\gui_new\actionscript\red\game\witcher3\menus\journal\questitemrenderer.as' - is this a resource
[2026.08.27 18:56:33][Error][WCC] Failed to cook 'gameplay\gui_new\actionscript\red\game\witcher3\menus\journal\questitemrenderer.as' !
[2026.08.27 18:56:33][Info][WCC] Start cooking gameplay\gui_new\actionscript\red\game\witcher3\menus\journal\questjournalmenu.as
[2026.08.27 18:56:33][Error][WCC] Failed to load 'gameplay\gui_new\actionscript\red\game\witcher3\menus\journal\questjournalmenu.as' - is this a resource
[2026.08.27 18:56:33][Error][WCC] Failed to cook 'gameplay\gui_new\actionscript\red\game\witcher3\menus\journal\questjournalmenu.as' !
[2026.08.27 18:56:33][Info][WCC] Start cooking gameplay\gui_new\actionscript\red\game\witcher3\menus\journal\questlistmodule.as
[2026.08.27 18:56:33][Error][WCC] Failed to load 'gameplay\gui_new\actionscript\red\game\witcher3\menus\journal\questlistmodule.as' - is this a resource
[2026.08.27 18:56:33][Error][WCC] Failed to cook 'gameplay\gui_new\actionscript\red\game\witcher3\menus\journal\questlistmodule.as' !
[2026.08.27 18:56:33][Info][WCC] Start cooking gameplay\gui_new\actionscript\red\game\witcher3\menus\journal\questsublistmodule.as
[2026.08.27 18:56:33][Error][WCC] Failed to load 'gameplay\gui_new\actionscript\red\game\witcher3\menus\journal\questsublistmodule.as' - is this a resource
[2026.08.27 18:56:33][Error][WCC] Failed to cook 'gameplay\gui_new\actionscript\red\game\witcher3\menus\journal\questsublistmodule.as' !
[2026.08.27 18:56:33][Info][WCC] Start cooking gameplay\gui_new\actionscript\red\game\witcher3\menus\journal\treasurehuntingjournalmenu.as
[2026.08.27 18:56:33][Error][WCC] Failed to load 'gameplay\gui_new\actionscript\red\game\witcher3\menus\journal\treasurehuntingjournalmenu.as' - is this a resource
[2026.08.27 18:56:33][Error][WCC] Failed to cook 'gameplay\gui_new\actionscript\red\game\witcher3\menus\journal\treasurehuntingjournalmenu.as' !
[2026.08.27 18:56:33][Info][WCC] Start cooking gameplay\gui_new\actionscript\red\game\witcher3\menus\loading\loadingmenu.as
[2026.08.27 18:56:33][Error][WCC] Failed to load 'gameplay\gui_new\actionscript\red\game\witcher3\menus\loading\loadingmenu.as' - is this a resource
[2026.08.27 18:56:33][Error][WCC] Failed to cook 'gameplay\gui_new\actionscript\red\game\witcher3\menus\loading\loadingmenu.as' !
[2026.08.27 18:56:33][Info][WCC] Start cooking gameplay\gui_new\actionscript\red\game\witcher3\menus\mainmenu\autosavewarningmenu.as
[2026.08.27 18:56:33][Error][WCC] Failed to load 'gameplay\gui_new\actionscript\red\game\witcher3\menus\mainmenu\autosavewarningmenu.as' - is this a resource
[2026.08.27 18:56:33][Error][WCC] Failed to cook 'gameplay\gui_new\actionscript\red\game\witcher3\menus\mainmenu\autosavewarningmenu.as' !
[2026.08.27 18:56:33][Info][WCC] Start cooking gameplay\gui_new\actionscript\red\game\witcher3\menus\mainmenu\commoningamemenu.as
[2026.08.27 18:56:33][Error][WCC] Failed to load 'gameplay\gui_new\actionscript\red\game\witcher3\menus\mainmenu\commoningamemenu.as' - is this a resource
[2026.08.27 18:56:33][Error][WCC] Failed to cook 'gameplay\gui_new\actionscript\red\game\witcher3\menus\mainmenu\commoningamemenu.as' !
[2026.08.27 18:56:33][Info][WCC] Start cooking gameplay\gui_new\actionscript\red\game\witcher3\menus\mainmenu\commonmainmenu.as
[2026.08.27 18:56:33][Error][WCC] Failed to load 'gameplay\gui_new\actionscript\red\game\witcher3\menus\mainmenu\commonmainmenu.as' - is this a resource
[2026.08.27 18:56:33][Error][WCC] Failed to cook 'gameplay\gui_new\actionscript\red\game\witcher3\menus\mainmenu\commonmainmenu.as' !
[2026.08.27 18:56:33][Info][WCC] Start cooking gameplay\gui_new\actionscript\red\game\witcher3\menus\mainmenu\commonmainmenuep1.as
[2026.08.27 18:56:33][Error][WCC] Failed to load 'gameplay\gui_new\actionscript\red\game\witcher3\menus\mainmenu\commonmainmenuep1.as' - is this a resource
[2026.08.27 18:56:33][Error][WCC] Failed to cook 'gameplay\gui_new\actionscript\red\game\witcher3\menus\mainmenu\commonmainmenuep1.as' !
[2026.08.27 18:56:33][Info][WCC] Start cooking gameplay\gui_new\actionscript\red\game\witcher3\menus\mainmenu\commonmainmenuep2.as
[2026.08.27 18:56:33][Error][WCC] Failed to load 'gameplay\gui_new\actionscript\red\game\witcher3\menus\mainmenu\commonmainmenuep2.as' - is this a resource
[2026.08.27 18:56:33][Error][WCC] Failed to cook 'gameplay\gui_new\actionscript\red\game\witcher3\menus\mainmenu\commonmainmenuep2.as' !
[2026.08.27 18:56:33][Info][WCC] Start cooking gameplay\gui_new\actionscript\red\game\witcher3\menus\mainmenu\creditsmenu.as
[2026.08.27 18:56:33][Error][WCC] Failed to load 'gameplay\gui_new\actionscript\red\game\witcher3\menus\mainmenu\creditsmenu.as' - is this a resource
[2026.08.27 18:56:33][Error][WCC] Failed to cook 'gameplay\gui_new\actionscript\red\game\witcher3\menus\mainmenu\creditsmenu.as' !
[2026.08.27 18:56:33][Info][WCC] Start cooking gameplay\gui_new\actionscript\red\game\witcher3\menus\mainmenu\gamepadmappingmodule.as
[2026.08.27 18:56:33][Error][WCC] Failed to load 'gameplay\gui_new\actionscript\red\game\witcher3\menus\mainmenu\gamepadmappingmodule.as' - is this a resource
[2026.08.27 18:56:33][Error][WCC] Failed to cook 'gameplay\gui_new\actionscript\red\game\witcher3\menus\mainmenu\gamepadmappingmodule.as' !
[2026.08.27 18:56:33][Info][WCC] Start cooking gameplay\gui_new\actionscript\red\game\witcher3\menus\mainmenu\gammasettingmodule.as
[2026.08.27 18:56:33][Error][WCC] Failed to load 'gameplay\gui_new\actionscript\red\game\witcher3\menus\mainmenu\gammasettingmodule.as' - is this a resource
[2026.08.27 18:56:33][Error][WCC] Failed to cook 'gameplay\gui_new\actionscript\red\game\witcher3\menus\mainmenu\gammasettingmodule.as' !
[2026.08.27 18:56:33][Info][WCC] Start cooking gameplay\gui_new\actionscript\red\game\witcher3\menus\mainmenu\ingamemenu.as
[2026.08.27 18:56:33][Error][WCC] Failed to load 'gameplay\gui_new\actionscript\red\game\witcher3\menus\mainmenu\ingamemenu.as' - is this a resource
[2026.08.27 18:56:33][Error][WCC] Failed to cook 'gameplay\gui_new\actionscript\red\game\witcher3\menus\mainmenu\ingamemenu.as' !
[2026.08.27 18:56:33][Info][WCC] Start cooking gameplay\gui_new\actionscript\red\game\witcher3\menus\mainmenu\ingamemenuentry.as
[2026.08.27 18:56:33][Error][WCC] Failed to load 'gameplay\gui_new\actionscript\red\game\witcher3\menus\mainmenu\ingamemenuentry.as' - is this a resource
[2026.08.27 18:56:33][Error][WCC] Failed to cook 'gameplay\gui_new\actionscript\red\game\witcher3\menus\mainmenu\ingamemenuentry.as' !
[2026.08.27 18:56:33][Info][WCC] Start cooking gameplay\gui_new\actionscript\red\game\witcher3\menus\mainmenu\installeddlcmitemrenderer.as
[2026.08.27 18:56:33][Error][WCC] Failed to load 'gameplay\gui_new\actionscript\red\game\witcher3\menus\mainmenu\installeddlcmitemrenderer.as' - is this a resource
[2026.08.27 18:56:33][Error][WCC] Failed to cook 'gameplay\gui_new\actionscript\red\game\witcher3\menus\mainmenu\installeddlcmitemrenderer.as' !
[2026.08.27 18:56:33][Info][WCC] Start cooking gameplay\gui_new\actionscript\red\game\witcher3\menus\mainmenu\installeddlcmodule.as
[2026.08.27 18:56:33][Error][WCC] Failed to load 'gameplay\gui_new\actionscript\red\game\witcher3\menus\mainmenu\installeddlcmodule.as' - is this a resource
[2026.08.27 18:56:33][Error][WCC] Failed to cook 'gameplay\gui_new\actionscript\red\game\witcher3\menus\mainmenu\installeddlcmodule.as' !
[2026.08.27 18:56:33][Info][WCC] Start cooking gameplay\gui_new\actionscript\red\game\witcher3\menus\mainmenu\keybinditemrenderer.as
[2026.08.27 18:56:33][Error][WCC] Failed to load 'gameplay\gui_new\actionscript\red\game\witcher3\menus\mainmenu\keybinditemrenderer.as' - is this a resource
[2026.08.27 18:56:33][Error][WCC] Failed to cook 'gameplay\gui_new\actionscript\red\game\witcher3\menus\mainmenu\keybinditemrenderer.as' !
[2026.08.27 18:56:33][Info][WCC] Start cooking gameplay\gui_new\actionscript\red\game\witcher3\menus\mainmenu\keybindsoptionmodule.as
[2026.08.27 18:56:33][Error][WCC] Failed to load 'gameplay\gui_new\actionscript\red\game\witcher3\menus\mainmenu\keybindsoptionmodule.as' - is this a resource
[2026.08.27 18:56:33][Error][WCC] Failed to cook 'gameplay\gui_new\actionscript\red\game\witcher3\menus\mainmenu\keybindsoptionmodule.as' !
[2026.08.27 18:56:33][Info][WCC] Start cooking gameplay\gui_new\actionscript\red\game\witcher3\menus\mainmenu\mainachievementssubmenu.as
[2026.08.27 18:56:33][Error][WCC] Failed to load 'gameplay\gui_new\actionscript\red\game\witcher3\menus\mainmenu\mainachievementssubmenu.as' - is this a resource
[2026.08.27 18:56:33][Error][WCC] Failed to cook 'gameplay\gui_new\actionscript\red\game\witcher3\menus\mainmenu\mainachievementssubmenu.as' !
[2026.08.27 18:56:33][Info][WCC] Start cooking gameplay\gui_new\actionscript\red\game\witcher3\menus\mainmenu\mainaudiooptionssubmenu.as
[2026.08.27 18:56:33][Error][WCC] Failed to load 'gameplay\gui_new\actionscript\red\game\witcher3\menus\mainmenu\mainaudiooptionssubmenu.as' - is this a resource
[2026.08.27 18:56:33][Error][WCC] Failed to cook 'gameplay\gui_new\actionscript\red\game\witcher3\menus\mainmenu\mainaudiooptionssubmenu.as' !
[2026.08.27 18:56:33][Info][WCC] Start cooking gameplay\gui_new\actionscript\red\game\witcher3\menus\mainmenu\maincontrolsoptionsmenu.as
[2026.08.27 18:56:33][Error][WCC] Failed to load 'gameplay\gui_new\actionscript\red\game\witcher3\menus\mainmenu\maincontrolsoptionsmenu.as' - is this a resource
[2026.08.27 18:56:33][Error][WCC] Failed to cook 'gameplay\gui_new\actionscript\red\game\witcher3\menus\mainmenu\maincontrolsoptionsmenu.as' !
[2026.08.27 18:56:33][Info][WCC] Start cooking gameplay\gui_new\actionscript\red\game\witcher3\menus\mainmenu\maindbgstartquestsubmenu.as
[2026.08.27 18:56:33][Error][WCC] Failed to load 'gameplay\gui_new\actionscript\red\game\witcher3\menus\mainmenu\maindbgstartquestsubmenu.as' - is this a resource
[2026.08.27 18:56:33][Error][WCC] Failed to cook 'gameplay\gui_new\actionscript\red\game\witcher3\menus\mainmenu\maindbgstartquestsubmenu.as' !
[2026.08.27 18:56:33][Info][WCC] Start cooking gameplay\gui_new\actionscript\red\game\witcher3\menus\mainmenu\mainextrasmenu.as
[2026.08.27 18:56:33][Error][WCC] Failed to load 'gameplay\gui_new\actionscript\red\game\witcher3\menus\mainmenu\mainextrasmenu.as' - is this a resource
[2026.08.27 18:56:33][Error][WCC] Failed to cook 'gameplay\gui_new\actionscript\red\game\witcher3\menus\mainmenu\mainextrasmenu.as' !
[2026.08.27 18:56:33][Info][WCC] Start cooking gameplay\gui_new\actionscript\red\game\witcher3\menus\mainmenu\maingameoptionssubmenu.as
[2026.08.27 18:56:33][Error][WCC] Failed to load 'gameplay\gui_new\actionscript\red\game\witcher3\menus\mainmenu\maingameoptionssubmenu.as' - is this a resource
[2026.08.27 18:56:33][Error][WCC] Failed to cook 'gameplay\gui_new\actionscript\red\game\witcher3\menus\mainmenu\maingameoptionssubmenu.as' !
[2026.08.27 18:56:33][Info][WCC] Start cooking gameplay\gui_new\actionscript\red\game\witcher3\menus\mainmenu\mainhudoptionssubmenu.as
[2026.08.27 18:56:33][Error][WCC] Failed to load 'gameplay\gui_new\actionscript\red\game\witcher3\menus\mainmenu\mainhudoptionssubmenu.as' - is this a resource
[2026.08.27 18:56:33][Error][WCC] Failed to cook 'gameplay\gui_new\actionscript\red\game\witcher3\menus\mainmenu\mainhudoptionssubmenu.as' !
[2026.08.27 18:56:33][Info][WCC] Start cooking gameplay\gui_new\actionscript\red\game\witcher3\menus\mainmenu\mainimportmenu.as
[2026.08.27 18:56:33][Error][WCC] Failed to load 'gameplay\gui_new\actionscript\red\game\witcher3\menus\mainmenu\mainimportmenu.as' - is this a resource
[2026.08.27 18:56:33][Error][WCC] Failed to cook 'gameplay\gui_new\actionscript\red\game\witcher3\menus\mainmenu\mainimportmenu.as' !
[2026.08.27 18:56:33][Info][WCC] Start cooking gameplay\gui_new\actionscript\red\game\witcher3\menus\mainmenu\mainimportsavedgamemenu.as
[2026.08.27 18:56:33][Error][WCC] Failed to load 'gameplay\gui_new\actionscript\red\game\witcher3\menus\mainmenu\mainimportsavedgamemenu.as' - is this a resource
[2026.08.27 18:56:33][Error][WCC] Failed to cook 'gameplay\gui_new\actionscript\red\game\witcher3\menus\mainmenu\mainimportsavedgamemenu.as' !
[2026.08.27 18:56:33][Info][WCC] Start cooking gameplay\gui_new\actionscript\red\game\witcher3\menus\mainmenu\mainloadsubmenu.as
[2026.08.27 18:56:33][Error][WCC] Failed to load 'gameplay\gui_new\actionscript\red\game\witcher3\menus\mainmenu\mainloadsubmenu.as' - is this a resource
[2026.08.27 18:56:33][Error][WCC] Failed to cook 'gameplay\gui_new\actionscript\red\game\witcher3\menus\mainmenu\mainloadsubmenu.as' !
[2026.08.27 18:56:33][Info][WCC] Start cooking gameplay\gui_new\actionscript\red\game\witcher3\menus\mainmenu\mainmenu.as
[2026.08.27 18:56:33][Error][WCC] Failed to load 'gameplay\gui_new\actionscript\red\game\witcher3\menus\mainmenu\mainmenu.as' - is this a resource
[2026.08.27 18:56:33][Error][WCC] Failed to cook 'gameplay\gui_new\actionscript\red\game\witcher3\menus\mainmenu\mainmenu.as' !
[2026.08.27 18:56:33][Info][WCC] Start cooking gameplay\gui_new\actionscript\red\game\witcher3\menus\mainmenu\mainmenugamma.as
[2026.08.27 18:56:33][Error][WCC] Failed to load 'gameplay\gui_new\actionscript\red\game\witcher3\menus\mainmenu\mainmenugamma.as' - is this a resource
[2026.08.27 18:56:33][Error][WCC] Failed to cook 'gameplay\gui_new\actionscript\red\game\witcher3\menus\mainmenu\mainmenugamma.as' !
[2026.08.27 18:56:33][Info][WCC] Start cooking gameplay\gui_new\actionscript\red\game\witcher3\menus\mainmenu\mainmouseoptionssubmenu.as
[2026.08.27 18:56:33][Error][WCC] Failed to load 'gameplay\gui_new\actionscript\red\game\witcher3\menus\mainmenu\mainmouseoptionssubmenu.as' - is this a resource
[2026.08.27 18:56:33][Error][WCC] Failed to cook 'gameplay\gui_new\actionscript\red\game\witcher3\menus\mainmenu\mainmouseoptionssubmenu.as' !
[2026.08.27 18:56:33][Info][WCC] Start cooking gameplay\gui_new\actionscript\red\game\witcher3\menus\mainmenu\mainnewgamemenu.as
[2026.08.27 18:56:33][Error][WCC] Failed to load 'gameplay\gui_new\actionscript\red\game\witcher3\menus\mainmenu\mainnewgamemenu.as' - is this a resource
[2026.08.27 18:56:33][Error][WCC] Failed to cook 'gameplay\gui_new\actionscript\red\game\witcher3\menus\mainmenu\mainnewgamemenu.as' !
[2026.08.27 18:56:33][Info][WCC] Start cooking gameplay\gui_new\actionscript\red\game\witcher3\menus\mainmenu\mainoptionsmenu.as
[2026.08.27 18:56:33][Error][WCC] Failed to load 'gameplay\gui_new\actionscript\red\game\witcher3\menus\mainmenu\mainoptionsmenu.as' - is this a resource
[2026.08.27 18:56:33][Error][WCC] Failed to cook 'gameplay\gui_new\actionscript\red\game\witcher3\menus\mainmenu\mainoptionsmenu.as' !
[2026.08.27 18:56:33][Info][WCC] Start cooking gameplay\gui_new\actionscript\red\game\witcher3\menus\mainmenu\mainpadoptionssubmenu.as
[2026.08.27 18:56:33][Error][WCC] Failed to load 'gameplay\gui_new\actionscript\red\game\witcher3\menus\mainmenu\mainpadoptionssubmenu.as' - is this a resource
[2026.08.27 18:56:33][Error][WCC] Failed to cook 'gameplay\gui_new\actionscript\red\game\witcher3\menus\mainmenu\mainpadoptionssubmenu.as' !
[2026.08.27 18:56:33][Info][WCC] Start cooking gameplay\gui_new\actionscript\red\game\witcher3\menus\mainmenu\mainsubmenu.as
[2026.08.27 18:56:33][Error][WCC] Failed to load 'gameplay\gui_new\actionscript\red\game\witcher3\menus\mainmenu\mainsubmenu.as' - is this a resource
[2026.08.27 18:56:33][Error][WCC] Failed to cook 'gameplay\gui_new\actionscript\red\game\witcher3\menus\mainmenu\mainsubmenu.as' !
[2026.08.27 18:56:33][Info][WCC] Start cooking gameplay\gui_new\actionscript\red\game\witcher3\menus\mainmenu\mainvideooptionssubmenu.as
[2026.08.27 18:56:33][Error][WCC] Failed to load 'gameplay\gui_new\actionscript\red\game\witcher3\menus\mainmenu\mainvideooptionssubmenu.as' - is this a resource
[2026.08.27 18:56:33][Error][WCC] Failed to cook 'gameplay\gui_new\actionscript\red\game\witcher3\menus\mainmenu\mainvideooptionssubmenu.as' !
[2026.08.27 18:56:33][Info][WCC] Start cooking gameplay\gui_new\actionscript\red\game\witcher3\menus\mainmenu\mainvisualsoptionsmenu.as
[2026.08.27 18:56:33][Error][WCC] Failed to load 'gameplay\gui_new\actionscript\red\game\witcher3\menus\mainmenu\mainvisualsoptionsmenu.as' - is this a resource
[2026.08.27 18:56:33][Error][WCC] Failed to cook 'gameplay\gui_new\actionscript\red\game\witcher3\menus\mainmenu\mainvisualsoptionsmenu.as' !
[2026.08.27 18:56:33][Info][WCC] Start cooking gameplay\gui_new\actionscript\red\game\witcher3\menus\mainmenu\optionlistmodule.as
[2026.08.27 18:56:33][Error][WCC] Failed to load 'gameplay\gui_new\actionscript\red\game\witcher3\menus\mainmenu\optionlistmodule.as' - is this a resource
[2026.08.27 18:56:33][Error][WCC] Failed to cook 'gameplay\gui_new\actionscript\red\game\witcher3\menus\mainmenu\optionlistmodule.as' !
[2026.08.27 18:56:33][Info][WCC] Start cooking gameplay\gui_new\actionscript\red\game\witcher3\menus\mainmenu\patchnotesinfoblock.as
[2026.08.27 18:56:33][Error][WCC] Failed to load 'gameplay\gui_new\actionscript\red\game\witcher3\menus\mainmenu\patchnotesinfoblock.as' - is this a resource
[2026.08.27 18:56:33][Error][WCC] Failed to cook 'gameplay\gui_new\actionscript\red\game\witcher3\menus\mainmenu\patchnotesinfoblock.as' !
[2026.08.27 18:56:33][Info][WCC] Start cooking gameplay\gui_new\actionscript\red\game\witcher3\menus\mainmenu\patchnotespopup.as
[2026.08.27 18:56:33][Error][WCC] Failed to load 'gameplay\gui_new\actionscript\red\game\witcher3\menus\mainmenu\patchnotespopup.as' - is this a resource
[2026.08.27 18:56:33][Error][WCC] Failed to cook 'gameplay\gui_new\actionscript\red\game\witcher3\menus\mainmenu\patchnotespopup.as' !
[2026.08.27 18:56:33][Info][WCC] Start cooking gameplay\gui_new\actionscript\red\game\witcher3\menus\mainmenu\saveslotitemrenderer.as
[2026.08.27 18:56:33][Error][WCC] Failed to load 'gameplay\gui_new\actionscript\red\game\witcher3\menus\mainmenu\saveslotitemrenderer.as' - is this a resource
[2026.08.27 18:56:33][Error][WCC] Failed to cook 'gameplay\gui_new\actionscript\red\game\witcher3\menus\mainmenu\saveslotitemrenderer.as' !
[2026.08.27 18:56:33][Info][WCC] Start cooking gameplay\gui_new\actionscript\red\game\witcher3\menus\mainmenu\saveslotlistmodule.as
[2026.08.27 18:56:33][Error][WCC] Failed to load 'gameplay\gui_new\actionscript\red\game\witcher3\menus\mainmenu\saveslotlistmodule.as' - is this a resource
[2026.08.27 18:56:33][Error][WCC] Failed to cook 'gameplay\gui_new\actionscript\red\game\witcher3\menus\mainmenu\saveslotlistmodule.as' !
[2026.08.27 18:56:33][Info][WCC] Start cooking gameplay\gui_new\actionscript\red\game\witcher3\menus\mainmenu\startupmoviesmenu.as
[2026.08.27 18:56:33][Error][WCC] Failed to load 'gameplay\gui_new\actionscript\red\game\witcher3\menus\mainmenu\startupmoviesmenu.as' - is this a resource
[2026.08.27 18:56:33][Error][WCC] Failed to cook 'gameplay\gui_new\actionscript\red\game\witcher3\menus\mainmenu\startupmoviesmenu.as' !
[2026.08.27 18:56:33][Info][WCC] Start cooking gameplay\gui_new\actionscript\red\game\witcher3\menus\mainmenu\staticoptionmodule.as
[2026.08.27 18:56:33][Error][WCC] Failed to load 'gameplay\gui_new\actionscript\red\game\witcher3\menus\mainmenu\staticoptionmodule.as' - is this a resource
[2026.08.27 18:56:33][Error][WCC] Failed to cook 'gameplay\gui_new\actionscript\red\game\witcher3\menus\mainmenu\staticoptionmodule.as' !
[2026.08.27 18:56:33][Info][WCC] Start cooking gameplay\gui_new\actionscript\red\game\witcher3\menus\mainmenu\uirescalemodule.as
[2026.08.27 18:56:33][Error][WCC] Failed to load 'gameplay\gui_new\actionscript\red\game\witcher3\menus\mainmenu\uirescalemodule.as' - is this a resource
[2026.08.27 18:56:33][Error][WCC] Failed to cook 'gameplay\gui_new\actionscript\red\game\witcher3\menus\mainmenu\uirescalemodule.as' !
[2026.08.27 18:56:33][Info][WCC] Start cooking gameplay\gui_new\actionscript\red\game\witcher3\menus\mainmenu\w3achievementlistitemrenderer.as
[2026.08.27 18:56:33][Error][WCC] Failed to load 'gameplay\gui_new\actionscript\red\game\witcher3\menus\mainmenu\w3achievementlistitemrenderer.as' - is this a resource
[2026.08.27 18:56:33][Error][WCC] Failed to cook 'gameplay\gui_new\actionscript\red\game\witcher3\menus\mainmenu\w3achievementlistitemrenderer.as' !
[2026.08.27 18:56:33][Info][WCC] Start cooking gameplay\gui_new\actionscript\red\game\witcher3\menus\mainmenu\w3menulistitemrenderer.as
[2026.08.27 18:56:33][Error][WCC] Failed to load 'gameplay\gui_new\actionscript\red\game\witcher3\menus\mainmenu\w3menulistitemrenderer.as' - is this a resource
[2026.08.27 18:56:33][Error][WCC] Failed to cook 'gameplay\gui_new\actionscript\red\game\witcher3\menus\mainmenu\w3menulistitemrenderer.as' !
[2026.08.27 18:56:33][Info][WCC] Start cooking gameplay\gui_new\actionscript\red\game\witcher3\menus\meditation\clock.as
[2026.08.27 18:56:33][Error][WCC] Failed to load 'gameplay\gui_new\actionscript\red\game\witcher3\menus\meditation\clock.as' - is this a resource
[2026.08.27 18:56:33][Error][WCC] Failed to cook 'gameplay\gui_new\actionscript\red\game\witcher3\menus\meditation\clock.as' !
[2026.08.27 18:56:33][Info][WCC] Start cooking gameplay\gui_new\actionscript\red\game\witcher3\menus\meditation\meditationbonusitemrenderer.as
[2026.08.27 18:56:33][Error][WCC] Failed to load 'gameplay\gui_new\actionscript\red\game\witcher3\menus\meditation\meditationbonusitemrenderer.as' - is this a resource
[2026.08.27 18:56:33][Error][WCC] Failed to cook 'gameplay\gui_new\actionscript\red\game\witcher3\menus\meditation\meditationbonusitemrenderer.as' !
[2026.08.27 18:56:33][Info][WCC] Start cooking gameplay\gui_new\actionscript\red\game\witcher3\menus\meditation\meditationbonuspanel.as
[2026.08.27 18:56:33][Error][WCC] Failed to load 'gameplay\gui_new\actionscript\red\game\witcher3\menus\meditation\meditationbonuspanel.as' - is this a resource
[2026.08.27 18:56:33][Error][WCC] Failed to cook 'gameplay\gui_new\actionscript\red\game\witcher3\menus\meditation\meditationbonuspanel.as' !
[2026.08.27 18:56:33][Info][WCC] Start cooking gameplay\gui_new\actionscript\red\game\witcher3\menus\meditation\meditationclockmenu.as
[2026.08.27 18:56:33][Error][WCC] Failed to load 'gameplay\gui_new\actionscript\red\game\witcher3\menus\meditation\meditationclockmenu.as' - is this a resource
[2026.08.27 18:56:33][Error][WCC] Failed to cook 'gameplay\gui_new\actionscript\red\game\witcher3\menus\meditation\meditationclockmenu.as' !
[2026.08.27 18:56:33][Info][WCC] Start cooking gameplay\gui_new\actionscript\red\game\witcher3\menus\meditation\meditationlistitem.as
[2026.08.27 18:56:33][Error][WCC] Failed to load 'gameplay\gui_new\actionscript\red\game\witcher3\menus\meditation\meditationlistitem.as' - is this a resource
[2026.08.27 18:56:33][Error][WCC] Failed to cook 'gameplay\gui_new\actionscript\red\game\witcher3\menus\meditation\meditationlistitem.as' !
[2026.08.27 18:56:33][Info][WCC] Start cooking gameplay\gui_new\actionscript\red\game\witcher3\menus\meditation\meditationmainmodule.as
[2026.08.27 18:56:33][Error][WCC] Failed to load 'gameplay\gui_new\actionscript\red\game\witcher3\menus\meditation\meditationmainmodule.as' - is this a resource
[2026.08.27 18:56:33][Error][WCC] Failed to cook 'gameplay\gui_new\actionscript\red\game\witcher3\menus\meditation\meditationmainmodule.as' !
[2026.08.27 18:56:33][Info][WCC] Start cooking gameplay\gui_new\actionscript\red\game\witcher3\menus\meditation\meditationmenu.as
[2026.08.27 18:56:33][Error][WCC] Failed to load 'gameplay\gui_new\actionscript\red\game\witcher3\menus\meditation\meditationmenu.as' - is this a resource
[2026.08.27 18:56:33][Error][WCC] Failed to cook 'gameplay\gui_new\actionscript\red\game\witcher3\menus\meditation\meditationmenu.as' !
[2026.08.27 18:56:33][Info][WCC] Start cooking gameplay\gui_new\actionscript\red\game\witcher3\menus\meditation\w3meditationscrollinglist.as
[2026.08.27 18:56:33][Error][WCC] Failed to load 'gameplay\gui_new\actionscript\red\game\witcher3\menus\meditation\w3meditationscrollinglist.as' - is this a resource
[2026.08.27 18:56:33][Error][WCC] Failed to cook 'gameplay\gui_new\actionscript\red\game\witcher3\menus\meditation\w3meditationscrollinglist.as' !
[2026.08.27 18:56:33][Info][WCC] Start cooking gameplay\gui_new\actionscript\red\game\witcher3\menus\meditation_menu\clockindicator.as
[2026.08.27 18:56:33][Error][WCC] Failed to load 'gameplay\gui_new\actionscript\red\game\witcher3\menus\meditation_menu\clockindicator.as' - is this a resource
[2026.08.27 18:56:33][Error][WCC] Failed to cook 'gameplay\gui_new\actionscript\red\game\witcher3\menus\meditation_menu\clockindicator.as' !
[2026.08.27 18:56:33][Info][WCC] Start cooking gameplay\gui_new\actionscript\red\game\witcher3\menus\meditation_menu\dayquarterindicator.as
[2026.08.27 18:56:33][Error][WCC] Failed to load 'gameplay\gui_new\actionscript\red\game\witcher3\menus\meditation_menu\dayquarterindicator.as' - is this a resource
[2026.08.27 18:56:33][Error][WCC] Failed to cook 'gameplay\gui_new\actionscript\red\game\witcher3\menus\meditation_menu\dayquarterindicator.as' !
[2026.08.27 18:56:33][Info][WCC] Start cooking gameplay\gui_new\actionscript\red\game\witcher3\menus\meditation_menu\meditationclock.as
[2026.08.27 18:56:33][Error][WCC] Failed to load 'gameplay\gui_new\actionscript\red\game\witcher3\menus\meditation_menu\meditationclock.as' - is this a resource
[2026.08.27 18:56:33][Error][WCC] Failed to cook 'gameplay\gui_new\actionscript\red\game\witcher3\menus\meditation_menu\meditationclock.as' !
[2026.08.27 18:56:33][Info][WCC] Start cooking gameplay\gui_new\actionscript\red\game\witcher3\menus\meditation_menu\menumeditationclock.as
[2026.08.27 18:56:33][Error][WCC] Failed to load 'gameplay\gui_new\actionscript\red\game\witcher3\menus\meditation_menu\menumeditationclock.as' - is this a resource
[2026.08.27 18:56:33][Error][WCC] Failed to cook 'gameplay\gui_new\actionscript\red\game\witcher3\menus\meditation_menu\menumeditationclock.as' !
[2026.08.27 18:56:33][Info][WCC] Start cooking gameplay\gui_new\actionscript\red\game\witcher3\menus\noticeboard\noticeboardlistitem.as
[2026.08.27 18:56:33][Error][WCC] Failed to load 'gameplay\gui_new\actionscript\red\game\witcher3\menus\noticeboard\noticeboardlistitem.as' - is this a resource
[2026.08.27 18:56:33][Error][WCC] Failed to cook 'gameplay\gui_new\actionscript\red\game\witcher3\menus\noticeboard\noticeboardlistitem.as' !
[2026.08.27 18:56:33][Info][WCC] Start cooking gameplay\gui_new\actionscript\red\game\witcher3\menus\noticeboard\noticeboardmenu.as
[2026.08.27 18:56:33][Error][WCC] Failed to load 'gameplay\gui_new\actionscript\red\game\witcher3\menus\noticeboard\noticeboardmenu.as' - is this a resource
[2026.08.27 18:56:33][Error][WCC] Failed to cook 'gameplay\gui_new\actionscript\red\game\witcher3\menus\noticeboard\noticeboardmenu.as' !
[2026.08.27 18:56:33][Info][WCC] Start cooking gameplay\gui_new\actionscript\red\game\witcher3\menus\overlay\basepopup.as
[2026.08.27 18:56:33][Error][WCC] Failed to load 'gameplay\gui_new\actionscript\red\game\witcher3\menus\overlay\basepopup.as' - is this a resource
[2026.08.27 18:56:33][Error][WCC] Failed to cook 'gameplay\gui_new\actionscript\red\game\witcher3\menus\overlay\basepopup.as' !
[2026.08.27 18:56:33][Info][WCC] Start cooking gameplay\gui_new\actionscript\red\game\witcher3\menus\overlay\bookitemrenderer.as
[2026.08.27 18:56:33][Error][WCC] Failed to load 'gameplay\gui_new\actionscript\red\game\witcher3\menus\overlay\bookitemrenderer.as' - is this a resource
[2026.08.27 18:56:33][Error][WCC] Failed to cook 'gameplay\gui_new\actionscript\red\game\witcher3\menus\overlay\bookitemrenderer.as' !
[2026.08.27 18:56:33][Info][WCC] Start cooking gameplay\gui_new\actionscript\red\game\witcher3\menus\overlay\bookpopup.as
[2026.08.27 18:56:33][Error][WCC] Failed to load 'gameplay\gui_new\actionscript\red\game\witcher3\menus\overlay\bookpopup.as' - is this a resource
[2026.08.27 18:56:33][Error][WCC] Failed to cook 'gameplay\gui_new\actionscript\red\game\witcher3\menus\overlay\bookpopup.as' !
[2026.08.27 18:56:33][Info][WCC] Start cooking gameplay\gui_new\actionscript\red\game\witcher3\menus\overlay\confirmationpopup.as
[2026.08.27 18:56:33][Error][WCC] Failed to load 'gameplay\gui_new\actionscript\red\game\witcher3\menus\overlay\confirmationpopup.as' - is this a resource
[2026.08.27 18:56:33][Error][WCC] Failed to cook 'gameplay\gui_new\actionscript\red\game\witcher3\menus\overlay\confirmationpopup.as' !
[2026.08.27 18:56:33][Info][WCC] Start cooking gameplay\gui_new\actionscript\red\game\witcher3\menus\overlay\contextmenupopup.as
[2026.08.27 18:56:33][Error][WCC] Failed to load 'gameplay\gui_new\actionscript\red\game\witcher3\menus\overlay\contextmenupopup.as' - is this a resource
[2026.08.27 18:56:33][Error][WCC] Failed to cook 'gameplay\gui_new\actionscript\red\game\witcher3\menus\overlay\contextmenupopup.as' !
[2026.08.27 18:56:33][Info][WCC] Start cooking gameplay\gui_new\actionscript\red\game\witcher3\menus\overlay\iteminfopopup.as
[2026.08.27 18:56:33][Error][WCC] Failed to load 'gameplay\gui_new\actionscript\red\game\witcher3\menus\overlay\iteminfopopup.as' - is this a resource
[2026.08.27 18:56:33][Error][WCC] Failed to cook 'gameplay\gui_new\actionscript\red\game\witcher3\menus\overlay\iteminfopopup.as' !
[2026.08.27 18:56:33][Info][WCC] Start cooking gameplay\gui_new\actionscript\red\game\witcher3\menus\overlay\itemselectmenu.as
[2026.08.27 18:56:33][Error][WCC] Failed to load 'gameplay\gui_new\actionscript\red\game\witcher3\menus\overlay\itemselectmenu.as' - is this a resource
[2026.08.27 18:56:33][Error][WCC] Failed to cook 'gameplay\gui_new\actionscript\red\game\witcher3\menus\overlay\itemselectmenu.as' !
[2026.08.27 18:56:33][Info][WCC] Start cooking gameplay\gui_new\actionscript\red\game\witcher3\menus\overlay\overlaypanel.as
[2026.08.27 18:56:33][Error][WCC] Failed to load 'gameplay\gui_new\actionscript\red\game\witcher3\menus\overlay\overlaypanel.as' - is this a resource
[2026.08.27 18:56:33][Error][WCC] Failed to cook 'gameplay\gui_new\actionscript\red\game\witcher3\menus\overlay\overlaypanel.as' !
[2026.08.27 18:56:33][Info][WCC] Start cooking gameplay\gui_new\actionscript\red\game\witcher3\menus\overlay\paintingpopup.as
[2026.08.27 18:56:33][Error][WCC] Failed to load 'gameplay\gui_new\actionscript\red\game\witcher3\menus\overlay\paintingpopup.as' - is this a resource
[2026.08.27 18:56:33][Error][WCC] Failed to cook 'gameplay\gui_new\actionscript\red\game\witcher3\menus\overlay\paintingpopup.as' !
[2026.08.27 18:56:33][Info][WCC] Start cooking gameplay\gui_new\actionscript\red\game\witcher3\menus\overlay\priceconfirmationpopup.as
[2026.08.27 18:56:33][Error][WCC] Failed to load 'gameplay\gui_new\actionscript\red\game\witcher3\menus\overlay\priceconfirmationpopup.as' - is this a resource
[2026.08.27 18:56:33][Error][WCC] Failed to cook 'gameplay\gui_new\actionscript\red\game\witcher3\menus\overlay\priceconfirmationpopup.as' !
[2026.08.27 18:56:33][Info][WCC] Start cooking gameplay\gui_new\actionscript\red\game\witcher3\menus\overlay\quantitymonsterbarganingpopup.as
[2026.08.27 18:56:33][Error][WCC] Failed to load 'gameplay\gui_new\actionscript\red\game\witcher3\menus\overlay\quantitymonsterbarganingpopup.as' - is this a resource
[2026.08.27 18:56:33][Error][WCC] Failed to cook 'gameplay\gui_new\actionscript\red\game\witcher3\menus\overlay\quantitymonsterbarganingpopup.as' !
[2026.08.27 18:56:33][Info][WCC] Start cooking gameplay\gui_new\actionscript\red\game\witcher3\menus\overlay\quantitypopup.as
[2026.08.27 18:56:33][Error][WCC] Failed to load 'gameplay\gui_new\actionscript\red\game\witcher3\menus\overlay\quantitypopup.as' - is this a resource
[2026.08.27 18:56:33][Error][WCC] Failed to cook 'gameplay\gui_new\actionscript\red\game\witcher3\menus\overlay\quantitypopup.as' !
[2026.08.27 18:56:33][Info][WCC] Start cooking gameplay\gui_new\actionscript\red\game\witcher3\menus\overlay\tutorialblocker.as
[2026.08.27 18:56:33][Error][WCC] Failed to load 'gameplay\gui_new\actionscript\red\game\witcher3\menus\overlay\tutorialblocker.as' - is this a resource
[2026.08.27 18:56:33][Error][WCC] Failed to cook 'gameplay\gui_new\actionscript\red\game\witcher3\menus\overlay\tutorialblocker.as' !
[2026.08.27 18:56:33][Info][WCC] Start cooking gameplay\gui_new\actionscript\red\game\witcher3\menus\overlay\tutoriallist.as
[2026.08.27 18:56:33][Error][WCC] Failed to load 'gameplay\gui_new\actionscript\red\game\witcher3\menus\overlay\tutoriallist.as' - is this a resource
[2026.08.27 18:56:33][Error][WCC] Failed to cook 'gameplay\gui_new\actionscript\red\game\witcher3\menus\overlay\tutoriallist.as' !
[2026.08.27 18:56:33][Info][WCC] Start cooking gameplay\gui_new\actionscript\red\game\witcher3\menus\overlay\tutorialoverlay.as
[2026.08.27 18:56:33][Error][WCC] Failed to load 'gameplay\gui_new\actionscript\red\game\witcher3\menus\overlay\tutorialoverlay.as' - is this a resource
[2026.08.27 18:56:33][Error][WCC] Failed to cook 'gameplay\gui_new\actionscript\red\game\witcher3\menus\overlay\tutorialoverlay.as' !
[2026.08.27 18:56:33][Info][WCC] Start cooking gameplay\gui_new\actionscript\red\game\witcher3\menus\overlay\tutorialpopup.as
[2026.08.27 18:56:33][Error][WCC] Failed to load 'gameplay\gui_new\actionscript\red\game\witcher3\menus\overlay\tutorialpopup.as' - is this a resource
[2026.08.27 18:56:33][Error][WCC] Failed to cook 'gameplay\gui_new\actionscript\red\game\witcher3\menus\overlay\tutorialpopup.as' !
[2026.08.27 18:56:33][Info][WCC] Start cooking gameplay\gui_new\actionscript\red\game\witcher3\menus\overlay\tutorialpopuptitle.as
[2026.08.27 18:56:33][Error][WCC] Failed to load 'gameplay\gui_new\actionscript\red\game\witcher3\menus\overlay\tutorialpopuptitle.as' - is this a resource
[2026.08.27 18:56:33][Error][WCC] Failed to cook 'gameplay\gui_new\actionscript\red\game\witcher3\menus\overlay\tutorialpopuptitle.as' !
[2026.08.27 18:56:33][Info][WCC] Start cooking gameplay\gui_new\actionscript\red\game\witcher3\menus\perks_menu\menubookperks.as
[2026.08.27 18:56:33][Error][WCC] Failed to load 'gameplay\gui_new\actionscript\red\game\witcher3\menus\perks_menu\menubookperks.as' - is this a resource
[2026.08.27 18:56:33][Error][WCC] Failed to cook 'gameplay\gui_new\actionscript\red\game\witcher3\menus\perks_menu\menubookperks.as' !
[2026.08.27 18:56:33][Info][WCC] Start cooking gameplay\gui_new\actionscript\red\game\witcher3\menus\perks_menu\moduleskilllist.as
[2026.08.27 18:56:33][Error][WCC] Failed to load 'gameplay\gui_new\actionscript\red\game\witcher3\menus\perks_menu\moduleskilllist.as' - is this a resource
[2026.08.27 18:56:33][Error][WCC] Failed to cook 'gameplay\gui_new\actionscript\red\game\witcher3\menus\perks_menu\moduleskilllist.as' !
[2026.08.27 18:56:33][Info][WCC] Start cooking gameplay\gui_new\actionscript\red\game\witcher3\menus\photomode\photomodemenu.as
[2026.08.27 18:56:33][Error][WCC] Failed to load 'gameplay\gui_new\actionscript\red\game\witcher3\menus\photomode\photomodemenu.as' - is this a resource
[2026.08.27 18:56:33][Error][WCC] Failed to cook 'gameplay\gui_new\actionscript\red\game\witcher3\menus\photomode\photomodemenu.as' !
[2026.08.27 18:56:33][Info][WCC] Start cooking gameplay\gui_new\actionscript\red\game\witcher3\menus\photomode\photomodenotification.as
[2026.08.27 18:56:33][Error][WCC] Failed to load 'gameplay\gui_new\actionscript\red\game\witcher3\menus\photomode\photomodenotification.as' - is this a resource
[2026.08.27 18:56:33][Error][WCC] Failed to cook 'gameplay\gui_new\actionscript\red\game\witcher3\menus\photomode\photomodenotification.as' !
[2026.08.27 18:56:33][Info][WCC] Start cooking gameplay\gui_new\actionscript\red\game\witcher3\menus\photomode\photomodesliderdatamodel.as
[2026.08.27 18:56:33][Error][WCC] Failed to load 'gameplay\gui_new\actionscript\red\game\witcher3\menus\photomode\photomodesliderdatamodel.as' - is this a resource
[2026.08.27 18:56:33][Error][WCC] Failed to cook 'gameplay\gui_new\actionscript\red\game\witcher3\menus\photomode\photomodesliderdatamodel.as' !
[2026.08.27 18:56:33][Info][WCC] Start cooking gameplay\gui_new\actionscript\red\game\witcher3\menus\photomode\photomodesliderrenderer.as
[2026.08.27 18:56:33][Error][WCC] Failed to load 'gameplay\gui_new\actionscript\red\game\witcher3\menus\photomode\photomodesliderrenderer.as' - is this a resource
[2026.08.27 18:56:33][Error][WCC] Failed to cook 'gameplay\gui_new\actionscript\red\game\witcher3\menus\photomode\photomodesliderrenderer.as' !
[2026.08.27 18:56:33][Info][WCC] Start cooking gameplay\gui_new\actionscript\red\game\witcher3\menus\photomode\photomodetabbedmenu.as
[2026.08.27 18:56:33][Error][WCC] Failed to load 'gameplay\gui_new\actionscript\red\game\witcher3\menus\photomode\photomodetabbedmenu.as' - is this a resource
[2026.08.27 18:56:33][Error][WCC] Failed to cook 'gameplay\gui_new\actionscript\red\game\witcher3\menus\photomode\photomodetabbedmenu.as' !
[2026.08.27 18:56:33][Info][WCC] Start cooking gameplay\gui_new\actionscript\red\game\witcher3\menus\photomode\photomodetabrenderer.as
[2026.08.27 18:56:33][Error][WCC] Failed to load 'gameplay\gui_new\actionscript\red\game\witcher3\menus\photomode\photomodetabrenderer.as' - is this a resource
[2026.08.27 18:56:33][Error][WCC] Failed to cook 'gameplay\gui_new\actionscript\red\game\witcher3\menus\photomode\photomodetabrenderer.as' !
[2026.08.27 18:56:33][Info][WCC] Start cooking gameplay\gui_new\actionscript\red\game\witcher3\menus\poster\postermenu.as
[2026.08.27 18:56:33][Error][WCC] Failed to load 'gameplay\gui_new\actionscript\red\game\witcher3\menus\poster\postermenu.as' - is this a resource
[2026.08.27 18:56:33][Error][WCC] Failed to cook 'gameplay\gui_new\actionscript\red\game\witcher3\menus\poster\postermenu.as' !
[2026.08.27 18:56:33][Info][WCC] Start cooking gameplay\gui_new\actionscript\red\game\witcher3\menus\preparation\preparationmainmenu.as
[2026.08.27 18:56:33][Error][WCC] Failed to load 'gameplay\gui_new\actionscript\red\game\witcher3\menus\preparation\preparationmainmenu.as' - is this a resource
[2026.08.27 18:56:33][Error][WCC] Failed to cook 'gameplay\gui_new\actionscript\red\game\witcher3\menus\preparation\preparationmainmenu.as' !
[2026.08.27 18:56:33][Info][WCC] Start cooking gameplay\gui_new\actionscript\red\game\witcher3\menus\preparation\preparationmenubase.as
[2026.08.27 18:56:33][Error][WCC] Failed to load 'gameplay\gui_new\actionscript\red\game\witcher3\menus\preparation\preparationmenubase.as' - is this a resource
[2026.08.27 18:56:33][Error][WCC] Failed to cook 'gameplay\gui_new\actionscript\red\game\witcher3\menus\preparation\preparationmenubase.as' !
[2026.08.27 18:56:33][Info][WCC] Start cooking gameplay\gui_new\actionscript\red\game\witcher3\menus\preparation\preparationmutagensmenu.as
[2026.08.27 18:56:33][Error][WCC] Failed to load 'gameplay\gui_new\actionscript\red\game\witcher3\menus\preparation\preparationmutagensmenu.as' - is this a resource
[2026.08.27 18:56:33][Error][WCC] Failed to cook 'gameplay\gui_new\actionscript\red\game\witcher3\menus\preparation\preparationmutagensmenu.as' !
[2026.08.27 18:56:33][Info][WCC] Start cooking gameplay\gui_new\actionscript\red\game\witcher3\menus\preparation\preparationmutagenssublistmodule.as
[2026.08.27 18:56:33][Error][WCC] Failed to load 'gameplay\gui_new\actionscript\red\game\witcher3\menus\preparation\preparationmutagenssublistmodule.as' - is this a resource
[2026.08.27 18:56:33][Error][WCC] Failed to cook 'gameplay\gui_new\actionscript\red\game\witcher3\menus\preparation\preparationmutagenssublistmodule.as' !
[2026.08.27 18:56:33][Info][WCC] Start cooking gameplay\gui_new\actionscript\red\game\witcher3\menus\preparation\preparationoilsmenu.as
[2026.08.27 18:56:33][Error][WCC] Failed to load 'gameplay\gui_new\actionscript\red\game\witcher3\menus\preparation\preparationoilsmenu.as' - is this a resource
[2026.08.27 18:56:33][Error][WCC] Failed to cook 'gameplay\gui_new\actionscript\red\game\witcher3\menus\preparation\preparationoilsmenu.as' !
[2026.08.27 18:56:33][Info][WCC] Start cooking gameplay\gui_new\actionscript\red\game\witcher3\menus\preparation\preparationoilssublistmodule.as
[2026.08.27 18:56:33][Error][WCC] Failed to load 'gameplay\gui_new\actionscript\red\game\witcher3\menus\preparation\preparationoilssublistmodule.as' - is this a resource
[2026.08.27 18:56:33][Error][WCC] Failed to cook 'gameplay\gui_new\actionscript\red\game\witcher3\menus\preparation\preparationoilssublistmodule.as' !
[2026.08.27 18:56:33][Info][WCC] Start cooking gameplay\gui_new\actionscript\red\game\witcher3\menus\preparation\preparationpotionandbombssublistmodule.as
[2026.08.27 18:56:33][Error][WCC] Failed to load 'gameplay\gui_new\actionscript\red\game\witcher3\menus\preparation\preparationpotionandbombssublistmodule.as' - is this a resource
[2026.08.27 18:56:33][Error][WCC] Failed to cook 'gameplay\gui_new\actionscript\red\game\witcher3\menus\preparation\preparationpotionandbombssublistmodule.as' !
[2026.08.27 18:56:33][Info][WCC] Start cooking gameplay\gui_new\actionscript\red\game\witcher3\menus\preparation\preparationpotionsandbombsmenu.as
[2026.08.27 18:56:33][Error][WCC] Failed to load 'gameplay\gui_new\actionscript\red\game\witcher3\menus\preparation\preparationpotionsandbombsmenu.as' - is this a resource
[2026.08.27 18:56:33][Error][WCC] Failed to cook 'gameplay\gui_new\actionscript\red\game\witcher3\menus\preparation\preparationpotionsandbombsmenu.as' !
[2026.08.27 18:56:33][Info][WCC] Start cooking gameplay\gui_new\actionscript\red\game\witcher3\menus\preparation\preparationtabsmodule.as
[2026.08.27 18:56:33][Error][WCC] Failed to load 'gameplay\gui_new\actionscript\red\game\witcher3\menus\preparation\preparationtabsmodule.as' - is this a resource
[2026.08.27 18:56:33][Error][WCC] Failed to cook 'gameplay\gui_new\actionscript\red\game\witcher3\menus\preparation\preparationtabsmodule.as' !
[2026.08.27 18:56:33][Info][WCC] Start cooking gameplay\gui_new\actionscript\red\game\witcher3\menus\preparation\preparationtoxicitybarmodule.as
[2026.08.27 18:56:33][Error][WCC] Failed to load 'gameplay\gui_new\actionscript\red\game\witcher3\menus\preparation\preparationtoxicitybarmodule.as' - is this a resource
[2026.08.27 18:56:33][Error][WCC] Failed to cook 'gameplay\gui_new\actionscript\red\game\witcher3\menus\preparation\preparationtoxicitybarmodule.as' !
[2026.08.27 18:56:33][Info][WCC] Start cooking gameplay\gui_new\actionscript\red\game\witcher3\menus\preparation_menu\menupreparation.as
[2026.08.27 18:56:33][Error][WCC] Failed to load 'gameplay\gui_new\actionscript\red\game\witcher3\menus\preparation_menu\menupreparation.as' - is this a resource
[2026.08.27 18:56:33][Error][WCC] Failed to cook 'gameplay\gui_new\actionscript\red\game\witcher3\menus\preparation_menu\menupreparation.as' !
[2026.08.27 18:56:33][Info][WCC] Start cooking gameplay\gui_new\actionscript\red\game\witcher3\menus\preparation_menu\modulemonstertrack.as
[2026.08.27 18:56:33][Error][WCC] Failed to load 'gameplay\gui_new\actionscript\red\game\witcher3\menus\preparation_menu\modulemonstertrack.as' - is this a resource
[2026.08.27 18:56:33][Error][WCC] Failed to cook 'gameplay\gui_new\actionscript\red\game\witcher3\menus\preparation_menu\modulemonstertrack.as' !
[2026.08.27 18:56:33][Info][WCC] Start cooking gameplay\gui_new\actionscript\red\game\witcher3\menus\preparation_menu\modulepreparationslots.as
[2026.08.27 18:56:33][Error][WCC] Failed to load 'gameplay\gui_new\actionscript\red\game\witcher3\menus\preparation_menu\modulepreparationslots.as' - is this a resource
[2026.08.27 18:56:33][Error][WCC] Failed to cook 'gameplay\gui_new\actionscript\red\game\witcher3\menus\preparation_menu\modulepreparationslots.as' !
[2026.08.27 18:56:33][Info][WCC] Start cooking gameplay\gui_new\actionscript\red\game\witcher3\menus\preparation_menu\preparationdropdownmenu.as
[2026.08.27 18:56:33][Error][WCC] Failed to load 'gameplay\gui_new\actionscript\red\game\witcher3\menus\preparation_menu\preparationdropdownmenu.as' - is this a resource
[2026.08.27 18:56:33][Error][WCC] Failed to cook 'gameplay\gui_new\actionscript\red\game\witcher3\menus\preparation_menu\preparationdropdownmenu.as' !
[2026.08.27 18:56:33][Info][WCC] Start cooking gameplay\gui_new\actionscript\red\game\witcher3\menus\preparation_menu\preparationdropdownmenulistitem.as
[2026.08.27 18:56:33][Error][WCC] Failed to load 'gameplay\gui_new\actionscript\red\game\witcher3\menus\preparation_menu\preparationdropdownmenulistitem.as' - is this a resource
[2026.08.27 18:56:33][Error][WCC] Failed to cook 'gameplay\gui_new\actionscript\red\game\witcher3\menus\preparation_menu\preparationdropdownmenulistitem.as' !
[2026.08.27 18:56:33][Info][WCC] Start cooking gameplay\gui_new\actionscript\red\game\witcher3\menus\preparation_menu\preparationtabbedmodule.as
[2026.08.27 18:56:33][Error][WCC] Failed to load 'gameplay\gui_new\actionscript\red\game\witcher3\menus\preparation_menu\preparationtabbedmodule.as' - is this a resource
[2026.08.27 18:56:33][Error][WCC] Failed to cook 'gameplay\gui_new\actionscript\red\game\witcher3\menus\preparation_menu\preparationtabbedmodule.as' !
[2026.08.27 18:56:33][Info][WCC] Start cooking gameplay\gui_new\actionscript\red\game\witcher3\menus\preparation_menu\toxicitybar.as
[2026.08.27 18:56:33][Error][WCC] Failed to load 'gameplay\gui_new\actionscript\red\game\witcher3\menus\preparation_menu\toxicitybar.as' - is this a resource
[2026.08.27 18:56:33][Error][WCC] Failed to cook 'gameplay\gui_new\actionscript\red\game\witcher3\menus\preparation_menu\toxicitybar.as' !
[2026.08.27 18:56:33][Info][WCC] Start cooking gameplay\gui_new\actionscript\red\game\witcher3\menus\preparation_menu\trackedmonsterheader.as
[2026.08.27 18:56:33][Error][WCC] Failed to load 'gameplay\gui_new\actionscript\red\game\witcher3\menus\preparation_menu\trackedmonsterheader.as' - is this a resource
[2026.08.27 18:56:33][Error][WCC] Failed to cook 'gameplay\gui_new\actionscript\red\game\witcher3\menus\preparation_menu\trackedmonsterheader.as' !
[2026.08.27 18:56:33][Info][WCC] Start cooking gameplay\gui_new\actionscript\red\game\witcher3\menus\preparation_menu\trackedmonsterinfo.as
[2026.08.27 18:56:33][Error][WCC] Failed to load 'gameplay\gui_new\actionscript\red\game\witcher3\menus\preparation_menu\trackedmonsterinfo.as' - is this a resource
[2026.08.27 18:56:33][Error][WCC] Failed to cook 'gameplay\gui_new\actionscript\red\game\witcher3\menus\preparation_menu\trackedmonsterinfo.as' !
[2026.08.27 18:56:33][Info][WCC] Start cooking gameplay\gui_new\actionscript\red\game\witcher3\menus\preparation_menu\trackedmonsterrecommend.as
[2026.08.27 18:56:33][Error][WCC] Failed to load 'gameplay\gui_new\actionscript\red\game\witcher3\menus\preparation_menu\trackedmonsterrecommend.as' - is this a resource
[2026.08.27 18:56:33][Error][WCC] Failed to cook 'gameplay\gui_new\actionscript\red\game\witcher3\menus\preparation_menu\trackedmonsterrecommend.as' !
[2026.08.27 18:56:33][Info][WCC] Start cooking gameplay\gui_new\actionscript\red\game\witcher3\menus\ryan_alchemy\alchemypanel.as
[2026.08.27 18:56:33][Error][WCC] Failed to load 'gameplay\gui_new\actionscript\red\game\witcher3\menus\ryan_alchemy\alchemypanel.as' - is this a resource
[2026.08.27 18:56:33][Error][WCC] Failed to cook 'gameplay\gui_new\actionscript\red\game\witcher3\menus\ryan_alchemy\alchemypanel.as' !
[2026.08.27 18:56:33][Info][WCC] Start cooking gameplay\gui_new\actionscript\red\game\witcher3\menus\ryan_alchemy\recipelistitem.as
[2026.08.27 18:56:33][Error][WCC] Failed to load 'gameplay\gui_new\actionscript\red\game\witcher3\menus\ryan_alchemy\recipelistitem.as' - is this a resource
[2026.08.27 18:56:33][Error][WCC] Failed to cook 'gameplay\gui_new\actionscript\red\game\witcher3\menus\ryan_alchemy\recipelistitem.as' !
[2026.08.27 18:56:33][Info][WCC] Start cooking gameplay\gui_new\actionscript\red\game\witcher3\menus\startscreen\startscreenmenu.as
[2026.08.27 18:56:33][Error][WCC] Failed to load 'gameplay\gui_new\actionscript\red\game\witcher3\menus\startscreen\startscreenmenu.as' - is this a resource
[2026.08.27 18:56:33][Error][WCC] Failed to cook 'gameplay\gui_new\actionscript\red\game\witcher3\menus\startscreen\startscreenmenu.as' !
[2026.08.27 18:56:33][Info][WCC] Start cooking gameplay\gui_new\actionscript\red\game\witcher3\menus\startscreen\startscreenmenuep1.as
[2026.08.27 18:56:33][Error][WCC] Failed to load 'gameplay\gui_new\actionscript\red\game\witcher3\menus\startscreen\startscreenmenuep1.as' - is this a resource
[2026.08.27 18:56:33][Error][WCC] Failed to cook 'gameplay\gui_new\actionscript\red\game\witcher3\menus\startscreen\startscreenmenuep1.as' !
[2026.08.27 18:56:33][Info][WCC] Start cooking gameplay\gui_new\actionscript\red\game\witcher3\menus\startscreen\startscreenmenuep2.as
[2026.08.27 18:56:33][Error][WCC] Failed to load 'gameplay\gui_new\actionscript\red\game\witcher3\menus\startscreen\startscreenmenuep2.as' - is this a resource
[2026.08.27 18:56:33][Error][WCC] Failed to cook 'gameplay\gui_new\actionscript\red\game\witcher3\menus\startscreen\startscreenmenuep2.as' !
[2026.08.27 18:56:33][Info][WCC] Start cooking gameplay\gui_new\actionscript\red\game\witcher3\menus\startscreen\w3startscreenvideoobject.as
[2026.08.27 18:56:33][Error][WCC] Failed to load 'gameplay\gui_new\actionscript\red\game\witcher3\menus\startscreen\w3startscreenvideoobject.as' - is this a resource
[2026.08.27 18:56:33][Error][WCC] Failed to cook 'gameplay\gui_new\actionscript\red\game\witcher3\menus\startscreen\w3startscreenvideoobject.as' !
[2026.08.27 18:56:33][Info][WCC] Start cooking gameplay\gui_new\actionscript\red\game\witcher3\menus\startup\startup1menu.as
[2026.08.27 18:56:33][Error][WCC] Failed to load 'gameplay\gui_new\actionscript\red\game\witcher3\menus\startup\startup1menu.as' - is this a resource
[2026.08.27 18:56:33][Error][WCC] Failed to cook 'gameplay\gui_new\actionscript\red\game\witcher3\menus\startup\startup1menu.as' !
[2026.08.27 18:56:33][Info][WCC] Start cooking gameplay\gui_new\actionscript\red\game\witcher3\menus\testmap\testmenu.as
[2026.08.27 18:56:33][Error][WCC] Failed to load 'gameplay\gui_new\actionscript\red\game\witcher3\menus\testmap\testmenu.as' - is this a resource
[2026.08.27 18:56:33][Error][WCC] Failed to cook 'gameplay\gui_new\actionscript\red\game\witcher3\menus\testmap\testmenu.as' !
[2026.08.27 18:56:33][Info][WCC] Start cooking gameplay\gui_new\actionscript\red\game\witcher3\menus\uirescale\uirescalemenu.as
[2026.08.27 18:56:33][Error][WCC] Failed to load 'gameplay\gui_new\actionscript\red\game\witcher3\menus\uirescale\uirescalemenu.as' - is this a resource
[2026.08.27 18:56:33][Error][WCC] Failed to cook 'gameplay\gui_new\actionscript\red\game\witcher3\menus\uirescale\uirescalemenu.as' !
[2026.08.27 18:56:33][Info][WCC] Start cooking gameplay\gui_new\actionscript\red\game\witcher3\menus\worldmap\basemap.as
[2026.08.27 18:56:33][Error][WCC] Failed to load 'gameplay\gui_new\actionscript\red\game\witcher3\menus\worldmap\basemap.as' - is this a resource
[2026.08.27 18:56:33][Error][WCC] Failed to cook 'gameplay\gui_new\actionscript\red\game\witcher3\menus\worldmap\basemap.as' !
[2026.08.27 18:56:33][Info][WCC] Start cooking gameplay\gui_new\actionscript\red\game\witcher3\menus\worldmap\currentquestmaphint.as
[2026.08.27 18:56:33][Error][WCC] Failed to load 'gameplay\gui_new\actionscript\red\game\witcher3\menus\worldmap\currentquestmaphint.as' - is this a resource
[2026.08.27 18:56:33][Error][WCC] Failed to cook 'gameplay\gui_new\actionscript\red\game\witcher3\menus\worldmap\currentquestmaphint.as' !
[2026.08.27 18:56:33][Info][WCC] Start cooking gameplay\gui_new\actionscript\red\game\witcher3\menus\worldmap\data\categorydata.as
[2026.08.27 18:56:33][Error][WCC] Failed to load 'gameplay\gui_new\actionscript\red\game\witcher3\menus\worldmap\data\categorydata.as' - is this a resource
[2026.08.27 18:56:33][Error][WCC] Failed to cook 'gameplay\gui_new\actionscript\red\game\witcher3\menus\worldmap\data\categorydata.as' !
[2026.08.27 18:56:33][Info][WCC] Start cooking gameplay\gui_new\actionscript\red\game\witcher3\menus\worldmap\data\categorypindata.as
[2026.08.27 18:56:33][Error][WCC] Failed to load 'gameplay\gui_new\actionscript\red\game\witcher3\menus\worldmap\data\categorypindata.as' - is this a resource
[2026.08.27 18:56:33][Error][WCC] Failed to cook 'gameplay\gui_new\actionscript\red\game\witcher3\menus\worldmap\data\categorypindata.as' !
[2026.08.27 18:56:33][Info][WCC] Start cooking gameplay\gui_new\actionscript\red\game\witcher3\menus\worldmap\data\categorypininstancedata.as
[2026.08.27 18:56:33][Error][WCC] Failed to load 'gameplay\gui_new\actionscript\red\game\witcher3\menus\worldmap\data\categorypininstancedata.as' - is this a resource
[2026.08.27 18:56:33][Error][WCC] Failed to cook 'gameplay\gui_new\actionscript\red\game\witcher3\menus\worldmap\data\categorypininstancedata.as' !
[2026.08.27 18:56:33][Info][WCC] Start cooking gameplay\gui_new\actionscript\red\game\witcher3\menus\worldmap\filteredpinrenderer.as
[2026.08.27 18:56:33][Error][WCC] Failed to load 'gameplay\gui_new\actionscript\red\game\witcher3\menus\worldmap\filteredpinrenderer.as' - is this a resource
[2026.08.27 18:56:33][Error][WCC] Failed to cook 'gameplay\gui_new\actionscript\red\game\witcher3\menus\worldmap\filteredpinrenderer.as' !
[2026.08.27 18:56:33][Info][WCC] Start cooking gameplay\gui_new\actionscript\red\game\witcher3\menus\worldmap\hubmap.as
[2026.08.27 18:56:33][Error][WCC] Failed to load 'gameplay\gui_new\actionscript\red\game\witcher3\menus\worldmap\hubmap.as' - is this a resource
[2026.08.27 18:56:33][Error][WCC] Failed to cook 'gameplay\gui_new\actionscript\red\game\witcher3\menus\worldmap\hubmap.as' !
[2026.08.27 18:56:33][Info][WCC] Start cooking gameplay\gui_new\actionscript\red\game\witcher3\menus\worldmap\hubmapcontainer.as
[2026.08.27 18:56:33][Error][WCC] Failed to load 'gameplay\gui_new\actionscript\red\game\witcher3\menus\worldmap\hubmapcontainer.as' - is this a resource
[2026.08.27 18:56:33][Error][WCC] Failed to cook 'gameplay\gui_new\actionscript\red\game\witcher3\menus\worldmap\hubmapcontainer.as' !
[2026.08.27 18:56:33][Info][WCC] Start cooking gameplay\gui_new\actionscript\red\game\witcher3\menus\worldmap\hubmappincategoryitemrenderer.as
[2026.08.27 18:56:33][Error][WCC] Failed to load 'gameplay\gui_new\actionscript\red\game\witcher3\menus\worldmap\hubmappincategoryitemrenderer.as' - is this a resource
[2026.08.27 18:56:33][Error][WCC] Failed to cook 'gameplay\gui_new\actionscript\red\game\witcher3\menus\worldmap\hubmappincategoryitemrenderer.as' !
[2026.08.27 18:56:33][Info][WCC] Start cooking gameplay\gui_new\actionscript\red\game\witcher3\menus\worldmap\hubmappincontainer.as
[2026.08.27 18:56:33][Error][WCC] Failed to load 'gameplay\gui_new\actionscript\red\game\witcher3\menus\worldmap\hubmappincontainer.as' - is this a resource
[2026.08.27 18:56:33][Error][WCC] Failed to cook 'gameplay\gui_new\actionscript\red\game\witcher3\menus\worldmap\hubmappincontainer.as' !
[2026.08.27 18:56:33][Info][WCC] Start cooking gameplay\gui_new\actionscript\red\game\witcher3\menus\worldmap\hubmappinpanel.as
[2026.08.27 18:56:33][Error][WCC] Failed to load 'gameplay\gui_new\actionscript\red\game\witcher3\menus\worldmap\hubmappinpanel.as' - is this a resource
[2026.08.27 18:56:33][Error][WCC] Failed to cook 'gameplay\gui_new\actionscript\red\game\witcher3\menus\worldmap\hubmappinpanel.as' !
[2026.08.27 18:56:33][Info][WCC] Start cooking gameplay\gui_new\actionscript\red\game\witcher3\menus\worldmap\hubmappreview.as
[2026.08.27 18:56:33][Error][WCC] Failed to load 'gameplay\gui_new\actionscript\red\game\witcher3\menus\worldmap\hubmappreview.as' - is this a resource
[2026.08.27 18:56:33][Error][WCC] Failed to cook 'gameplay\gui_new\actionscript\red\game\witcher3\menus\worldmap\hubmappreview.as' !
[2026.08.27 18:56:33][Info][WCC] Start cooking gameplay\gui_new\actionscript\red\game\witcher3\menus\worldmap\hubmappreviewzoomcontainer.as
[2026.08.27 18:56:33][Error][WCC] Failed to load 'gameplay\gui_new\actionscript\red\game\witcher3\menus\worldmap\hubmappreviewzoomcontainer.as' - is this a resource
[2026.08.27 18:56:33][Error][WCC] Failed to cook 'gameplay\gui_new\actionscript\red\game\witcher3\menus\worldmap\hubmappreviewzoomcontainer.as' !
[2026.08.27 18:56:33][Info][WCC] Start cooking gameplay\gui_new\actionscript\red\game\witcher3\menus\worldmap\hubmapquesttracker.as
[2026.08.27 18:56:33][Error][WCC] Failed to load 'gameplay\gui_new\actionscript\red\game\witcher3\menus\worldmap\hubmapquesttracker.as' - is this a resource
[2026.08.27 18:56:33][Error][WCC] Failed to cook 'gameplay\gui_new\actionscript\red\game\witcher3\menus\worldmap\hubmapquesttracker.as' !
[2026.08.27 18:56:33][Info][WCC] Start cooking gameplay\gui_new\actionscript\red\game\witcher3\menus\worldmap\hubmapquesttrackeritemrenderer.as
[2026.08.27 18:56:33][Error][WCC] Failed to load 'gameplay\gui_new\actionscript\red\game\witcher3\menus\worldmap\hubmapquesttrackeritemrenderer.as' - is this a resource
[2026.08.27 18:56:33][Error][WCC] Failed to cook 'gameplay\gui_new\actionscript\red\game\witcher3\menus\worldmap\hubmapquesttrackeritemrenderer.as' !
[2026.08.27 18:56:33][Info][WCC] Start cooking gameplay\gui_new\actionscript\red\game\witcher3\menus\worldmap\hubmaptile.as
[2026.08.27 18:56:33][Error][WCC] Failed to load 'gameplay\gui_new\actionscript\red\game\witcher3\menus\worldmap\hubmaptile.as' - is this a resource
[2026.08.27 18:56:33][Error][WCC] Failed to cook 'gameplay\gui_new\actionscript\red\game\witcher3\menus\worldmap\hubmaptile.as' !
[2026.08.27 18:56:33][Info][WCC] Start cooking gameplay\gui_new\actionscript\red\game\witcher3\menus\worldmap\hubmaptileloader.as
[2026.08.27 18:56:33][Error][WCC] Failed to load 'gameplay\gui_new\actionscript\red\game\witcher3\menus\worldmap\hubmaptileloader.as' - is this a resource
[2026.08.27 18:56:33][Error][WCC] Failed to cook 'gameplay\gui_new\actionscript\red\game\witcher3\menus\worldmap\hubmaptileloader.as' !
[2026.08.27 18:56:33][Info][WCC] Start cooking gameplay\gui_new\actionscript\red\game\witcher3\menus\worldmap\hubmapzoomcontainer.as
[2026.08.27 18:56:33][Error][WCC] Failed to load 'gameplay\gui_new\actionscript\red\game\witcher3\menus\worldmap\hubmapzoomcontainer.as' - is this a resource
[2026.08.27 18:56:33][Error][WCC] Failed to cook 'gameplay\gui_new\actionscript\red\game\witcher3\menus\worldmap\hubmapzoomcontainer.as' !
[2026.08.27 18:56:33][Info][WCC] Start cooking gameplay\gui_new\actionscript\red\game\witcher3\menus\worldmap\imagecontainer.as
[2026.08.27 18:56:33][Error][WCC] Failed to load 'gameplay\gui_new\actionscript\red\game\witcher3\menus\worldmap\imagecontainer.as' - is this a resource
[2026.08.27 18:56:33][Error][WCC] Failed to cook 'gameplay\gui_new\actionscript\red\game\witcher3\menus\worldmap\imagecontainer.as' !
[2026.08.27 18:56:33][Info][WCC] Start cooking gameplay\gui_new\actionscript\red\game\witcher3\menus\worldmap\interiormap.as
[2026.08.27 18:56:33][Error][WCC] Failed to load 'gameplay\gui_new\actionscript\red\game\witcher3\menus\worldmap\interiormap.as' - is this a resource
[2026.08.27 18:56:33][Error][WCC] Failed to cook 'gameplay\gui_new\actionscript\red\game\witcher3\menus\worldmap\interiormap.as' !
[2026.08.27 18:56:33][Info][WCC] Start cooking gameplay\gui_new\actionscript\red\game\witcher3\menus\worldmap\lodcontainer.as
[2026.08.27 18:56:33][Error][WCC] Failed to load 'gameplay\gui_new\actionscript\red\game\witcher3\menus\worldmap\lodcontainer.as' - is this a resource
[2026.08.27 18:56:33][Error][WCC] Failed to cook 'gameplay\gui_new\actionscript\red\game\witcher3\menus\worldmap\lodcontainer.as' !
[2026.08.27 18:56:33][Info][WCC] Start cooking gameplay\gui_new\actionscript\red\game\witcher3\menus\worldmap\mapcrosshair.as
[2026.08.27 18:56:33][Error][WCC] Failed to load 'gameplay\gui_new\actionscript\red\game\witcher3\menus\worldmap\mapcrosshair.as' - is this a resource
[2026.08.27 18:56:33][Error][WCC] Failed to cook 'gameplay\gui_new\actionscript\red\game\witcher3\menus\worldmap\mapcrosshair.as' !
[2026.08.27 18:56:33][Info][WCC] Start cooking gameplay\gui_new\actionscript\red\game\witcher3\menus\worldmap\mapmenu.as
[2026.08.27 18:56:33][Error][WCC] Failed to load 'gameplay\gui_new\actionscript\red\game\witcher3\menus\worldmap\mapmenu.as' - is this a resource
[2026.08.27 18:56:33][Error][WCC] Failed to cook 'gameplay\gui_new\actionscript\red\game\witcher3\menus\worldmap\mapmenu.as' !
[2026.08.27 18:56:33][Info][WCC] Start cooking gameplay\gui_new\actionscript\red\game\witcher3\menus\worldmap\pinpointersmanager.as
[2026.08.27 18:56:33][Error][WCC] Failed to load 'gameplay\gui_new\actionscript\red\game\witcher3\menus\worldmap\pinpointersmanager.as' - is this a resource
[2026.08.27 18:56:33][Error][WCC] Failed to cook 'gameplay\gui_new\actionscript\red\game\witcher3\menus\worldmap\pinpointersmanager.as' !
[2026.08.27 18:56:33][Info][WCC] Start cooking gameplay\gui_new\actionscript\red\game\witcher3\menus\worldmap\staticmappindescribed.as
[2026.08.27 18:56:33][Error][WCC] Failed to load 'gameplay\gui_new\actionscript\red\game\witcher3\menus\worldmap\staticmappindescribed.as' - is this a resource
[2026.08.27 18:56:33][Error][WCC] Failed to cook 'gameplay\gui_new\actionscript\red\game\witcher3\menus\worldmap\staticmappindescribed.as' !
[2026.08.27 18:56:33][Info][WCC] Start cooking gameplay\gui_new\actionscript\red\game\witcher3\menus\worldmap\staticmappinpreviewdescribed.as
[2026.08.27 18:56:33][Error][WCC] Failed to load 'gameplay\gui_new\actionscript\red\game\witcher3\menus\worldmap\staticmappinpreviewdescribed.as' - is this a resource
[2026.08.27 18:56:33][Error][WCC] Failed to cook 'gameplay\gui_new\actionscript\red\game\witcher3\menus\worldmap\staticmappinpreviewdescribed.as' !
[2026.08.27 18:56:33][Info][WCC] Start cooking gameplay\gui_new\actionscript\red\game\witcher3\menus\worldmap\universearea.as
[2026.08.27 18:56:33][Error][WCC] Failed to load 'gameplay\gui_new\actionscript\red\game\witcher3\menus\worldmap\universearea.as' - is this a resource
[2026.08.27 18:56:33][Error][WCC] Failed to cook 'gameplay\gui_new\actionscript\red\game\witcher3\menus\worldmap\universearea.as' !
[2026.08.27 18:56:33][Info][WCC] Start cooking gameplay\gui_new\actionscript\red\game\witcher3\menus\worldmap\universemap.as
[2026.08.27 18:56:33][Error][WCC] Failed to load 'gameplay\gui_new\actionscript\red\game\witcher3\menus\worldmap\universemap.as' - is this a resource
[2026.08.27 18:56:33][Error][WCC] Failed to cook 'gameplay\gui_new\actionscript\red\game\witcher3\menus\worldmap\universemap.as' !
[2026.08.27 18:56:33][Info][WCC] Start cooking gameplay\gui_new\actionscript\red\game\witcher3\menus\worldmap\universemapcontainer.as
[2026.08.27 18:56:33][Error][WCC] Failed to load 'gameplay\gui_new\actionscript\red\game\witcher3\menus\worldmap\universemapcontainer.as' - is this a resource
[2026.08.27 18:56:33][Error][WCC] Failed to cook 'gameplay\gui_new\actionscript\red\game\witcher3\menus\worldmap\universemapcontainer.as' !
[2026.08.27 18:56:33][Info][WCC] Start cooking gameplay\gui_new\actionscript\red\game\witcher3\menus\worldmap\userpinitemrenderer.as
[2026.08.27 18:56:33][Error][WCC] Failed to load 'gameplay\gui_new\actionscript\red\game\witcher3\menus\worldmap\userpinitemrenderer.as' - is this a resource
[2026.08.27 18:56:33][Error][WCC] Failed to cook 'gameplay\gui_new\actionscript\red\game\witcher3\menus\worldmap\userpinitemrenderer.as' !
[2026.08.27 18:56:33][Info][WCC] Start cooking gameplay\gui_new\actionscript\red\game\witcher3\menus\worldmap\userpinpanel.as
[2026.08.27 18:56:33][Error][WCC] Failed to load 'gameplay\gui_new\actionscript\red\game\witcher3\menus\worldmap\userpinpanel.as' - is this a resource
[2026.08.27 18:56:33][Error][WCC] Failed to cook 'gameplay\gui_new\actionscript\red\game\witcher3\menus\worldmap\userpinpanel.as' !
[2026.08.27 18:56:33][Info][WCC] Start cooking gameplay\gui_new\actionscript\red\game\witcher3\menus\worldmap\zoomboundary.as
[2026.08.27 18:56:33][Error][WCC] Failed to load 'gameplay\gui_new\actionscript\red\game\witcher3\menus\worldmap\zoomboundary.as' - is this a resource
[2026.08.27 18:56:33][Error][WCC] Failed to cook 'gameplay\gui_new\actionscript\red\game\witcher3\menus\worldmap\zoomboundary.as' !
[2026.08.27 18:56:33][Info][WCC] Start cooking gameplay\gui_new\actionscript\red\game\witcher3\modules\collapsabletabbedlistmodule.as
[2026.08.27 18:56:33][Error][WCC] Failed to load 'gameplay\gui_new\actionscript\red\game\witcher3\modules\collapsabletabbedlistmodule.as' - is this a resource
[2026.08.27 18:56:33][Error][WCC] Failed to cook 'gameplay\gui_new\actionscript\red\game\witcher3\modules\collapsabletabbedlistmodule.as' !
[2026.08.27 18:56:33][Info][WCC] Start cooking gameplay\gui_new\actionscript\red\game\witcher3\modules\itemtooltipmodule.as
[2026.08.27 18:56:33][Error][WCC] Failed to load 'gameplay\gui_new\actionscript\red\game\witcher3\modules\itemtooltipmodule.as' - is this a resource
[2026.08.27 18:56:33][Error][WCC] Failed to cook 'gameplay\gui_new\actionscript\red\game\witcher3\modules\itemtooltipmodule.as' !
[2026.08.27 18:56:33][Info][WCC] Start cooking gameplay\gui_new\actionscript\red\game\witcher3\modules\simplelistmodule.as
[2026.08.27 18:56:33][Error][WCC] Failed to load 'gameplay\gui_new\actionscript\red\game\witcher3\modules\simplelistmodule.as' - is this a resource
[2026.08.27 18:56:33][Error][WCC] Failed to cook 'gameplay\gui_new\actionscript\red\game\witcher3\modules\simplelistmodule.as' !
[2026.08.27 18:56:33][Info][WCC] Start cooking gameplay\gui_new\actionscript\red\game\witcher3\modules\tabbedscrollinglistmodule.as
[2026.08.27 18:56:33][Error][WCC] Failed to load 'gameplay\gui_new\actionscript\red\game\witcher3\modules\tabbedscrollinglistmodule.as' - is this a resource
[2026.08.27 18:56:33][Error][WCC] Failed to cook 'gameplay\gui_new\actionscript\red\game\witcher3\modules\tabbedscrollinglistmodule.as' !
[2026.08.27 18:56:33][Info][WCC] Start cooking gameplay\gui_new\actionscript\red\game\witcher3\popups\itemselectionpopupmenu.as
[2026.08.27 18:56:33][Error][WCC] Failed to load 'gameplay\gui_new\actionscript\red\game\witcher3\popups\itemselectionpopupmenu.as' - is this a resource
[2026.08.27 18:56:33][Error][WCC] Failed to cook 'gameplay\gui_new\actionscript\red\game\witcher3\popups\itemselectionpopupmenu.as' !
[2026.08.27 18:56:33][Info][WCC] Start cooking gameplay\gui_new\actionscript\red\game\witcher3\popups\lootpopupmenu.as
[2026.08.27 18:56:33][Error][WCC] Failed to load 'gameplay\gui_new\actionscript\red\game\witcher3\popups\lootpopupmenu.as' - is this a resource
[2026.08.27 18:56:33][Error][WCC] Failed to cook 'gameplay\gui_new\actionscript\red\game\witcher3\popups\lootpopupmenu.as' !
[2026.08.27 18:56:33][Info][WCC] Start cooking gameplay\gui_new\actionscript\red\game\witcher3\popups\messagepopupmenu.as
[2026.08.27 18:56:33][Error][WCC] Failed to load 'gameplay\gui_new\actionscript\red\game\witcher3\popups\messagepopupmenu.as' - is this a resource
[2026.08.27 18:56:33][Error][WCC] Failed to cook 'gameplay\gui_new\actionscript\red\game\witcher3\popups\messagepopupmenu.as' !
[2026.08.27 18:56:33][Info][WCC] Start cooking gameplay\gui_new\actionscript\red\game\witcher3\popups\notificationmodule.as
[2026.08.27 18:56:33][Error][WCC] Failed to load 'gameplay\gui_new\actionscript\red\game\witcher3\popups\notificationmodule.as' - is this a resource
[2026.08.27 18:56:33][Error][WCC] Failed to cook 'gameplay\gui_new\actionscript\red\game\witcher3\popups\notificationmodule.as' !
[2026.08.27 18:56:33][Info][WCC] Start cooking gameplay\gui_new\actionscript\red\game\witcher3\popups\overlaypopupmenu.as
[2026.08.27 18:56:33][Error][WCC] Failed to load 'gameplay\gui_new\actionscript\red\game\witcher3\popups\overlaypopupmenu.as' - is this a resource
[2026.08.27 18:56:33][Error][WCC] Failed to cook 'gameplay\gui_new\actionscript\red\game\witcher3\popups\overlaypopupmenu.as' !
[2026.08.27 18:56:33][Info][WCC] Start cooking gameplay\gui_new\actionscript\red\game\witcher3\popups\psopopup.as
[2026.08.27 18:56:33][Error][WCC] Failed to load 'gameplay\gui_new\actionscript\red\game\witcher3\popups\psopopup.as' - is this a resource
[2026.08.27 18:56:33][Error][WCC] Failed to cook 'gameplay\gui_new\actionscript\red\game\witcher3\popups\psopopup.as' !
[2026.08.27 18:56:33][Info][WCC] Start cooking gameplay\gui_new\actionscript\red\game\witcher3\popups\systemmessagemodule.as
[2026.08.27 18:56:33][Error][WCC] Failed to load 'gameplay\gui_new\actionscript\red\game\witcher3\popups\systemmessagemodule.as' - is this a resource
[2026.08.27 18:56:33][Error][WCC] Failed to cook 'gameplay\gui_new\actionscript\red\game\witcher3\popups\systemmessagemodule.as' !
[2026.08.27 18:56:33][Info][WCC] Start cooking gameplay\gui_new\actionscript\red\game\witcher3\popups\test\test2popup.as
[2026.08.27 18:56:33][Error][WCC] Failed to load 'gameplay\gui_new\actionscript\red\game\witcher3\popups\test\test2popup.as' - is this a resource
[2026.08.27 18:56:33][Error][WCC] Failed to cook 'gameplay\gui_new\actionscript\red\game\witcher3\popups\test\test2popup.as' !
[2026.08.27 18:56:33][Info][WCC] Start cooking gameplay\gui_new\actionscript\red\game\witcher3\popups\test\testpopup.as
[2026.08.27 18:56:33][Error][WCC] Failed to load 'gameplay\gui_new\actionscript\red\game\witcher3\popups\test\testpopup.as' - is this a resource
[2026.08.27 18:56:33][Error][WCC] Failed to cook 'gameplay\gui_new\actionscript\red\game\witcher3\popups\test\testpopup.as' !
[2026.08.27 18:56:33][Info][WCC] Start cooking gameplay\gui_new\actionscript\red\game\witcher3\popups\tutorialpopupmenu.as
[2026.08.27 18:56:33][Error][WCC] Failed to load 'gameplay\gui_new\actionscript\red\game\witcher3\popups\tutorialpopupmenu.as' - is this a resource
[2026.08.27 18:56:33][Error][WCC] Failed to cook 'gameplay\gui_new\actionscript\red\game\witcher3\popups\tutorialpopupmenu.as' !
[2026.08.27 18:56:33][Info][WCC] Start cooking gameplay\gui_new\actionscript\red\game\witcher3\slots\slotbase.as
[2026.08.27 18:56:33][Error][WCC] Failed to load 'gameplay\gui_new\actionscript\red\game\witcher3\slots\slotbase.as' - is this a resource
[2026.08.27 18:56:33][Error][WCC] Failed to cook 'gameplay\gui_new\actionscript\red\game\witcher3\slots\slotbase.as' !
[2026.08.27 18:56:33][Info][WCC] Start cooking gameplay\gui_new\actionscript\red\game\witcher3\slots\slotcrafting.as
[2026.08.27 18:56:33][Error][WCC] Failed to load 'gameplay\gui_new\actionscript\red\game\witcher3\slots\slotcrafting.as' - is this a resource
[2026.08.27 18:56:33][Error][WCC] Failed to cook 'gameplay\gui_new\actionscript\red\game\witcher3\slots\slotcrafting.as' !
[2026.08.27 18:56:33][Info][WCC] Start cooking gameplay\gui_new\actionscript\red\game\witcher3\slots\slotdragavatar.as
[2026.08.27 18:56:33][Error][WCC] Failed to load 'gameplay\gui_new\actionscript\red\game\witcher3\slots\slotdragavatar.as' - is this a resource
[2026.08.27 18:56:33][Error][WCC] Failed to cook 'gameplay\gui_new\actionscript\red\game\witcher3\slots\slotdragavatar.as' !
[2026.08.27 18:56:33][Info][WCC] Start cooking gameplay\gui_new\actionscript\red\game\witcher3\slots\slotdummy.as
[2026.08.27 18:56:33][Error][WCC] Failed to load 'gameplay\gui_new\actionscript\red\game\witcher3\slots\slotdummy.as' - is this a resource
[2026.08.27 18:56:33][Error][WCC] Failed to cook 'gameplay\gui_new\actionscript\red\game\witcher3\slots\slotdummy.as' !
[2026.08.27 18:56:33][Info][WCC] Start cooking gameplay\gui_new\actionscript\red\game\witcher3\slots\slotinventorygrid.as
[2026.08.27 18:56:33][Error][WCC] Failed to load 'gameplay\gui_new\actionscript\red\game\witcher3\slots\slotinventorygrid.as' - is this a resource
[2026.08.27 18:56:33][Error][WCC] Failed to cook 'gameplay\gui_new\actionscript\red\game\witcher3\slots\slotinventorygrid.as' !
[2026.08.27 18:56:33][Info][WCC] Start cooking gameplay\gui_new\actionscript\red\game\witcher3\slots\slotpaperdoll.as
[2026.08.27 18:56:33][Error][WCC] Failed to load 'gameplay\gui_new\actionscript\red\game\witcher3\slots\slotpaperdoll.as' - is this a resource
[2026.08.27 18:56:33][Error][WCC] Failed to cook 'gameplay\gui_new\actionscript\red\game\witcher3\slots\slotpaperdoll.as' !
[2026.08.27 18:56:33][Info][WCC] Start cooking gameplay\gui_new\actionscript\red\game\witcher3\slots\slotskillgrid.as
[2026.08.27 18:56:33][Error][WCC] Failed to load 'gameplay\gui_new\actionscript\red\game\witcher3\slots\slotskillgrid.as' - is this a resource
[2026.08.27 18:56:33][Error][WCC] Failed to cook 'gameplay\gui_new\actionscript\red\game\witcher3\slots\slotskillgrid.as' !
[2026.08.27 18:56:33][Info][WCC] Start cooking gameplay\gui_new\actionscript\red\game\witcher3\slots\slotskillmutagen.as
[2026.08.27 18:56:33][Error][WCC] Failed to load 'gameplay\gui_new\actionscript\red\game\witcher3\slots\slotskillmutagen.as' - is this a resource
[2026.08.27 18:56:33][Error][WCC] Failed to cook 'gameplay\gui_new\actionscript\red\game\witcher3\slots\slotskillmutagen.as' !
[2026.08.27 18:56:33][Info][WCC] Start cooking gameplay\gui_new\actionscript\red\game\witcher3\slots\slotskillsocket.as
[2026.08.27 18:56:33][Error][WCC] Failed to load 'gameplay\gui_new\actionscript\red\game\witcher3\slots\slotskillsocket.as' - is this a resource
[2026.08.27 18:56:33][Error][WCC] Failed to cook 'gameplay\gui_new\actionscript\red\game\witcher3\slots\slotskillsocket.as' !
[2026.08.27 18:56:33][Info][WCC] Start cooking gameplay\gui_new\actionscript\red\game\witcher3\slots\slotslistbase.as
[2026.08.27 18:56:33][Error][WCC] Failed to load 'gameplay\gui_new\actionscript\red\game\witcher3\slots\slotslistbase.as' - is this a resource
[2026.08.27 18:56:33][Error][WCC] Failed to cook 'gameplay\gui_new\actionscript\red\game\witcher3\slots\slotslistbase.as' !
[2026.08.27 18:56:33][Info][WCC] Start cooking gameplay\gui_new\actionscript\red\game\witcher3\slots\slotslistcarousel.as
[2026.08.27 18:56:33][Error][WCC] Failed to load 'gameplay\gui_new\actionscript\red\game\witcher3\slots\slotslistcarousel.as' - is this a resource
[2026.08.27 18:56:33][Error][WCC] Failed to cook 'gameplay\gui_new\actionscript\red\game\witcher3\slots\slotslistcarousel.as' !
[2026.08.27 18:56:33][Info][WCC] Start cooking gameplay\gui_new\actionscript\red\game\witcher3\slots\slotslistcategorized.as
[2026.08.27 18:56:33][Error][WCC] Failed to load 'gameplay\gui_new\actionscript\red\game\witcher3\slots\slotslistcategorized.as' - is this a resource
[2026.08.27 18:56:33][Error][WCC] Failed to cook 'gameplay\gui_new\actionscript\red\game\witcher3\slots\slotslistcategorized.as' !
[2026.08.27 18:56:33][Info][WCC] Start cooking gameplay\gui_new\actionscript\red\game\witcher3\slots\slotslistgrid.as
[2026.08.27 18:56:33][Error][WCC] Failed to load 'gameplay\gui_new\actionscript\red\game\witcher3\slots\slotslistgrid.as' - is this a resource
[2026.08.27 18:56:33][Error][WCC] Failed to cook 'gameplay\gui_new\actionscript\red\game\witcher3\slots\slotslistgrid.as' !
[2026.08.27 18:56:33][Info][WCC] Start cooking gameplay\gui_new\actionscript\red\game\witcher3\slots\slotslistpaperdoll.as
[2026.08.27 18:56:33][Error][WCC] Failed to load 'gameplay\gui_new\actionscript\red\game\witcher3\slots\slotslistpaperdoll.as' - is this a resource
[2026.08.27 18:56:33][Error][WCC] Failed to cook 'gameplay\gui_new\actionscript\red\game\witcher3\slots\slotslistpaperdoll.as' !
[2026.08.27 18:56:33][Info][WCC] Start cooking gameplay\gui_new\actionscript\red\game\witcher3\slots\slotslistpreset.as
[2026.08.27 18:56:33][Error][WCC] Failed to load 'gameplay\gui_new\actionscript\red\game\witcher3\slots\slotslistpreset.as' - is this a resource
[2026.08.27 18:56:33][Error][WCC] Failed to cook 'gameplay\gui_new\actionscript\red\game\witcher3\slots\slotslistpreset.as' !
[2026.08.27 18:56:33][Info][WCC] Start cooking gameplay\gui_new\actionscript\red\game\witcher3\slots\slotslistskillsockets.as
[2026.08.27 18:56:33][Error][WCC] Failed to load 'gameplay\gui_new\actionscript\red\game\witcher3\slots\slotslistskillsockets.as' - is this a resource
[2026.08.27 18:56:33][Error][WCC] Failed to cook 'gameplay\gui_new\actionscript\red\game\witcher3\slots\slotslistskillsockets.as' !
[2026.08.27 18:56:33][Info][WCC] Start cooking gameplay\gui_new\actionscript\red\game\witcher3\slots\slotstate.as
[2026.08.27 18:56:33][Error][WCC] Failed to load 'gameplay\gui_new\actionscript\red\game\witcher3\slots\slotstate.as' - is this a resource
[2026.08.27 18:56:33][Error][WCC] Failed to cook 'gameplay\gui_new\actionscript\red\game\witcher3\slots\slotstate.as' !
[2026.08.27 18:56:33][Info][WCC] Start cooking gameplay\gui_new\actionscript\red\game\witcher3\slots\slotstransfermanager.as
[2026.08.27 18:56:33][Error][WCC] Failed to load 'gameplay\gui_new\actionscript\red\game\witcher3\slots\slotstransfermanager.as' - is this a resource
[2026.08.27 18:56:33][Error][WCC] Failed to cook 'gameplay\gui_new\actionscript\red\game\witcher3\slots\slotstransfermanager.as' !
[2026.08.27 18:56:33][Info][WCC] Start cooking gameplay\gui_new\actionscript\red\game\witcher3\tooltips\ingredienttooltip.as
[2026.08.27 18:56:33][Error][WCC] Failed to load 'gameplay\gui_new\actionscript\red\game\witcher3\tooltips\ingredienttooltip.as' - is this a resource
[2026.08.27 18:56:33][Error][WCC] Failed to cook 'gameplay\gui_new\actionscript\red\game\witcher3\tooltips\ingredienttooltip.as' !
[2026.08.27 18:56:33][Info][WCC] Start cooking gameplay\gui_new\actionscript\red\game\witcher3\tooltips\tooltipbase.as
[2026.08.27 18:56:33][Error][WCC] Failed to load 'gameplay\gui_new\actionscript\red\game\witcher3\tooltips\tooltipbase.as' - is this a resource
[2026.08.27 18:56:33][Error][WCC] Failed to cook 'gameplay\gui_new\actionscript\red\game\witcher3\tooltips\tooltipbase.as' !
[2026.08.27 18:56:33][Info][WCC] Start cooking gameplay\gui_new\actionscript\red\game\witcher3\tooltips\tooltipdescription.as
[2026.08.27 18:56:33][Error][WCC] Failed to load 'gameplay\gui_new\actionscript\red\game\witcher3\tooltips\tooltipdescription.as' - is this a resource
[2026.08.27 18:56:33][Error][WCC] Failed to cook 'gameplay\gui_new\actionscript\red\game\witcher3\tooltips\tooltipdescription.as' !
[2026.08.27 18:56:33][Info][WCC] Start cooking gameplay\gui_new\actionscript\red\game\witcher3\tooltips\tooltipemptysocket.as
[2026.08.27 18:56:33][Error][WCC] Failed to load 'gameplay\gui_new\actionscript\red\game\witcher3\tooltips\tooltipemptysocket.as' - is this a resource
[2026.08.27 18:56:33][Error][WCC] Failed to cook 'gameplay\gui_new\actionscript\red\game\witcher3\tooltips\tooltipemptysocket.as' !
[2026.08.27 18:56:33][Info][WCC] Start cooking gameplay\gui_new\actionscript\red\game\witcher3\tooltips\tooltipgenstatrenderer.as
[2026.08.27 18:56:33][Error][WCC] Failed to load 'gameplay\gui_new\actionscript\red\game\witcher3\tooltips\tooltipgenstatrenderer.as' - is this a resource
[2026.08.27 18:56:33][Error][WCC] Failed to cook 'gameplay\gui_new\actionscript\red\game\witcher3\tooltips\tooltipgenstatrenderer.as' !
[2026.08.27 18:56:33][Info][WCC] Start cooking gameplay\gui_new\actionscript\red\game\witcher3\tooltips\tooltipinventory.as
[2026.08.27 18:56:33][Error][WCC] Failed to load 'gameplay\gui_new\actionscript\red\game\witcher3\tooltips\tooltipinventory.as' - is this a resource
[2026.08.27 18:56:33][Error][WCC] Failed to cook 'gameplay\gui_new\actionscript\red\game\witcher3\tooltips\tooltipinventory.as' !
[2026.08.27 18:56:33][Info][WCC] Start cooking gameplay\gui_new\actionscript\red\game\witcher3\tooltips\tooltipinventorymouse.as
[2026.08.27 18:56:33][Error][WCC] Failed to load 'gameplay\gui_new\actionscript\red\game\witcher3\tooltips\tooltipinventorymouse.as' - is this a resource
[2026.08.27 18:56:33][Error][WCC] Failed to cook 'gameplay\gui_new\actionscript\red\game\witcher3\tooltips\tooltipinventorymouse.as' !
[2026.08.27 18:56:33][Info][WCC] Start cooking gameplay\gui_new\actionscript\red\game\witcher3\tooltips\tooltipitem.as
[2026.08.27 18:56:33][Error][WCC] Failed to load 'gameplay\gui_new\actionscript\red\game\witcher3\tooltips\tooltipitem.as' - is this a resource
[2026.08.27 18:56:33][Error][WCC] Failed to cook 'gameplay\gui_new\actionscript\red\game\witcher3\tooltips\tooltipitem.as' !
[2026.08.27 18:56:33][Info][WCC] Start cooking gameplay\gui_new\actionscript\red\game\witcher3\tooltips\tooltipmap.as
[2026.08.27 18:56:33][Error][WCC] Failed to load 'gameplay\gui_new\actionscript\red\game\witcher3\tooltips\tooltipmap.as' - is this a resource
[2026.08.27 18:56:33][Error][WCC] Failed to cook 'gameplay\gui_new\actionscript\red\game\witcher3\tooltips\tooltipmap.as' !
[2026.08.27 18:56:33][Info][WCC] Start cooking gameplay\gui_new\actionscript\red\game\witcher3\tooltips\tooltipprimarystat.as
[2026.08.27 18:56:33][Error][WCC] Failed to load 'gameplay\gui_new\actionscript\red\game\witcher3\tooltips\tooltipprimarystat.as' - is this a resource
[2026.08.27 18:56:33][Error][WCC] Failed to cook 'gameplay\gui_new\actionscript\red\game\witcher3\tooltips\tooltipprimarystat.as' !
[2026.08.27 18:56:33][Info][WCC] Start cooking gameplay\gui_new\actionscript\red\game\witcher3\tooltips\tooltipproprenderer.as
[2026.08.27 18:56:33][Error][WCC] Failed to load 'gameplay\gui_new\actionscript\red\game\witcher3\tooltips\tooltipproprenderer.as' - is this a resource
[2026.08.27 18:56:33][Error][WCC] Failed to cook 'gameplay\gui_new\actionscript\red\game\witcher3\tooltips\tooltipproprenderer.as' !
[2026.08.27 18:56:33][Info][WCC] Start cooking gameplay\gui_new\actionscript\red\game\witcher3\tooltips\tooltipproprenderer_craft.as
[2026.08.27 18:56:33][Error][WCC] Failed to load 'gameplay\gui_new\actionscript\red\game\witcher3\tooltips\tooltipproprenderer_craft.as' - is this a resource
[2026.08.27 18:56:33][Error][WCC] Failed to cook 'gameplay\gui_new\actionscript\red\game\witcher3\tooltips\tooltipproprenderer_craft.as' !
[2026.08.27 18:56:33][Info][WCC] Start cooking gameplay\gui_new\actionscript\red\game\witcher3\tooltips\tooltipproprenderer_mouse.as
[2026.08.27 18:56:33][Error][WCC] Failed to load 'gameplay\gui_new\actionscript\red\game\witcher3\tooltips\tooltipproprenderer_mouse.as' - is this a resource
[2026.08.27 18:56:33][Error][WCC] Failed to cook 'gameplay\gui_new\actionscript\red\game\witcher3\tooltips\tooltipproprenderer_mouse.as' !
[2026.08.27 18:56:33][Info][WCC] Start cooking gameplay\gui_new\actionscript\red\game\witcher3\tooltips\tooltipschematic.as
[2026.08.27 18:56:33][Error][WCC] Failed to load 'gameplay\gui_new\actionscript\red\game\witcher3\tooltips\tooltipschematic.as' - is this a resource
[2026.08.27 18:56:33][Error][WCC] Failed to cook 'gameplay\gui_new\actionscript\red\game\witcher3\tooltips\tooltipschematic.as' !
[2026.08.27 18:56:33][Info][WCC] Start cooking gameplay\gui_new\actionscript\red\game\witcher3\tooltips\tooltipsetstatrenderer.as
[2026.08.27 18:56:33][Error][WCC] Failed to load 'gameplay\gui_new\actionscript\red\game\witcher3\tooltips\tooltipsetstatrenderer.as' - is this a resource
[2026.08.27 18:56:33][Error][WCC] Failed to cook 'gameplay\gui_new\actionscript\red\game\witcher3\tooltips\tooltipsetstatrenderer.as' !
[2026.08.27 18:56:33][Info][WCC] Start cooking gameplay\gui_new\actionscript\red\game\witcher3\tooltips\tooltipsimple.as
[2026.08.27 18:56:33][Error][WCC] Failed to load 'gameplay\gui_new\actionscript\red\game\witcher3\tooltips\tooltipsimple.as' - is this a resource
[2026.08.27 18:56:33][Error][WCC] Failed to cook 'gameplay\gui_new\actionscript\red\game\witcher3\tooltips\tooltipsimple.as' !
[2026.08.27 18:56:33][Info][WCC] Start cooking gameplay\gui_new\actionscript\red\game\witcher3\tooltips\tooltipskill.as
[2026.08.27 18:56:33][Error][WCC] Failed to load 'gameplay\gui_new\actionscript\red\game\witcher3\tooltips\tooltipskill.as' - is this a resource
[2026.08.27 18:56:33][Error][WCC] Failed to cook 'gameplay\gui_new\actionscript\red\game\witcher3\tooltips\tooltipskill.as' !
[2026.08.27 18:56:33][Info][WCC] Start cooking gameplay\gui_new\actionscript\red\game\witcher3\tooltips\tooltipsocketrenderer.as
[2026.08.27 18:56:33][Error][WCC] Failed to load 'gameplay\gui_new\actionscript\red\game\witcher3\tooltips\tooltipsocketrenderer.as' - is this a resource
[2026.08.27 18:56:33][Error][WCC] Failed to cook 'gameplay\gui_new\actionscript\red\game\witcher3\tooltips\tooltipsocketrenderer.as' !
[2026.08.27 18:56:33][Info][WCC] Start cooking gameplay\gui_new\actionscript\red\game\witcher3\tooltips\tooltipstatistic.as
[2026.08.27 18:56:33][Error][WCC] Failed to load 'gameplay\gui_new\actionscript\red\game\witcher3\tooltips\tooltipstatistic.as' - is this a resource
[2026.08.27 18:56:33][Error][WCC] Failed to cook 'gameplay\gui_new\actionscript\red\game\witcher3\tooltips\tooltipstatistic.as' !
[2026.08.27 18:56:33][Info][WCC] Start cooking gameplay\gui_new\actionscript\red\game\witcher3\tooltips\tooltipstatistic_mouse.as
[2026.08.27 18:56:33][Error][WCC] Failed to load 'gameplay\gui_new\actionscript\red\game\witcher3\tooltips\tooltipstatistic_mouse.as' - is this a resource
[2026.08.27 18:56:33][Error][WCC] Failed to cook 'gameplay\gui_new\actionscript\red\game\witcher3\tooltips\tooltipstatistic_mouse.as' !
[2026.08.27 18:56:33][Info][WCC] Start cooking gameplay\gui_new\actionscript\red\game\witcher3\tooltips\tooltipstatrenderer.as
[2026.08.27 18:56:33][Error][WCC] Failed to load 'gameplay\gui_new\actionscript\red\game\witcher3\tooltips\tooltipstatrenderer.as' - is this a resource
[2026.08.27 18:56:33][Error][WCC] Failed to cook 'gameplay\gui_new\actionscript\red\game\witcher3\tooltips\tooltipstatrenderer.as' !
[2026.08.27 18:56:33][Info][WCC] Start cooking gameplay\gui_new\actionscript\red\game\witcher3\tooltips\tooltipstatrenderer_ar.as
[2026.08.27 18:56:33][Error][WCC] Failed to load 'gameplay\gui_new\actionscript\red\game\witcher3\tooltips\tooltipstatrenderer_ar.as' - is this a resource
[2026.08.27 18:56:33][Error][WCC] Failed to cook 'gameplay\gui_new\actionscript\red\game\witcher3\tooltips\tooltipstatrenderer_ar.as' !
[2026.08.27 18:56:33][Info][WCC] Start cooking gameplay\gui_new\actionscript\red\game\witcher3\tooltips\tooltipstatrenderer_craft.as
[2026.08.27 18:56:33][Error][WCC] Failed to load 'gameplay\gui_new\actionscript\red\game\witcher3\tooltips\tooltipstatrenderer_craft.as' - is this a resource
[2026.08.27 18:56:33][Error][WCC] Failed to cook 'gameplay\gui_new\actionscript\red\game\witcher3\tooltips\tooltipstatrenderer_craft.as' !
[2026.08.27 18:56:33][Info][WCC] Start cooking gameplay\gui_new\actionscript\red\game\witcher3\tooltips\tooltiptext.as
[2026.08.27 18:56:33][Error][WCC] Failed to load 'gameplay\gui_new\actionscript\red\game\witcher3\tooltips\tooltiptext.as' - is this a resource
[2026.08.27 18:56:33][Error][WCC] Failed to cook 'gameplay\gui_new\actionscript\red\game\witcher3\tooltips\tooltiptext.as' !
[2026.08.27 18:56:33][Info][WCC] Start cooking gameplay\gui_new\actionscript\red\game\witcher3\utils\activeobject.as
[2026.08.27 18:56:33][Error][WCC] Failed to load 'gameplay\gui_new\actionscript\red\game\witcher3\utils\activeobject.as' - is this a resource
[2026.08.27 18:56:33][Error][WCC] Failed to cook 'gameplay\gui_new\actionscript\red\game\witcher3\utils\activeobject.as' !
[2026.08.27 18:56:33][Info][WCC] Start cooking gameplay\gui_new\actionscript\red\game\witcher3\utils\commonutils.as
[2026.08.27 18:56:33][Error][WCC] Failed to load 'gameplay\gui_new\actionscript\red\game\witcher3\utils\commonutils.as' - is this a resource
[2026.08.27 18:56:33][Error][WCC] Failed to cook 'gameplay\gui_new\actionscript\red\game\witcher3\utils\commonutils.as' !
[2026.08.27 18:56:33][Info][WCC] Start cooking gameplay\gui_new\actionscript\red\game\witcher3\utils\ctwoframesbutton.as
[2026.08.27 18:56:33][Error][WCC] Failed to load 'gameplay\gui_new\actionscript\red\game\witcher3\utils\ctwoframesbutton.as' - is this a resource
[2026.08.27 18:56:33][Error][WCC] Failed to cook 'gameplay\gui_new\actionscript\red\game\witcher3\utils\ctwoframesbutton.as' !
[2026.08.27 18:56:33][Info][WCC] Start cooking gameplay\gui_new\actionscript\red\game\witcher3\utils\currentactiveobject.as
[2026.08.27 18:56:33][Error][WCC] Failed to load 'gameplay\gui_new\actionscript\red\game\witcher3\utils\currentactiveobject.as' - is this a resource
[2026.08.27 18:56:33][Error][WCC] Failed to cook 'gameplay\gui_new\actionscript\red\game\witcher3\utils\currentactiveobject.as' !
[2026.08.27 18:56:33][Info][WCC] Start cooking gameplay\gui_new\actionscript\red\game\witcher3\utils\finitestatemachine.as
[2026.08.27 18:56:33][Error][WCC] Failed to load 'gameplay\gui_new\actionscript\red\game\witcher3\utils\finitestatemachine.as' - is this a resource
[2026.08.27 18:56:33][Error][WCC] Failed to cook 'gameplay\gui_new\actionscript\red\game\witcher3\utils\finitestatemachine.as' !
[2026.08.27 18:56:33][Info][WCC] Start cooking gameplay\gui_new\actionscript\red\game\witcher3\utils\fsmstate.as
[2026.08.27 18:56:33][Error][WCC] Failed to load 'gameplay\gui_new\actionscript\red\game\witcher3\utils\fsmstate.as' - is this a resource
[2026.08.27 18:56:33][Error][WCC] Failed to cook 'gameplay\gui_new\actionscript\red\game\witcher3\utils\fsmstate.as' !
[2026.08.27 18:56:33][Info][WCC] Start cooking gameplay\gui_new\actionscript\red\game\witcher3\utils\inpututils.as
[2026.08.27 18:56:33][Error][WCC] Failed to load 'gameplay\gui_new\actionscript\red\game\witcher3\utils\inpututils.as' - is this a resource
[2026.08.27 18:56:33][Error][WCC] Failed to cook 'gameplay\gui_new\actionscript\red\game\witcher3\utils\inpututils.as' !
[2026.08.27 18:56:33][Info][WCC] Start cooking gameplay\gui_new\actionscript\red\game\witcher3\utils\loaderutil.as
[2026.08.27 18:56:33][Error][WCC] Failed to load 'gameplay\gui_new\actionscript\red\game\witcher3\utils\loaderutil.as' - is this a resource
[2026.08.27 18:56:33][Error][WCC] Failed to cook 'gameplay\gui_new\actionscript\red\game\witcher3\utils\loaderutil.as' !
[2026.08.27 18:56:33][Info][WCC] Start cooking gameplay\gui_new\actionscript\red\game\witcher3\utils\math2.as
[2026.08.27 18:56:33][Error][WCC] Failed to load 'gameplay\gui_new\actionscript\red\game\witcher3\utils\math2.as' - is this a resource
[2026.08.27 18:56:33][Error][WCC] Failed to cook 'gameplay\gui_new\actionscript\red\game\witcher3\utils\math2.as' !
[2026.08.27 18:56:33][Info][WCC] Start cooking gameplay\gui_new\actionscript\red\game\witcher3\utils\motion\tweenex.as
[2026.08.27 18:56:33][Error][WCC] Failed to load 'gameplay\gui_new\actionscript\red\game\witcher3\utils\motion\tweenex.as' - is this a resource
[2026.08.27 18:56:33][Error][WCC] Failed to cook 'gameplay\gui_new\actionscript\red\game\witcher3\utils\motion\tweenex.as' !
[2026.08.27 18:56:33][Info][WCC] Start cooking gameplay\gui_new\actionscript\red\game\witcher3\utils\mydragmanager\draggeditemvo.as
[2026.08.27 18:56:33][Error][WCC] Failed to load 'gameplay\gui_new\actionscript\red\game\witcher3\utils\mydragmanager\draggeditemvo.as' - is this a resource
[2026.08.27 18:56:33][Error][WCC] Failed to cook 'gameplay\gui_new\actionscript\red\game\witcher3\utils\mydragmanager\draggeditemvo.as' !
[2026.08.27 18:56:33][Info][WCC] Start cooking gameplay\gui_new\actionscript\red\game\witcher3\utils\mydragmanager\mydragmanager.as
[2026.08.27 18:56:33][Error][WCC] Failed to load 'gameplay\gui_new\actionscript\red\game\witcher3\utils\mydragmanager\mydragmanager.as' - is this a resource
[2026.08.27 18:56:33][Error][WCC] Failed to cook 'gameplay\gui_new\actionscript\red\game\witcher3\utils\mydragmanager\mydragmanager.as' !
[2026.08.27 18:56:33][Info][WCC] Start cooking gameplay\gui_new\actionscript\red\game\witcher3\utils\mydragmanager\mydragmanagerevent.as
[2026.08.27 18:56:33][Error][WCC] Failed to load 'gameplay\gui_new\actionscript\red\game\witcher3\utils\mydragmanager\mydragmanagerevent.as' - is this a resource
[2026.08.27 18:56:33][Error][WCC] Failed to cook 'gameplay\gui_new\actionscript\red\game\witcher3\utils\mydragmanager\mydragmanagerevent.as' !
[2026.08.27 18:56:33][Info][WCC] Start cooking gameplay\gui_new\actionscript\red\game\witcher3\utils\mydragmanager\slotvo.as
[2026.08.27 18:56:33][Error][WCC] Failed to load 'gameplay\gui_new\actionscript\red\game\witcher3\utils\mydragmanager\slotvo.as' - is this a resource
[2026.08.27 18:56:33][Error][WCC] Failed to cook 'gameplay\gui_new\actionscript\red\game\witcher3\utils\mydragmanager\slotvo.as' !
[2026.08.27 18:56:33][Info][WCC] Start cooking gameplay\gui_new\actionscript\red\game\witcher3\utils\scrollbar\scrollbar.as
[2026.08.27 18:56:33][Error][WCC] Failed to load 'gameplay\gui_new\actionscript\red\game\witcher3\utils\scrollbar\scrollbar.as' - is this a resource
[2026.08.27 18:56:33][Error][WCC] Failed to cook 'gameplay\gui_new\actionscript\red\game\witcher3\utils\scrollbar\scrollbar.as' !
[2026.08.27 18:56:33][Info][WCC] Start cooking gameplay\gui_new\actionscript\red\game\witcher3\utils\scrollbar\scrollbarevent.as
[2026.08.27 18:56:33][Error][WCC] Failed to load 'gameplay\gui_new\actionscript\red\game\witcher3\utils\scrollbar\scrollbarevent.as' - is this a resource
[2026.08.27 18:56:33][Error][WCC] Failed to cook 'gameplay\gui_new\actionscript\red\game\witcher3\utils\scrollbar\scrollbarevent.as' !
[2026.08.27 18:56:33][Info][WCC] Start cooking gameplay\gui_new\actionscript\red\game\witcher3\utils\scrollbar\scrollbarwithbuttons.as
[2026.08.27 18:56:33][Error][WCC] Failed to load 'gameplay\gui_new\actionscript\red\game\witcher3\utils\scrollbar\scrollbarwithbuttons.as' - is this a resource
[2026.08.27 18:56:33][Error][WCC] Failed to cook 'gameplay\gui_new\actionscript\red\game\witcher3\utils\scrollbar\scrollbarwithbuttons.as' !
[2026.08.27 18:56:33][Info][WCC] Start cooking gameplay\gui_new\actionscript\red\game\witcher3\utils\scrollbar\scrollbox.as
[2026.08.27 18:56:33][Error][WCC] Failed to load 'gameplay\gui_new\actionscript\red\game\witcher3\utils\scrollbar\scrollbox.as' - is this a resource
[2026.08.27 18:56:33][Error][WCC] Failed to cook 'gameplay\gui_new\actionscript\red\game\witcher3\utils\scrollbar\scrollbox.as' !
[2026.08.27 18:56:33][Info][WCC] Start cooking gameplay\gui_new\actionscript\scaleform\clik\constants\constrainmode.as
[2026.08.27 18:56:33][Error][WCC] Failed to load 'gameplay\gui_new\actionscript\scaleform\clik\constants\constrainmode.as' - is this a resource
[2026.08.27 18:56:33][Error][WCC] Failed to cook 'gameplay\gui_new\actionscript\scaleform\clik\constants\constrainmode.as' !
[2026.08.27 18:56:33][Info][WCC] Start cooking gameplay\gui_new\actionscript\scaleform\clik\constants\controllertype.as
[2026.08.27 18:56:33][Error][WCC] Failed to load 'gameplay\gui_new\actionscript\scaleform\clik\constants\controllertype.as' - is this a resource
[2026.08.27 18:56:33][Error][WCC] Failed to cook 'gameplay\gui_new\actionscript\scaleform\clik\constants\controllertype.as' !
[2026.08.27 18:56:33][Info][WCC] Start cooking gameplay\gui_new\actionscript\scaleform\clik\constants\directionmode.as
[2026.08.27 18:56:33][Error][WCC] Failed to load 'gameplay\gui_new\actionscript\scaleform\clik\constants\directionmode.as' - is this a resource
[2026.08.27 18:56:33][Error][WCC] Failed to cook 'gameplay\gui_new\actionscript\scaleform\clik\constants\directionmode.as' !
[2026.08.27 18:56:33][Info][WCC] Start cooking gameplay\gui_new\actionscript\scaleform\clik\constants\focusmode.as
[2026.08.27 18:56:33][Error][WCC] Failed to load 'gameplay\gui_new\actionscript\scaleform\clik\constants\focusmode.as' - is this a resource
[2026.08.27 18:56:33][Error][WCC] Failed to cook 'gameplay\gui_new\actionscript\scaleform\clik\constants\focusmode.as' !
[2026.08.27 18:56:33][Info][WCC] Start cooking gameplay\gui_new\actionscript\scaleform\clik\constants\inputvalue.as
[2026.08.27 18:56:33][Error][WCC] Failed to load 'gameplay\gui_new\actionscript\scaleform\clik\constants\inputvalue.as' - is this a resource
[2026.08.27 18:56:33][Error][WCC] Failed to cook 'gameplay\gui_new\actionscript\scaleform\clik\constants\inputvalue.as' !
[2026.08.27 18:56:33][Info][WCC] Start cooking gameplay\gui_new\actionscript\scaleform\clik\constants\invalidationtype.as
[2026.08.27 18:56:33][Error][WCC] Failed to load 'gameplay\gui_new\actionscript\scaleform\clik\constants\invalidationtype.as' - is this a resource
[2026.08.27 18:56:33][Error][WCC] Failed to cook 'gameplay\gui_new\actionscript\scaleform\clik\constants\invalidationtype.as' !
[2026.08.27 18:56:33][Info][WCC] Start cooking gameplay\gui_new\actionscript\scaleform\clik\constants\layoutmode.as
[2026.08.27 18:56:33][Error][WCC] Failed to load 'gameplay\gui_new\actionscript\scaleform\clik\constants\layoutmode.as' - is this a resource
[2026.08.27 18:56:33][Error][WCC] Failed to cook 'gameplay\gui_new\actionscript\scaleform\clik\constants\layoutmode.as' !
[2026.08.27 18:56:33][Info][WCC] Start cooking gameplay\gui_new\actionscript\scaleform\clik\constants\navigationcode.as
[2026.08.27 18:56:33][Error][WCC] Failed to load 'gameplay\gui_new\actionscript\scaleform\clik\constants\navigationcode.as' - is this a resource
[2026.08.27 18:56:33][Error][WCC] Failed to cook 'gameplay\gui_new\actionscript\scaleform\clik\constants\navigationcode.as' !
[2026.08.27 18:56:33][Info][WCC] Start cooking gameplay\gui_new\actionscript\scaleform\clik\constants\scrollbardirection.as
[2026.08.27 18:56:33][Error][WCC] Failed to load 'gameplay\gui_new\actionscript\scaleform\clik\constants\scrollbardirection.as' - is this a resource
[2026.08.27 18:56:33][Error][WCC] Failed to cook 'gameplay\gui_new\actionscript\scaleform\clik\constants\scrollbardirection.as' !
[2026.08.27 18:56:33][Info][WCC] Start cooking gameplay\gui_new\actionscript\scaleform\clik\constants\scrollbartrackmode.as
[2026.08.27 18:56:33][Error][WCC] Failed to load 'gameplay\gui_new\actionscript\scaleform\clik\constants\scrollbartrackmode.as' - is this a resource
[2026.08.27 18:56:33][Error][WCC] Failed to cook 'gameplay\gui_new\actionscript\scaleform\clik\constants\scrollbartrackmode.as' !
[2026.08.27 18:56:33][Info][WCC] Start cooking gameplay\gui_new\actionscript\scaleform\clik\constants\wrappingmode.as
[2026.08.27 18:56:33][Error][WCC] Failed to load 'gameplay\gui_new\actionscript\scaleform\clik\constants\wrappingmode.as' - is this a resource
[2026.08.27 18:56:33][Error][WCC] Failed to cook 'gameplay\gui_new\actionscript\scaleform\clik\constants\wrappingmode.as' !
[2026.08.27 18:56:33][Info][WCC] Start cooking gameplay\gui_new\actionscript\scaleform\clik\controls\button.as
[2026.08.27 18:56:33][Error][WCC] Failed to load 'gameplay\gui_new\actionscript\scaleform\clik\controls\button.as' - is this a resource
[2026.08.27 18:56:33][Error][WCC] Failed to cook 'gameplay\gui_new\actionscript\scaleform\clik\controls\button.as' !
[2026.08.27 18:56:33][Info][WCC] Start cooking gameplay\gui_new\actionscript\scaleform\clik\controls\buttonbar.as
[2026.08.27 18:56:33][Error][WCC] Failed to load 'gameplay\gui_new\actionscript\scaleform\clik\controls\buttonbar.as' - is this a resource
[2026.08.27 18:56:33][Error][WCC] Failed to cook 'gameplay\gui_new\actionscript\scaleform\clik\controls\buttonbar.as' !
[2026.08.27 18:56:33][Info][WCC] Start cooking gameplay\gui_new\actionscript\scaleform\clik\controls\buttongroup.as
[2026.08.27 18:56:33][Error][WCC] Failed to load 'gameplay\gui_new\actionscript\scaleform\clik\controls\buttongroup.as' - is this a resource
[2026.08.27 18:56:33][Error][WCC] Failed to cook 'gameplay\gui_new\actionscript\scaleform\clik\controls\buttongroup.as' !
[2026.08.27 18:56:33][Info][WCC] Start cooking gameplay\gui_new\actionscript\scaleform\clik\controls\checkbox.as
[2026.08.27 18:56:33][Error][WCC] Failed to load 'gameplay\gui_new\actionscript\scaleform\clik\controls\checkbox.as' - is this a resource
[2026.08.27 18:56:33][Error][WCC] Failed to cook 'gameplay\gui_new\actionscript\scaleform\clik\controls\checkbox.as' !
[2026.08.27 18:56:33][Info][WCC] Start cooking gameplay\gui_new\actionscript\scaleform\clik\controls\corelist.as
[2026.08.27 18:56:33][Error][WCC] Failed to load 'gameplay\gui_new\actionscript\scaleform\clik\controls\corelist.as' - is this a resource
[2026.08.27 18:56:33][Error][WCC] Failed to cook 'gameplay\gui_new\actionscript\scaleform\clik\controls\corelist.as' !
[2026.08.27 18:56:33][Info][WCC] Start cooking gameplay\gui_new\actionscript\scaleform\clik\controls\dragslot.as
[2026.08.27 18:56:33][Error][WCC] Failed to load 'gameplay\gui_new\actionscript\scaleform\clik\controls\dragslot.as' - is this a resource
[2026.08.27 18:56:33][Error][WCC] Failed to cook 'gameplay\gui_new\actionscript\scaleform\clik\controls\dragslot.as' !
[2026.08.27 18:56:33][Info][WCC] Start cooking gameplay\gui_new\actionscript\scaleform\clik\controls\dropdownmenu.as
[2026.08.27 18:56:33][Error][WCC] Failed to load 'gameplay\gui_new\actionscript\scaleform\clik\controls\dropdownmenu.as' - is this a resource
[2026.08.27 18:56:33][Error][WCC] Failed to cook 'gameplay\gui_new\actionscript\scaleform\clik\controls\dropdownmenu.as' !
[2026.08.27 18:56:33][Info][WCC] Start cooking gameplay\gui_new\actionscript\scaleform\clik\controls\label.as
[2026.08.27 18:56:33][Error][WCC] Failed to load 'gameplay\gui_new\actionscript\scaleform\clik\controls\label.as' - is this a resource
[2026.08.27 18:56:33][Error][WCC] Failed to cook 'gameplay\gui_new\actionscript\scaleform\clik\controls\label.as' !
[2026.08.27 18:56:33][Info][WCC] Start cooking gameplay\gui_new\actionscript\scaleform\clik\controls\listitemrenderer.as
[2026.08.27 18:56:33][Error][WCC] Failed to load 'gameplay\gui_new\actionscript\scaleform\clik\controls\listitemrenderer.as' - is this a resource
[2026.08.27 18:56:33][Error][WCC] Failed to cook 'gameplay\gui_new\actionscript\scaleform\clik\controls\listitemrenderer.as' !
[2026.08.27 18:56:33][Info][WCC] Start cooking gameplay\gui_new\actionscript\scaleform\clik\controls\numericstepper.as
[2026.08.27 18:56:33][Error][WCC] Failed to load 'gameplay\gui_new\actionscript\scaleform\clik\controls\numericstepper.as' - is this a resource
[2026.08.27 18:56:33][Error][WCC] Failed to cook 'gameplay\gui_new\actionscript\scaleform\clik\controls\numericstepper.as' !
[2026.08.27 18:56:33][Info][WCC] Start cooking gameplay\gui_new\actionscript\scaleform\clik\controls\optionstepper.as
[2026.08.27 18:56:33][Error][WCC] Failed to load 'gameplay\gui_new\actionscript\scaleform\clik\controls\optionstepper.as' - is this a resource
[2026.08.27 18:56:33][Error][WCC] Failed to cook 'gameplay\gui_new\actionscript\scaleform\clik\controls\optionstepper.as' !
[2026.08.27 18:56:33][Info][WCC] Start cooking gameplay\gui_new\actionscript\scaleform\clik\controls\radiobutton.as
[2026.08.27 18:56:33][Error][WCC] Failed to load 'gameplay\gui_new\actionscript\scaleform\clik\controls\radiobutton.as' - is this a resource
[2026.08.27 18:56:33][Error][WCC] Failed to cook 'gameplay\gui_new\actionscript\scaleform\clik\controls\radiobutton.as' !
[2026.08.27 18:56:33][Info][WCC] Start cooking gameplay\gui_new\actionscript\scaleform\clik\controls\scrollbar.as
[2026.08.27 18:56:33][Error][WCC] Failed to load 'gameplay\gui_new\actionscript\scaleform\clik\controls\scrollbar.as' - is this a resource
[2026.08.27 18:56:33][Error][WCC] Failed to cook 'gameplay\gui_new\actionscript\scaleform\clik\controls\scrollbar.as' !
[2026.08.27 18:56:33][Info][WCC] Start cooking gameplay\gui_new\actionscript\scaleform\clik\controls\scrollindicator.as
[2026.08.27 18:56:33][Error][WCC] Failed to load 'gameplay\gui_new\actionscript\scaleform\clik\controls\scrollindicator.as' - is this a resource
[2026.08.27 18:56:33][Error][WCC] Failed to cook 'gameplay\gui_new\actionscript\scaleform\clik\controls\scrollindicator.as' !
[2026.08.27 18:56:33][Info][WCC] Start cooking gameplay\gui_new\actionscript\scaleform\clik\controls\scrollinglist.as
[2026.08.27 18:56:33][Error][WCC] Failed to load 'gameplay\gui_new\actionscript\scaleform\clik\controls\scrollinglist.as' - is this a resource
[2026.08.27 18:56:33][Error][WCC] Failed to cook 'gameplay\gui_new\actionscript\scaleform\clik\controls\scrollinglist.as' !
[2026.08.27 18:56:33][Info][WCC] Start cooking gameplay\gui_new\actionscript\scaleform\clik\controls\slider.as
[2026.08.27 18:56:33][Error][WCC] Failed to load 'gameplay\gui_new\actionscript\scaleform\clik\controls\slider.as' - is this a resource
[2026.08.27 18:56:33][Error][WCC] Failed to cook 'gameplay\gui_new\actionscript\scaleform\clik\controls\slider.as' !
[2026.08.27 18:56:33][Info][WCC] Start cooking gameplay\gui_new\actionscript\scaleform\clik\controls\statusindicator.as
[2026.08.27 18:56:33][Error][WCC] Failed to load 'gameplay\gui_new\actionscript\scaleform\clik\controls\statusindicator.as' - is this a resource
[2026.08.27 18:56:33][Error][WCC] Failed to cook 'gameplay\gui_new\actionscript\scaleform\clik\controls\statusindicator.as' !
[2026.08.27 18:56:33][Info][WCC] Start cooking gameplay\gui_new\actionscript\scaleform\clik\controls\textarea.as
[2026.08.27 18:56:33][Error][WCC] Failed to load 'gameplay\gui_new\actionscript\scaleform\clik\controls\textarea.as' - is this a resource
[2026.08.27 18:56:33][Error][WCC] Failed to cook 'gameplay\gui_new\actionscript\scaleform\clik\controls\textarea.as' !
[2026.08.27 18:56:33][Info][WCC] Start cooking gameplay\gui_new\actionscript\scaleform\clik\controls\textinput.as
[2026.08.27 18:56:33][Error][WCC] Failed to load 'gameplay\gui_new\actionscript\scaleform\clik\controls\textinput.as' - is this a resource
[2026.08.27 18:56:33][Error][WCC] Failed to cook 'gameplay\gui_new\actionscript\scaleform\clik\controls\textinput.as' !
[2026.08.27 18:56:33][Info][WCC] Start cooking gameplay\gui_new\actionscript\scaleform\clik\controls\tilelist.as
[2026.08.27 18:56:33][Error][WCC] Failed to load 'gameplay\gui_new\actionscript\scaleform\clik\controls\tilelist.as' - is this a resource
[2026.08.27 18:56:33][Error][WCC] Failed to cook 'gameplay\gui_new\actionscript\scaleform\clik\controls\tilelist.as' !
[2026.08.27 18:56:33][Info][WCC] Start cooking gameplay\gui_new\actionscript\scaleform\clik\controls\uiloader.as
[2026.08.27 18:56:33][Error][WCC] Failed to load 'gameplay\gui_new\actionscript\scaleform\clik\controls\uiloader.as' - is this a resource
[2026.08.27 18:56:33][Error][WCC] Failed to cook 'gameplay\gui_new\actionscript\scaleform\clik\controls\uiloader.as' !
[2026.08.27 18:56:33][Info][WCC] Start cooking gameplay\gui_new\actionscript\scaleform\clik\controls\window.as
[2026.08.27 18:56:33][Error][WCC] Failed to load 'gameplay\gui_new\actionscript\scaleform\clik\controls\window.as' - is this a resource
[2026.08.27 18:56:33][Error][WCC] Failed to cook 'gameplay\gui_new\actionscript\scaleform\clik\controls\window.as' !
[2026.08.27 18:56:33][Info][WCC] Start cooking gameplay\gui_new\actionscript\scaleform\clik\core\clik.as
[2026.08.27 18:56:33][Error][WCC] Failed to load 'gameplay\gui_new\actionscript\scaleform\clik\core\clik.as' - is this a resource
[2026.08.27 18:56:33][Error][WCC] Failed to cook 'gameplay\gui_new\actionscript\scaleform\clik\core\clik.as' !
[2026.08.27 18:56:33][Info][WCC] Start cooking gameplay\gui_new\actionscript\scaleform\clik\core\uicomponent.as
[2026.08.27 18:56:33][Error][WCC] Failed to load 'gameplay\gui_new\actionscript\scaleform\clik\core\uicomponent.as' - is this a resource
[2026.08.27 18:56:33][Error][WCC] Failed to cook 'gameplay\gui_new\actionscript\scaleform\clik\core\uicomponent.as' !
[2026.08.27 18:56:33][Info][WCC] Start cooking gameplay\gui_new\actionscript\scaleform\clik\data\databinding.as
[2026.08.27 18:56:33][Error][WCC] Failed to load 'gameplay\gui_new\actionscript\scaleform\clik\data\databinding.as' - is this a resource
[2026.08.27 18:56:33][Error][WCC] Failed to cook 'gameplay\gui_new\actionscript\scaleform\clik\data\databinding.as' !
[2026.08.27 18:56:33][Info][WCC] Start cooking gameplay\gui_new\actionscript\scaleform\clik\data\dataprovider.as
[2026.08.27 18:56:33][Error][WCC] Failed to load 'gameplay\gui_new\actionscript\scaleform\clik\data\dataprovider.as' - is this a resource
[2026.08.27 18:56:33][Error][WCC] Failed to cook 'gameplay\gui_new\actionscript\scaleform\clik\data\dataprovider.as' !
[2026.08.27 18:56:33][Info][WCC] Start cooking gameplay\gui_new\actionscript\scaleform\clik\data\listdata.as
[2026.08.27 18:56:33][Error][WCC] Failed to load 'gameplay\gui_new\actionscript\scaleform\clik\data\listdata.as' - is this a resource
[2026.08.27 18:56:33][Error][WCC] Failed to cook 'gameplay\gui_new\actionscript\scaleform\clik\data\listdata.as' !
[2026.08.27 18:56:33][Info][WCC] Start cooking gameplay\gui_new\actionscript\scaleform\clik\events\buttonbarevent.as
[2026.08.27 18:56:33][Error][WCC] Failed to load 'gameplay\gui_new\actionscript\scaleform\clik\events\buttonbarevent.as' - is this a resource
[2026.08.27 18:56:33][Error][WCC] Failed to cook 'gameplay\gui_new\actionscript\scaleform\clik\events\buttonbarevent.as' !
[2026.08.27 18:56:33][Info][WCC] Start cooking gameplay\gui_new\actionscript\scaleform\clik\events\buttonevent.as
[2026.08.27 18:56:33][Error][WCC] Failed to load 'gameplay\gui_new\actionscript\scaleform\clik\events\buttonevent.as' - is this a resource
[2026.08.27 18:56:33][Error][WCC] Failed to cook 'gameplay\gui_new\actionscript\scaleform\clik\events\buttonevent.as' !
[2026.08.27 18:56:33][Info][WCC] Start cooking gameplay\gui_new\actionscript\scaleform\clik\events\componentevent.as
[2026.08.27 18:56:33][Error][WCC] Failed to load 'gameplay\gui_new\actionscript\scaleform\clik\events\componentevent.as' - is this a resource
[2026.08.27 18:56:33][Error][WCC] Failed to cook 'gameplay\gui_new\actionscript\scaleform\clik\events\componentevent.as' !
[2026.08.27 18:56:33][Info][WCC] Start cooking gameplay\gui_new\actionscript\scaleform\clik\events\dialogevent.as
[2026.08.27 18:56:33][Error][WCC] Failed to load 'gameplay\gui_new\actionscript\scaleform\clik\events\dialogevent.as' - is this a resource
[2026.08.27 18:56:33][Error][WCC] Failed to cook 'gameplay\gui_new\actionscript\scaleform\clik\events\dialogevent.as' !
[2026.08.27 18:56:33][Info][WCC] Start cooking gameplay\gui_new\actionscript\scaleform\clik\events\dragevent.as
[2026.08.27 18:56:33][Error][WCC] Failed to load 'gameplay\gui_new\actionscript\scaleform\clik\events\dragevent.as' - is this a resource
[2026.08.27 18:56:33][Error][WCC] Failed to cook 'gameplay\gui_new\actionscript\scaleform\clik\events\dragevent.as' !
[2026.08.27 18:56:33][Info][WCC] Start cooking gameplay\gui_new\actionscript\scaleform\clik\events\focushandlerevent.as
[2026.08.27 18:56:33][Error][WCC] Failed to load 'gameplay\gui_new\actionscript\scaleform\clik\events\focushandlerevent.as' - is this a resource
[2026.08.27 18:56:33][Error][WCC] Failed to cook 'gameplay\gui_new\actionscript\scaleform\clik\events\focushandlerevent.as' !
[2026.08.27 18:56:33][Info][WCC] Start cooking gameplay\gui_new\actionscript\scaleform\clik\events\indexevent.as
[2026.08.27 18:56:33][Error][WCC] Failed to load 'gameplay\gui_new\actionscript\scaleform\clik\events\indexevent.as' - is this a resource
[2026.08.27 18:56:33][Error][WCC] Failed to cook 'gameplay\gui_new\actionscript\scaleform\clik\events\indexevent.as' !
[2026.08.27 18:56:33][Info][WCC] Start cooking gameplay\gui_new\actionscript\scaleform\clik\events\inputevent.as
[2026.08.27 18:56:33][Error][WCC] Failed to load 'gameplay\gui_new\actionscript\scaleform\clik\events\inputevent.as' - is this a resource
[2026.08.27 18:56:33][Error][WCC] Failed to cook 'gameplay\gui_new\actionscript\scaleform\clik\events\inputevent.as' !
[2026.08.27 18:56:33][Info][WCC] Start cooking gameplay\gui_new\actionscript\scaleform\clik\events\listevent.as
[2026.08.27 18:56:33][Error][WCC] Failed to load 'gameplay\gui_new\actionscript\scaleform\clik\events\listevent.as' - is this a resource
[2026.08.27 18:56:33][Error][WCC] Failed to cook 'gameplay\gui_new\actionscript\scaleform\clik\events\listevent.as' !
[2026.08.27 18:56:33][Info][WCC] Start cooking gameplay\gui_new\actionscript\scaleform\clik\events\resizeevent.as
[2026.08.27 18:56:33][Error][WCC] Failed to load 'gameplay\gui_new\actionscript\scaleform\clik\events\resizeevent.as' - is this a resource
[2026.08.27 18:56:33][Error][WCC] Failed to cook 'gameplay\gui_new\actionscript\scaleform\clik\events\resizeevent.as' !
[2026.08.27 18:56:33][Info][WCC] Start cooking gameplay\gui_new\actionscript\scaleform\clik\events\sliderevent.as
[2026.08.27 18:56:33][Error][WCC] Failed to load 'gameplay\gui_new\actionscript\scaleform\clik\events\sliderevent.as' - is this a resource
[2026.08.27 18:56:33][Error][WCC] Failed to cook 'gameplay\gui_new\actionscript\scaleform\clik\events\sliderevent.as' !
[2026.08.27 18:56:33][Info][WCC] Start cooking gameplay\gui_new\actionscript\scaleform\clik\interfaces\idataprovider.as
[2026.08.27 18:56:33][Error][WCC] Failed to load 'gameplay\gui_new\actionscript\scaleform\clik\interfaces\idataprovider.as' - is this a resource
[2026.08.27 18:56:33][Error][WCC] Failed to cook 'gameplay\gui_new\actionscript\scaleform\clik\interfaces\idataprovider.as' !
[2026.08.27 18:56:33][Info][WCC] Start cooking gameplay\gui_new\actionscript\scaleform\clik\interfaces\idragslot.as
[2026.08.27 18:56:33][Error][WCC] Failed to load 'gameplay\gui_new\actionscript\scaleform\clik\interfaces\idragslot.as' - is this a resource
[2026.08.27 18:56:33][Error][WCC] Failed to cook 'gameplay\gui_new\actionscript\scaleform\clik\interfaces\idragslot.as' !
[2026.08.27 18:56:33][Info][WCC] Start cooking gameplay\gui_new\actionscript\scaleform\clik\interfaces\ilistitemrenderer.as
[2026.08.27 18:56:33][Error][WCC] Failed to load 'gameplay\gui_new\actionscript\scaleform\clik\interfaces\ilistitemrenderer.as' - is this a resource
[2026.08.27 18:56:33][Error][WCC] Failed to cook 'gameplay\gui_new\actionscript\scaleform\clik\interfaces\ilistitemrenderer.as' !
[2026.08.27 18:56:33][Info][WCC] Start cooking gameplay\gui_new\actionscript\scaleform\clik\interfaces\iscrollbar.as
[2026.08.27 18:56:33][Error][WCC] Failed to load 'gameplay\gui_new\actionscript\scaleform\clik\interfaces\iscrollbar.as' - is this a resource
[2026.08.27 18:56:33][Error][WCC] Failed to cook 'gameplay\gui_new\actionscript\scaleform\clik\interfaces\iscrollbar.as' !
[2026.08.27 18:56:33][Info][WCC] Start cooking gameplay\gui_new\actionscript\scaleform\clik\interfaces\iuicomponent.as
[2026.08.27 18:56:33][Error][WCC] Failed to load 'gameplay\gui_new\actionscript\scaleform\clik\interfaces\iuicomponent.as' - is this a resource
[2026.08.27 18:56:33][Error][WCC] Failed to cook 'gameplay\gui_new\actionscript\scaleform\clik\interfaces\iuicomponent.as' !
[2026.08.27 18:56:33][Info][WCC] Start cooking gameplay\gui_new\actionscript\scaleform\clik\layout\layout.as
[2026.08.27 18:56:33][Error][WCC] Failed to load 'gameplay\gui_new\actionscript\scaleform\clik\layout\layout.as' - is this a resource
[2026.08.27 18:56:33][Error][WCC] Failed to cook 'gameplay\gui_new\actionscript\scaleform\clik\layout\layout.as' !
[2026.08.27 18:56:33][Info][WCC] Start cooking gameplay\gui_new\actionscript\scaleform\clik\layout\layoutdata.as
[2026.08.27 18:56:33][Error][WCC] Failed to load 'gameplay\gui_new\actionscript\scaleform\clik\layout\layoutdata.as' - is this a resource
[2026.08.27 18:56:33][Error][WCC] Failed to cook 'gameplay\gui_new\actionscript\scaleform\clik\layout\layoutdata.as' !
[2026.08.27 18:56:33][Info][WCC] Start cooking gameplay\gui_new\actionscript\scaleform\clik\managers\dragmanager.as
[2026.08.27 18:56:33][Error][WCC] Failed to load 'gameplay\gui_new\actionscript\scaleform\clik\managers\dragmanager.as' - is this a resource
[2026.08.27 18:56:33][Error][WCC] Failed to cook 'gameplay\gui_new\actionscript\scaleform\clik\managers\dragmanager.as' !
[2026.08.27 18:56:33][Info][WCC] Start cooking gameplay\gui_new\actionscript\scaleform\clik\managers\focushandler.as
[2026.08.27 18:56:33][Error][WCC] Failed to load 'gameplay\gui_new\actionscript\scaleform\clik\managers\focushandler.as' - is this a resource
[2026.08.27 18:56:33][Error][WCC] Failed to cook 'gameplay\gui_new\actionscript\scaleform\clik\managers\focushandler.as' !
[2026.08.27 18:56:33][Info][WCC] Start cooking gameplay\gui_new\actionscript\scaleform\clik\managers\inputdelegate.as
[2026.08.27 18:56:33][Error][WCC] Failed to load 'gameplay\gui_new\actionscript\scaleform\clik\managers\inputdelegate.as' - is this a resource
[2026.08.27 18:56:33][Error][WCC] Failed to cook 'gameplay\gui_new\actionscript\scaleform\clik\managers\inputdelegate.as' !
[2026.08.27 18:56:33][Info][WCC] Start cooking gameplay\gui_new\actionscript\scaleform\clik\managers\popupmanager.as
[2026.08.27 18:56:33][Error][WCC] Failed to load 'gameplay\gui_new\actionscript\scaleform\clik\managers\popupmanager.as' - is this a resource
[2026.08.27 18:56:33][Error][WCC] Failed to cook 'gameplay\gui_new\actionscript\scaleform\clik\managers\popupmanager.as' !
[2026.08.27 18:56:33][Info][WCC] Start cooking gameplay\gui_new\actionscript\scaleform\clik\motion\tween.as
[2026.08.27 18:56:33][Error][WCC] Failed to load 'gameplay\gui_new\actionscript\scaleform\clik\motion\tween.as' - is this a resource
[2026.08.27 18:56:33][Error][WCC] Failed to cook 'gameplay\gui_new\actionscript\scaleform\clik\motion\tween.as' !
[2026.08.27 18:56:33][Info][WCC] Start cooking gameplay\gui_new\actionscript\scaleform\clik\ui\inputdetails.as
[2026.08.27 18:56:33][Error][WCC] Failed to load 'gameplay\gui_new\actionscript\scaleform\clik\ui\inputdetails.as' - is this a resource
[2026.08.27 18:56:33][Error][WCC] Failed to cook 'gameplay\gui_new\actionscript\scaleform\clik\ui\inputdetails.as' !
[2026.08.27 18:56:33][Info][WCC] Start cooking gameplay\gui_new\actionscript\scaleform\clik\utils\constrainedelement.as
[2026.08.27 18:56:33][Error][WCC] Failed to load 'gameplay\gui_new\actionscript\scaleform\clik\utils\constrainedelement.as' - is this a resource
[2026.08.27 18:56:33][Error][WCC] Failed to cook 'gameplay\gui_new\actionscript\scaleform\clik\utils\constrainedelement.as' !
[2026.08.27 18:56:33][Info][WCC] Start cooking gameplay\gui_new\actionscript\scaleform\clik\utils\constraints.as
[2026.08.27 18:56:33][Error][WCC] Failed to load 'gameplay\gui_new\actionscript\scaleform\clik\utils\constraints.as' - is this a resource
[2026.08.27 18:56:33][Error][WCC] Failed to cook 'gameplay\gui_new\actionscript\scaleform\clik\utils\constraints.as' !
[2026.08.27 18:56:33][Info][WCC] Start cooking gameplay\gui_new\actionscript\scaleform\clik\utils\gamecenterinterface.as
[2026.08.27 18:56:33][Error][WCC] Failed to load 'gameplay\gui_new\actionscript\scaleform\clik\utils\gamecenterinterface.as' - is this a resource
[2026.08.27 18:56:33][Error][WCC] Failed to cook 'gameplay\gui_new\actionscript\scaleform\clik\utils\gamecenterinterface.as' !
[2026.08.27 18:56:33][Info][WCC] Start cooking gameplay\gui_new\actionscript\scaleform\clik\utils\padding.as
[2026.08.27 18:56:33][Error][WCC] Failed to load 'gameplay\gui_new\actionscript\scaleform\clik\utils\padding.as' - is this a resource
[2026.08.27 18:56:33][Error][WCC] Failed to cook 'gameplay\gui_new\actionscript\scaleform\clik\utils\padding.as' !
[2026.08.27 18:56:33][Info][WCC] Start cooking gameplay\gui_new\actionscript\scaleform\clik\utils\weakreference.as
[2026.08.27 18:56:33][Error][WCC] Failed to load 'gameplay\gui_new\actionscript\scaleform\clik\utils\weakreference.as' - is this a resource
[2026.08.27 18:56:33][Error][WCC] Failed to cook 'gameplay\gui_new\actionscript\scaleform\clik\utils\weakreference.as' !
[2026.08.27 18:56:33][Info][WCC] Start cooking gameplay\gui_new\actionscript\scaleform\gfx\displayobjectex.as
[2026.08.27 18:56:33][Error][WCC] Failed to load 'gameplay\gui_new\actionscript\scaleform\gfx\displayobjectex.as' - is this a resource
[2026.08.27 18:56:33][Error][WCC] Failed to cook 'gameplay\gui_new\actionscript\scaleform\gfx\displayobjectex.as' !
[2026.08.27 18:56:33][Info][WCC] Start cooking gameplay\gui_new\actionscript\scaleform\gfx\extensions.as
[2026.08.27 18:56:33][Error][WCC] Failed to load 'gameplay\gui_new\actionscript\scaleform\gfx\extensions.as' - is this a resource
[2026.08.27 18:56:33][Error][WCC] Failed to cook 'gameplay\gui_new\actionscript\scaleform\gfx\extensions.as' !
[2026.08.27 18:56:33][Info][WCC] Start cooking gameplay\gui_new\actionscript\scaleform\gfx\focuseventex.as
[2026.08.27 18:56:33][Error][WCC] Failed to load 'gameplay\gui_new\actionscript\scaleform\gfx\focuseventex.as' - is this a resource
[2026.08.27 18:56:33][Error][WCC] Failed to cook 'gameplay\gui_new\actionscript\scaleform\gfx\focuseventex.as' !
[2026.08.27 18:56:33][Info][WCC] Start cooking gameplay\gui_new\actionscript\scaleform\gfx\focusmanager.as
[2026.08.27 18:56:33][Error][WCC] Failed to load 'gameplay\gui_new\actionscript\scaleform\gfx\focusmanager.as' - is this a resource
[2026.08.27 18:56:33][Error][WCC] Failed to cook 'gameplay\gui_new\actionscript\scaleform\gfx\focusmanager.as' !
[2026.08.27 18:56:33][Info][WCC] Start cooking gameplay\gui_new\actionscript\scaleform\gfx\gamepad.as
[2026.08.27 18:56:33][Error][WCC] Failed to load 'gameplay\gui_new\actionscript\scaleform\gfx\gamepad.as' - is this a resource
[2026.08.27 18:56:33][Error][WCC] Failed to cook 'gameplay\gui_new\actionscript\scaleform\gfx\gamepad.as' !
[2026.08.27 18:56:33][Info][WCC] Start cooking gameplay\gui_new\actionscript\scaleform\gfx\gamepadanalogevent.as
[2026.08.27 18:56:33][Error][WCC] Failed to load 'gameplay\gui_new\actionscript\scaleform\gfx\gamepadanalogevent.as' - is this a resource
[2026.08.27 18:56:33][Error][WCC] Failed to cook 'gameplay\gui_new\actionscript\scaleform\gfx\gamepadanalogevent.as' !
[2026.08.27 18:56:33][Info][WCC] Start cooking gameplay\gui_new\actionscript\scaleform\gfx\interactiveobjectex.as
[2026.08.27 18:56:33][Error][WCC] Failed to load 'gameplay\gui_new\actionscript\scaleform\gfx\interactiveobjectex.as' - is this a resource
[2026.08.27 18:56:33][Error][WCC] Failed to cook 'gameplay\gui_new\actionscript\scaleform\gfx\interactiveobjectex.as' !
[2026.08.27 18:56:33][Info][WCC] Start cooking gameplay\gui_new\actionscript\scaleform\gfx\keyboardeventex.as
[2026.08.27 18:56:33][Error][WCC] Failed to load 'gameplay\gui_new\actionscript\scaleform\gfx\keyboardeventex.as' - is this a resource
[2026.08.27 18:56:33][Error][WCC] Failed to cook 'gameplay\gui_new\actionscript\scaleform\gfx\keyboardeventex.as' !
[2026.08.27 18:56:33][Info][WCC] Start cooking gameplay\gui_new\actionscript\scaleform\gfx\mousecursorevent.as
[2026.08.27 18:56:33][Error][WCC] Failed to load 'gameplay\gui_new\actionscript\scaleform\gfx\mousecursorevent.as' - is this a resource
[2026.08.27 18:56:33][Error][WCC] Failed to cook 'gameplay\gui_new\actionscript\scaleform\gfx\mousecursorevent.as' !
[2026.08.27 18:56:33][Info][WCC] Start cooking gameplay\gui_new\actionscript\scaleform\gfx\mouseeventex.as
[2026.08.27 18:56:33][Error][WCC] Failed to load 'gameplay\gui_new\actionscript\scaleform\gfx\mouseeventex.as' - is this a resource
[2026.08.27 18:56:33][Error][WCC] Failed to cook 'gameplay\gui_new\actionscript\scaleform\gfx\mouseeventex.as' !
[2026.08.27 18:56:33][Info][WCC] Start cooking gameplay\gui_new\actionscript\scaleform\gfx\systemex.as
[2026.08.27 18:56:33][Error][WCC] Failed to load 'gameplay\gui_new\actionscript\scaleform\gfx\systemex.as' - is this a resource
[2026.08.27 18:56:33][Error][WCC] Failed to cook 'gameplay\gui_new\actionscript\scaleform\gfx\systemex.as' !
[2026.08.27 18:56:33][Info][WCC] Start cooking gameplay\gui_new\actionscript\scaleform\gfx\texteventex.as
[2026.08.27 18:56:33][Error][WCC] Failed to load 'gameplay\gui_new\actionscript\scaleform\gfx\texteventex.as' - is this a resource
[2026.08.27 18:56:33][Error][WCC] Failed to cook 'gameplay\gui_new\actionscript\scaleform\gfx\texteventex.as' !
[2026.08.27 18:56:33][Info][WCC] Start cooking gameplay\gui_new\actionscript\scaleform\gfx\textfieldex.as
[2026.08.27 18:56:33][Error][WCC] Failed to load 'gameplay\gui_new\actionscript\scaleform\gfx\textfieldex.as' - is this a resource
[2026.08.27 18:56:33][Error][WCC] Failed to cook 'gameplay\gui_new\actionscript\scaleform\gfx\textfieldex.as' !
[2026.08.27 18:56:33][Info][WCC] Start cooking gameplay\gui_new\fla\witcher3\menus\common\menucommon.fla
[2026.08.27 18:56:33][Error][WCC] Failed to load 'gameplay\gui_new\fla\witcher3\menus\common\menucommon.fla' - is this a resource
[2026.08.27 18:56:33][Error][WCC] Failed to cook 'gameplay\gui_new\fla\witcher3\menus\common\menucommon.fla' !
[2026.08.27 18:56:33][Info][WCC] Start cooking gameplay\gui_new\fla\witcher3\menus\common\recover_menucommon.fla
[2026.08.27 18:56:33][Error][WCC] Failed to load 'gameplay\gui_new\fla\witcher3\menus\common\recover_menucommon.fla' - is this a resource
[2026.08.27 18:56:33][Error][WCC] Failed to cook 'gameplay\gui_new\fla\witcher3\menus\common\recover_menucommon.fla' !
[2026.08.27 18:56:33][Info][WCC] Start cooking gameplay\gui_new\fla\witcher3\menus\inventory\menuinventory.fla
[2026.08.27 18:56:33][Error][WCC] Failed to load 'gameplay\gui_new\fla\witcher3\menus\inventory\menuinventory.fla' - is this a resource
[2026.08.27 18:56:33][Error][WCC] Failed to cook 'gameplay\gui_new\fla\witcher3\menus\inventory\menuinventory.fla' !
[2026.08.27 18:56:33][Info][WCC] Start cooking gameplay\gui_new\fla\witcher3\menus\mapmenu\panel_worldmap.fla
[2026.08.27 18:56:33][Error][WCC] Failed to load 'gameplay\gui_new\fla\witcher3\menus\mapmenu\panel_worldmap.fla' - is this a resource
[2026.08.27 18:56:33][Error][WCC] Failed to cook 'gameplay\gui_new\fla\witcher3\menus\mapmenu\panel_worldmap.fla' !
[2026.08.27 18:56:33][Info][WCC] Start cooking gameplay\gui_new\swf\common\panel_common.redswf
[2026.08.27 18:56:33][Info][Gui] SWF file magic 'CFX.' (0x00584643)
[2026.08.27 18:56:33][Info][TextureStreaming] Canceling texture streaming
[2026.08.27 18:56:33][Info][TextureStreaming] Canceling texture streaming
[2026.08.27 18:56:33][Info][TextureStreaming] Canceling texture streaming
[2026.08.27 18:56:33][Info][TextureStreaming] Canceling texture streaming
[2026.08.27 18:56:33][Info][WCC] Start cooking gameplay\gui_new\swf\common\panel_common.swf
[2026.08.27 18:56:33][Info][WCC] Biggest BLAS size = 0 kb - ''
[2026.08.27 18:56:33][Info][WCC] Cooker data base saved in 0.00s (781 entries, 0.17 MB)
[2026.08.27 18:56:33][Info][WCC] Cooking finished in 0.04s
[2026.08.27 18:56:33][Info][WCC] Cooked 781 files in total
[2026.08.27 18:56:33][Info][WCC] Total loading time: 0.01s
[2026.08.27 18:56:33][Info][WCC] Total saving time: 0.00s
[2026.08.27 18:56:33][Info][WCC] Total cooking time: 0.00s (5 objects)
[2026.08.27 18:56:33][Info][WCC] Per class cooking stats (2 classes):
[2026.08.27 18:56:33][Info][WCC]   0.001s: CSwfTexture (4 objects)
[2026.08.27 18:56:33][Info][WCC]   0.000s: CSwfResource (1 objects)
[2026.08.27 18:56:33][Info][WCC] Cooker data base saved in 0.00s (781 entries, 0.17 MB)
[2026.08.27 18:56:33][Info][Cooker] Flushing texture cache...
[2026.08.27 18:56:33][Info][Editor] ModCooker: Step Cook has been started!
[2026.08.27 18:56:33][Info][Editor] ModCooker: Step Cook has finished!
[2026.08.27 18:56:33][Error][SoundModCooker] Fatal Error: WWISE installation not found, please install it from https://www.audiokinetic.com/
 - The WWISE version must not be newer than 2021.1.14

The Editor searches in these places (in this order):
 - In the default installation folder: "C:\Program Files (x86)\Audiokinetic\Wwise..."
 - In the system's PATH, as "WwiseCLI.exe" or "WwiseConsole.exe"
 - In "tools\wwise\x64\Release\bin\WwiseCLI.exe"

[2026.08.27 18:56:33][Info][Editor] ModCooker: Step CompileSounds has been started!
[2026.08.27 18:56:33][Info][Editor] ModCooker: Step CompileSounds has finished!
[2026.08.27 18:56:33][Info][Core] Reachability		 52.97 ms
[2026.08.27 18:56:33][Info][Core] Collecting unreachables 0.34 ms
[2026.08.27 18:56:33][Info][Core] GC 129269->129264, 511 roots, 53.42 ms
[2026.08.27 18:56:33][Info][Core] Reachability		 52.42 ms
[2026.08.27 18:56:33][Info][Core] Collecting unreachables 0.32 ms
[2026.08.27 18:56:33][Info][Core] GC 129264->129264, 511 roots, 52.79 ms
[2026.08.27 18:56:33][Info][Core] Reachability		 50.94 ms
[2026.08.27 18:56:33][Info][Core] Collecting unreachables 0.31 ms
[2026.08.27 18:56:33][Info][Core] GC 129264->129264, 511 roots, 51.30 ms
[2026.08.27 18:56:33][Info][Core] Reachability		 51.14 ms
[2026.08.27 18:56:33][Info][Core] Collecting unreachables 0.31 ms
[2026.08.27 18:56:33][Info][Core] GC 129264->129264, 511 roots, 51.48 ms
[2026.08.27 18:56:34][Info][Core] Reachability		 49.29 ms
[2026.08.27 18:56:34][Info][Core] Collecting unreachables 0.35 ms
[2026.08.27 18:56:34][Info][Core] GC 129264->129264, 511 roots, 49.69 ms
[2026.08.27 18:56:34][Info][Core] Reachability		 50.30 ms
[2026.08.27 18:56:34][Info][Core] Collecting unreachables 0.32 ms
[2026.08.27 18:56:34][Info][Core] GC 129264->129264, 511 roots, 50.66 ms
[2026.08.27 18:56:34][Info][Core] Reachability		 54.10 ms
[2026.08.27 18:56:34][Info][Core] Collecting unreachables 0.34 ms
[2026.08.27 18:56:34][Info][Core] GC 129264->129264, 511 roots, 54.49 ms
[2026.08.27 18:56:34][Info][Core] Reachability		 53.45 ms
[2026.08.27 18:56:34][Info][Core] Collecting unreachables 0.35 ms
[2026.08.27 18:56:34][Info][Core] GC 129264->129264, 511 roots, 53.85 ms
[2026.08.27 18:56:34][Info][Core] Reachability		 53.65 ms
[2026.08.27 18:56:34][Info][Core] Collecting unreachables 0.34 ms
[2026.08.27 18:56:34][Info][Core] GC 129264->129264, 511 roots, 54.04 ms
[2026.08.27 18:56:34][Info][Core] Reachability		 52.78 ms
[2026.08.27 18:56:34][Info][Core] Collecting unreachables 0.36 ms
[2026.08.27 18:56:34][Info][Core] GC 129264->129264, 511 roots, 53.18 ms
[2026.08.27 18:56:34][Info][Core] Reachability		 52.06 ms
[2026.08.27 18:56:34][Info][Core] Collecting unreachables 0.33 ms
[2026.08.27 18:56:34][Info][Core] GC 129264->129264, 511 roots, 52.44 ms
[2026.08.27 18:56:34][Info][Core] Reachability		 49.53 ms
[2026.08.27 18:56:34][Info][Core] Collecting unreachables 0.33 ms
[2026.08.27 18:56:34][Info][Core] GC 129264->129264, 511 roots, 49.90 ms
[2026.08.27 18:56:34][Info][Core] Reachability		 50.29 ms
[2026.08.27 18:56:34][Info][Core] Collecting unreachables 0.34 ms
[2026.08.27 18:56:34][Info][Core] GC 129264->129264, 511 roots, 50.68 ms
[2026.08.27 18:56:34][Info][Core] Reachability		 49.07 ms
[2026.08.27 18:56:34][Info][Core] Collecting unreachables 0.34 ms
[2026.08.27 18:56:34][Info][Core] GC 129264->129264, 511 roots, 49.45 ms
[2026.08.27 18:56:34][Info][Core] Reachability		 54.12 ms
[2026.08.27 18:56:34][Info][Core] Collecting unreachables 0.36 ms
[2026.08.27 18:56:34][Info][Core] GC 129264->129264, 511 roots, 54.52 ms
[2026.08.27 18:56:34][Info][Core] Reachability		 53.92 ms
[2026.08.27 18:56:34][Info][Core] Collecting unreachables 0.32 ms
[2026.08.27 18:56:34][Info][Core] GC 129264->129264, 511 roots, 54.29 ms
[2026.08.27 18:56:34][Info][Core] Reachability		 52.19 ms
[2026.08.27 18:56:34][Info][Core] Collecting unreachables 0.39 ms
[2026.08.27 18:56:34][Info][Core] GC 129264->129264, 511 roots, 52.63 ms
[2026.08.27 18:56:34][Info][Editor] ModCooker: Step CompileSpeech has been started!
[2026.08.27 18:56:34][Info][Editor] ModCooker: Step CompileSpeech has finished!
[2026.08.27 18:56:34][Info][Editor] ModCooker: Step VerifyAndCopy has been started!
[2026.08.27 18:56:34][Info][Editor] ModCooker: Step VerifyAndCopy has finished!
[2026.08.27 18:56:34][Info][WCC] Loading cooker data base...
[2026.08.27 18:56:34][Info][WCC] Parsing cooker data base...
[2026.08.27 18:56:34][Info][WCC] Parsed 781 existing entries from cooker data base in 0.00s
[2026.08.27 18:56:34][Info][Editor] ModCooker: Step CollisionCache has been started!
[2026.08.27 18:56:34][Info][Editor] ModCooker: Step CollisionCache has finished!
[2026.08.27 18:56:34][Info][WCC] Loading cooker data base...
[2026.08.27 18:56:34][Info][WCC] Parsing cooker data base...
[2026.08.27 18:56:34][Info][WCC] Parsed 781 existing entries from cooker data base in 0.00s
[2026.08.27 18:56:34][Info][Editor] ModCooker: Step TextureCache has been started!
[2026.08.27 18:56:34][Info][Editor] ModCooker: Step TextureCache has finished!
[2026.08.27 18:56:34][Info][WCC] Compressing 'gameplay\gui_new\swf\common\panel_common.redswf'...
[2026.08.27 18:56:34][Info][WCC] Compressing 'gameplay\gui_new\swf\common\panel_common.swf'...
[2026.08.27 18:56:34][Error][WCC] Compression of file 'd:\games\_modding\w3modding\redkit\projects\myproject\cooked\gameplay\gui_new\swf\common\panel_common.swf' failed for some reason. Storing as uncompressed.
[2026.08.27 18:56:34][Info][WCC] Bundle 'd:\games\_modding\w3modding\redkit\projects\myproject\packed\mods\modmyproject\content\blob0.bundle' saved, 2 files, 1716.00 KB of data
[2026.08.27 18:56:34][Info][Editor] ModCooker: Step CreateBundles has been started!
[2026.08.27 18:56:34][Info][Editor] ModCooker: Step CreateBundles has finished!
[2026.08.27 18:56:35][Info][WCC] Loaded 1 bundles with 2 entries
[2026.08.27 18:56:35][Info][WCC] Ignored censorship for 0 files
[2026.08.27 18:56:35][Info][WCC] Analyzing buffers....
[2026.08.27 18:56:35][Info][WCC] Number of buffers: 0
[2026.08.27 18:56:35][Info][WCC] Number of files with buffers: 0
[2026.08.27 18:56:35][Info][WCC] Max buffer ID: 0
[2026.08.27 18:56:35][Info][Core] Found 5 directories in bundle file mapping (2 files)
[2026.08.27 18:56:35][Info][Core] Used 0.03KB for directory names
[2026.08.27 18:56:35][Info][Core] Used 0.00KB for file names
[2026.08.27 18:56:35][Info][WCC] Exported 0.13 KB of text (discardable)
[2026.08.27 18:56:35][Info][WCC] Exported 1 bundles (0.05 KB)
[2026.08.27 18:56:35][Info][WCC] Exported 2 entries (0.06 KB)
[2026.08.27 18:56:35][Info][WCC] Exported 2 files (0.09 KB)
[2026.08.27 18:56:35][Info][WCC] Created 0 buffers (0.00 KB)
[2026.08.27 18:56:35][Info][WCC] Created 0.09 KB in initialization data
[2026.08.27 18:56:35][Info][WCC]   Bundle blob0.bundle:
[2026.08.27 18:56:35][Info][WCC]     NumEntries: 2
[2026.08.27 18:56:35][Info][WCC]     NumBuffers: 0
[2026.08.27 18:56:35][Info][WCC]     NumResources: 2 (0 owning buffers)
[2026.08.27 18:56:35][Info][WCC]     TotalDataSize: 1709.29 KB
[2026.08.27 18:56:35][Info][WCC]     BurstDataSize: 1715.34 KB
[2026.08.27 18:56:35][Info][WCC] -------------------------------------------------------
[2026.08.27 18:56:35][Info][WCC] -- Per extension stats for normal files
[2026.08.27 18:56:35][Info][WCC] -------------------------------------------------------
[2026.08.27 18:56:35][Info][WCC]    redswf: 1 files, 1.78 MB -> 0.75 MB (ratio: 0.421)
[2026.08.27 18:56:35][Info][WCC]    swf: 1 files, 0.92 MB -> 0.92 MB (ratio: 1.000)
[2026.08.27 18:56:35][Info][WCC] -------------------------------------------------------
[2026.08.27 18:56:35][Info][WCC] -------------------------------------------------------
[2026.08.27 18:56:35][Info][WCC] -- Compression statistics for redswf
[2026.08.27 18:56:35][Info][WCC] -------------------------------------------------------
[2026.08.27 18:56:35][Info][WCC]   lz4hc: 1 files, 1.78MB -> 0.75MB (ratio: 0.421)
[2026.08.27 18:56:35][Info][WCC] -------------------------------------------------------
[2026.08.27 18:56:35][Info][WCC] -------------------------------------------------------
[2026.08.27 18:56:35][Info][WCC] -- Compression statistics for swf
[2026.08.27 18:56:35][Info][WCC] -------------------------------------------------------
[2026.08.27 18:56:35][Info][WCC]    none: 1 files, 0.92MB -> 0.92MB (ratio: 1.000)
[2026.08.27 18:56:35][Info][WCC] -------------------------------------------------------
[2026.08.27 18:56:35][Info][WCC] -------------------------------------------------------
[2026.08.27 18:56:35][Info][WCC] -- Per extension stats for buffer files
[2026.08.27 18:56:35][Info][WCC] -------------------------------------------------------
[2026.08.27 18:56:35][Info][WCC] -------------------------------------------------------
[2026.08.27 18:56:35][Info][WCC] -------------------------------------------------------
[2026.08.27 18:56:35][Info][WCC] -- Compression statistics for totals
[2026.08.27 18:56:35][Info][WCC] -------------------------------------------------------
[2026.08.27 18:56:35][Info][WCC]    none: 1 files, 0.92MB -> 0.92MB (ratio: 1.000)
[2026.08.27 18:56:35][Info][WCC]   lz4hc: 1 files, 1.78MB -> 0.75MB (ratio: 0.421)
[2026.08.27 18:56:35][Info][WCC] -------------------------------------------------------
[2026.08.27 18:56:35][Error][Editor] Could not remove directory: 'd:\games\_modding\w3modding\redkit\projects\myproject\packed\dlc\'
[2026.08.27 18:56:35][Info][Editor] ModCooker: Step CreateMetadataStores has been started!
[2026.08.27 18:56:35][Info][Editor] ModCooker: Step CreateMetadataStores has finished!
